restaurant_id,cuisines,primary_cuisine,aggregate_rating,price_range,average_cost_for_two,votes,popularity_score
6317637,"french, japanese, desserts",french,4.8,3,1100,314,0.3
6304287,japanese,japanese,4.5,3,1200,591,0.3
6300002,"seafood, asian, filipino, indian",seafood,4.4,4,4000,270,0.3
6318506,"japanese, sushi",japanese,4.9,4,1500,365,0.3
6314302,"japanese, korean",japanese,4.8,4,1500,229,0.3
18189371,chinese,chinese,4.4,3,1000,336,0.3
6300781,"asian, european",asian,4.0,4,2000,520,0.3
6301290,"seafood, filipino, asian, european",seafood,4.2,4,2000,677,0.3
6300010,"european, asian, indian",european,4.9,4,6000,621,0.3
6314987,filipino,filipino,4.8,3,1100,532,0.3
6309903,"filipino, mexican",filipino,4.9,3,800,1070,0.3
6309455,"american, ice cream, desserts",american,4.2,3,900,488,0.3
6318433,"filipino, mexican",filipino,4.8,3,800,294,0.3
6310470,filipino,filipino,4.2,3,1000,458,0.3
6314605,korean,korean,4.3,3,700,223,0.3
18185059,"cafe, american, italian, filipino",cafe,3.6,3,800,29,0.3
18182702,"italian, pizza",italian,4.0,3,850,72,0.3
6318213,filipino,filipino,4.5,3,1200,211,0.3
18255654,"cafe, korean, desserts",cafe,4.5,2,600,118,0.3
6308205,"cafe, bakery, american, italian",cafe,4.4,4,1500,392,0.3
6315438,"seafood, american, mediterranean, japanese",seafood,4.7,4,3000,535,0.3
6310406,"american, asian, italian, seafood",american,4.5,4,1800,618,0.3
6600681,"fast food, french",fast food,3.0,2,55,6,0.3
6601005,cafe,cafe,3.8,1,50,9,0.3
6600292,bakery,bakery,3.7,2,50,11,0.3
6600441,brazilian,brazilian,3.8,3,60,11,0.3
6600970,pizza,pizza,3.2,2,50,11,0.3
6600379,japanese,japanese,3.1,3,80,10,0.3
6600214,arabian,arabian,3.7,3,90,8,0.3
6601218,japanese,japanese,3.7,4,200,5,0.3
6600060,"brazilian, cafe",brazilian,0.0,1,50,2,0.3
6600083,italian,italian,4.1,4,150,12,0.3
6601515,pizza,pizza,3.1,4,100,9,0.3
6601361,"bar food, brazilian",bar food,3.6,3,60,9,0.3
6601602,"mexican, grill",mexican,4.3,4,100,29,0.3
6601589,international,international,4.2,4,230,17,0.3
6601862,"peruvian, latin american",peruvian,3.6,4,100,5,0.3
6601595,"american, grill",american,4.0,4,150,10,0.3
6601158,seafood,seafood,3.2,4,240,6,0.3
6600427,international,international,4.9,4,230,30,0.3
6600116,italian,italian,3.3,4,350,8,0.3
6601457,"american, burger",american,3.6,2,50,9,0.3
7303219,"seafood, bar food, brazilian",seafood,4.0,4,140,7,0.3
7304307,"desserts, cafe",desserts,4.8,4,100,29,0.3
7301215,"juices, healthy food",juices,4.7,3,60,24,0.3
7300596,"beverages, bar food, fast food",beverages,4.5,3,90,29,0.3
7300612,lebanese,lebanese,4.2,4,170,11,0.3
7300704,burger,burger,4.8,3,60,19,0.3
7300955,"brazilian, bar food",brazilian,4.9,4,100,40,0.3
7300521,"brazilian, healthy food, juices, pizza",brazilian,4.6,3,90,21,0.3
7300515,"brazilian, bar food",brazilian,4.9,4,120,49,0.3
7300483,brazilian,brazilian,4.6,4,170,21,0.3
7301064,brazilian,brazilian,4.3,3,90,14,0.3
7304312,italian,italian,4.0,4,150,5,0.3
7300004,japanese,japanese,4.6,4,250,25,0.3
7300868,"bakery, sandwich, brazilian",bakery,4.4,4,120,13,0.3
7302637,brazilian,brazilian,4.2,2,50,7,0.3
7302140,"brazilian, seafood",brazilian,4.2,4,250,8,0.3
7305048,"bar food, brazilian",bar food,0.0,3,70,1,0.3
7302898,brazilian,brazilian,4.7,4,300,44,0.3
7302859,"brazilian, bar food",brazilian,4.6,3,85,24,0.3
7301700,"brazilian, bar food",brazilian,4.3,3,80,10,0.3
6706313,"italian, pizza",italian,4.5,4,250,49,0.3
6704326,"steak, bbq",steak,4.4,4,250,17,0.3
6711179,indian,indian,3.1,3,70,5,0.3
6702797,brazilian,brazilian,4.1,4,100,15,0.3
6700475,"beverages, international",beverages,4.8,4,300,59,0.3
6713413,"french, brazilian, beverages",french,4.6,4,120,30,0.3
6714340,"brazilian, grill",brazilian,3.9,3,75,5,0.3
6710645,brazilian,brazilian,0.0,2,55,0,0.3
6700402,french,french,3.4,4,200,73,0.3
6700846,"sushi, japanese",sushi,3.5,4,120,9,0.3
6702159,"bbq, grill, brazilian",bbq,4.3,4,300,39,0.3
6711666,sushi,sushi,3.9,4,230,12,0.3
6701257,"gourmet fast food, burger",gourmet fast food,4.3,4,120,68,0.3
6706211,"brazilian, italian",brazilian,4.3,4,150,46,0.3
6705858,italian,italian,4.4,4,400,37,0.3
6701419,"brazilian, mineira",brazilian,0.0,3,65,2,0.3
6703956,brazilian,brazilian,0.0,2,50,2,0.3
6709580,"brazilian, north eastern",brazilian,4.4,4,100,22,0.3
6703176,"brazilian, bar food, beverages",brazilian,4.6,3,70,58,0.3
6713772,"lebanese, arabian",lebanese,4.1,4,120,11,0.3
17284404,"bbq, burger, seafood",bbq,3.3,2,50,35,0.3
17284203,"american, bbq",american,3.3,1,50,25,0.3
17284105,unknown,unknown,3.4,1,50,34,0.3
17284302,mexican,mexican,3.4,1,50,45,0.3
17284397,"coffee and tea, sandwich",coffee and tea,3.4,1,50,26,0.3
17284211,unknown,unknown,3.4,1,50,36,0.3
17284094,fast food,fast food,3.5,1,50,67,0.3
17284409,"asian, chinese, vegetarian",asian,3.9,1,50,141,0.3
17284139,"pizza, bar food, sandwich",pizza,3.7,2,50,147,0.3
17284403,"steak, tapas, bar food",steak,3.5,4,70,51,0.3
17284145,"chinese, seafood, vegetarian",chinese,3.6,2,50,88,0.3
17284150,chinese,chinese,3.8,1,50,153,0.3
17284158,unknown,unknown,3.9,1,50,160,0.3
17284175,"american, burger, sandwich",american,3.5,2,50,57,0.3
17284179,"american, steak",american,3.5,2,50,58,0.3
17284197,"japanese, steak, sushi",japanese,3.6,3,50,115,0.3
17284241,"japanese, steak, sushi",japanese,3.5,3,50,51,0.3
17284390,"seafood, tapas, bar food",seafood,3.8,3,50,250,0.3
17284279,"italian, pizza",italian,3.7,1,50,117,0.3
17284364,"american, breakfast, diner",american,3.4,1,50,20,0.3
16611114,"bar food, steak",bar food,3.5,2,50,25,0.3
17293281,"american, southern, southwestern",american,4.5,3,50,1821,0.3
17293301,southern,southern,4.5,1,50,849,0.3
17293409,mexican,mexican,4.6,1,50,917,0.3
17293163,"japanese, korean",japanese,3.9,1,50,439,0.3
17293228,"breakfast, burger, sandwich",breakfast,3.7,1,50,289,0.3
17293880,"breakfast, sandwich",breakfast,4.3,1,50,558,0.3
17293169,"american, burger, sandwich",american,4.2,1,50,613,0.3
17293186,"american, italian, pizza",american,4.0,2,50,353,0.3
17293180,"american, italian, pizza",american,4.1,2,50,387,0.3
17293205,american,american,4.3,3,50,755,0.3
17293229,"international, southern, vegetarian",international,4.2,1,50,800,0.3
17293897,sandwich,sandwich,4.1,1,50,350,0.3
17293273,italian,italian,4.1,3,50,464,0.3
17293870,"asian, japanese, sushi",asian,4.2,2,50,550,0.3
17293877,"mexican, spanish",mexican,4.1,1,50,543,0.3
17293890,"international, southern",international,4.1,3,50,465,0.3
17293915,bar food,bar food,4.4,1,50,546,0.3
17293422,"italian, pizza, sandwich",italian,4.4,1,50,1098,0.3
17293873,"burger, bar food",burger,4.2,2,50,579,0.3
17294014,"desserts, latin american, argentine",desserts,4.1,1,50,374,0.3
17294556,"chinese, steak",chinese,4.6,3,50,717,0.3
17294607,"american, caribbean, seafood",american,4.9,3,50,548,0.3
17294279,"international, tapas, vegetarian",international,4.5,2,50,631,0.3
17294300,"desserts, sandwich, southern",desserts,3.9,1,50,372,0.3
17295215,"american, burger",american,3.9,2,50,201,0.3
17295028,"breakfast, french",breakfast,3.8,3,50,332,0.3
17294642,bbq,bbq,3.5,2,50,304,0.3
17295109,american,american,4.3,3,50,368,0.3
17294441,"desserts, italian, pizza",desserts,4.1,2,50,430,0.3
17294552,"italian, pizza, sandwich",italian,4.4,2,50,433,0.3
17294565,mexican,mexican,4.0,1,50,380,0.3
17294623,"bar food, sandwich, seafood",bar food,4.0,2,50,456,0.3
17294712,"mexican, southwestern, sushi",mexican,4.2,3,50,647,0.3
17295033,steak,steak,4.0,3,50,360,0.3
17295069,indian,indian,4.0,2,50,227,0.3
17294261,german,german,3.9,2,50,290,0.3
17295115,vietnamese,vietnamese,4.1,1,50,270,0.3
17294836,"burger, seafood",burger,4.0,2,50,326,0.3
17294850,thai,thai,4.3,3,50,317,0.3
17294883,mexican,mexican,4.2,1,50,300,0.3
16608864,modern australian,modern australian,3.2,2,50,21,0.3
16604911,"pizza, bar food",pizza,4.6,2,50,237,0.3
17303465,"american, bar food",american,4.5,2,50,879,0.3
17303642,"italian, pizza",italian,4.6,2,50,615,0.3
17303670,"breakfast, sandwich",breakfast,4.5,2,50,879,0.3
17303545,"american, seafood, steak",american,3.9,4,70,379,0.3
17303655,"european, spanish",european,4.3,1,50,303,0.3
17304691,"latin american, steak",latin american,4.1,4,70,538,0.3
17303478,"american, burger, sandwich",american,4.2,1,50,334,0.3
17303480,"american, bar food",american,4.3,2,50,555,0.3
17304733,"american, burger",american,4.4,1,50,823,0.3
17303646,pizza,pizza,4.1,2,50,550,0.3
17304929,"american, burger",american,4.4,2,50,650,0.3
17303684,pizza,pizza,4.3,1,50,410,0.3
17303772,mexican,mexican,4.4,1,50,660,0.3
17305123,"italian, seafood, vegetarian",italian,4.4,2,50,360,0.3
17303787,"sushi, thai",sushi,4.0,3,50,340,0.3
17303990,"japanese, sushi, teriyaki",japanese,4.1,2,50,393,0.3
17304741,breakfast,breakfast,4.3,1,50,422,0.3
17304726,brazilian,brazilian,4.0,3,50,435,0.3
17304486,"american, bbq, steak",american,4.0,2,50,369,0.3
17304533,american,american,4.4,3,50,487,0.3
17316233,"american, mediterranean, seafood",american,3.7,3,50,98,0.3
17315883,"italian, pizza",italian,4.1,3,50,365,0.3
17315995,mexican,mexican,4.1,1,50,190,0.3
17316018,"american, breakfast, burger",american,4.1,3,50,429,0.3
17316038,"american, bbq, burger",american,4.4,2,50,430,0.3
17316771,indian,indian,4.2,2,50,186,0.3
17316201,"chinese, sushi, thai",chinese,4.2,1,50,220,0.3
17316208,chinese,chinese,4.2,1,50,347,0.3
17316389,"american, italian, pizza",american,3.8,2,50,161,0.3
17316278,indian,indian,4.1,2,50,160,0.3
17316744,burger,burger,4.9,1,50,820,0.3
17316751,"american, breakfast, burger",american,4.5,1,50,488,0.3
17316766,"breakfast, diner",breakfast,3.6,2,50,253,0.3
17316743,"american, international, sushi",american,3.8,3,50,220,0.3
17316374,pizza,pizza,4.3,2,50,485,0.3
17316381,international,international,4.3,3,50,428,0.3
17316802,"american, breakfast",american,4.1,2,50,294,0.3
17316416,"mediterranean, tapas, vegetarian",mediterranean,4.0,3,50,380,0.3
17316449,bbq,bbq,4.2,2,50,259,0.3
17316603,"pizza, sandwich",pizza,4.7,2,50,433,0.3
16659169,"japanese, sushi",japanese,3.7,2,50,176,0.3
17558684,"american, breakfast, desserts",american,4.3,1,50,96,0.3
18366580,"asian, japanese",asian,3.1,2,50,6,0.3
17330755,"asian, vietnamese",asian,3.3,1,50,33,0.3
17330611,"american, seafood, cajun",american,4.6,2,50,489,0.3
17330609,american,american,4.5,2,50,345,0.3
17330024,"burger, bar food, southern",burger,3.8,2,50,149,0.3
17330074,"pizza, bar food",pizza,3.9,2,50,330,0.3
17330185,"japanese, steak",japanese,3.9,3,50,247,0.3
17330397,"breakfast, diner, southern",breakfast,3.7,1,50,123,0.3
17330735,"japanese, steak, sushi",japanese,3.6,3,50,109,0.3
17330676,"japanese, sushi, thai",japanese,3.7,3,50,134,0.3
17330048,"seafood, steak, vegetarian",seafood,4.2,3,50,722,0.3
17330604,steak,steak,4.3,2,50,213,0.3
17330087,chinese,chinese,4.0,2,50,335,0.3
17330137,"bbq, southern",bbq,4.0,2,50,353,0.3
17330155,"italian, pizza",italian,4.0,1,50,170,0.3
17330309,pizza,pizza,4.1,2,50,192,0.3
17330311,"american, tapas",american,4.1,3,50,302,0.3
17330615,"asian, chinese",asian,4.2,1,50,355,0.3
17330638,american,american,4.3,2,50,287,0.3
17330628,"italian, mediterranean, pizza",italian,4.0,3,50,264,0.3
17330546,"american, seafood, steak",american,4.4,3,50,235,0.3
16643459,"chinese, canadian",chinese,3.0,2,50,6,0.3
17334434,"american, bbq, southern",american,3.7,2,50,38,0.3
17334348,"desserts, sandwich",desserts,4.4,1,50,122,0.3
17334213,bbq,bbq,4.4,2,50,207,0.3
17334355,"mexican, tex-mex",mexican,3.9,1,50,66,0.3
17334212,"bbq, breakfast, southern",bbq,4.9,1,50,249,0.3
17333797,american,american,3.8,2,50,63,0.3
17334217,"japanese, sushi",japanese,3.8,3,50,145,0.3
17334273,mexican,mexican,3.8,1,50,83,0.3
17334254,italian,italian,3.7,2,50,116,0.3
17333836,"american, burger",american,4.1,1,50,122,0.3
17334197,fast food,fast food,4.1,1,50,142,0.3
17333882,mexican,mexican,4.1,1,50,114,0.3
17334211,"american, japanese, sushi",american,4.6,2,50,214,0.3
17334390,japanese,japanese,4.3,1,50,116,0.3
17334034,thai,thai,4.2,2,50,111,0.3
17334414,"desserts, sandwich",desserts,3.7,1,50,25,0.3
17334082,bbq,bbq,4.1,1,50,128,0.3
17334364,"american, diner, southern",american,4.3,1,50,244,0.3
17334398,"american, bbq, southern",american,4.2,1,50,112,0.3
17334219,"italian, pizza",italian,4.1,1,50,144,0.3
17335173,"indian, mediterranean, middle eastern",indian,4.6,2,50,166,0.3
17335195,"sushi, teriyaki",sushi,4.5,3,50,208,0.3
17335225,"burger, pizza",burger,3.9,2,50,136,0.3
17335219,"american, breakfast, greek",american,4.0,1,50,85,0.3
17334965,italian,italian,4.1,2,50,117,0.3
17335189,"american, breakfast",american,3.4,2,50,53,0.3
17335156,asian,asian,4.9,2,50,474,0.3
17334717,fast food,fast food,3.9,1,50,125,0.3
17334752,"american, french",american,3.7,4,70,201,0.3
18453427,"american, bar food, bbq",american,0.0,2,50,2,0.3
17793744,mexican,mexican,0.0,2,50,3,0.3
17334679,mexican,mexican,4.3,1,50,167,0.3
17334718,chinese,chinese,4.0,2,50,112,0.3
17334763,thai,thai,4.1,2,50,256,0.3
17335158,american,american,4.3,1,50,123,0.3
17334782,american,american,4.0,2,50,199,0.3
17334846,mexican,mexican,4.1,2,50,157,0.3
17334853,american,american,4.1,2,50,100,0.3
17335168,"japanese, sushi",japanese,4.2,3,50,141,0.3
17334958,"american, bbq, steak",american,4.2,2,50,197,0.3
17258496,"bbq, burger, desserts",bbq,4.5,2,50,1025,0.3
17259395,"american, coffee and tea",american,4.9,2,50,570,0.3
17258350,"bbq, caribbean, cajun",bbq,4.5,3,50,674,0.3
17258136,"asian, sushi, thai",asian,4.1,2,50,496,0.3
17258522,"asian, chinese",asian,4.0,2,50,411,0.3
17259958,"latin american, mexican",latin american,3.2,2,50,113,0.3
17258036,"italian, pizza",italian,4.5,3,50,1109,0.3
17259368,"chinese, pizza",chinese,4.6,2,50,728,0.3
17257684,"asian, vegetarian, vietnamese, bubble tea",asian,4.4,1,50,659,0.3
17258154,"american, pizza, bar food",american,4.2,3,50,370,0.3
17259340,french,french,4.3,3,50,532,0.3
17259243,"japanese, sushi",japanese,4.8,2,50,860,0.3
17259625,"burger, desserts, vegetarian",burger,4.2,1,50,943,0.3
17259169,"american, italian",american,4.1,4,70,476,0.3
17259166,chinese,chinese,4.1,1,50,218,0.3
17259335,"breakfast, mexican, southwestern",breakfast,4.0,1,50,214,0.3
17259248,"american, bbq",american,4.3,2,50,699,0.3
17258552,"american, breakfast",american,3.8,2,50,308,0.3
17259550,latin american,latin american,4.0,2,50,157,0.3
17259200,"seafood, sushi",seafood,4.2,3,50,530,0.3
16615894,"coffee and tea, tea, modern australian",coffee and tea,3.6,1,50,29,0.3
17342816,breakfast,breakfast,3.4,1,50,33,0.3
17342498,seafood,seafood,3.3,2,50,40,0.3
17342648,mexican,mexican,3.4,1,50,153,0.3
17342781,"american, bbq, seafood",american,3.3,2,50,65,0.3
17342799,italian,italian,3.4,2,50,58,0.3
17342772,"american, burger, sandwich",american,3.5,2,50,100,0.3
17342771,mexican,mexican,3.6,1,50,156,0.3
17342548,"desserts, pizza, ice cream",desserts,3.5,1,50,74,0.3
17342556,"american, burger",american,3.6,2,50,117,0.3
17342811,"japanese, steak, sushi",japanese,3.7,3,50,83,0.3
17342576,"american, burger",american,3.6,2,50,48,0.3
17342770,"international, pizza",international,3.8,3,50,198,0.3
17342585,mexican,mexican,3.5,1,50,126,0.3
17342494,"breakfast, pizza",breakfast,3.5,1,50,119,0.3
17342594,"american, italian",american,3.6,2,50,140,0.3
17342625,american,american,3.6,3,50,159,0.3
17342652,"italian, pizza",italian,3.6,2,50,131,0.3
17342665,"american, breakfast, burger",american,3.5,1,50,60,0.3
17342810,"american, burger, pizza, cafe",american,3.7,2,50,89,0.3
17342775,"american, seafood, steak",american,3.6,4,70,72,0.3
16612028,cafe,cafe,4.1,2,50,56,0.3
17536645,mexican,mexican,3.7,1,50,83,0.3
16613507,"tea, modern australian",tea,3.5,3,50,37,0.3
16607969,"cafe, australian",cafe,3.7,2,50,29,0.3
17374405,"american, sandwich, seafood",american,4.4,2,50,239,0.3
17375060,"bbq, burger, seafood",bbq,4.1,1,50,235,0.3
17375164,"american, burger, cajun",american,3.8,2,50,88,0.3
17374552,unknown,unknown,3.9,3,50,209,0.3
17375078,bbq,bbq,3.9,1,50,133,0.3
17375049,"chinese, japanese, thai",chinese,4.4,1,50,267,0.3
17375077,"bar food, seafood, vegetarian",bar food,4.1,2,50,171,0.3
17375141,seafood,seafood,3.8,2,50,107,0.3
17375198,"american, southern",american,4.3,3,50,164,0.3
17375180,"bbq, sandwich",bbq,4.1,1,50,182,0.3
17375072,"sandwich, seafood, cajun",sandwich,4.9,2,50,681,0.3
17375047,thai,thai,4.6,1,50,357,0.3
17375074,bbq,bbq,3.8,2,50,89,0.3
17374921,"american, european, sandwich",american,4.2,2,50,350,0.3
17374819,southern,southern,4.3,1,50,298,0.3
17375089,"american, southern",american,4.2,2,50,319,0.3
17375214,german,german,3.8,3,50,114,0.3
17374951,"german, ice cream",german,3.9,1,50,136,0.3
17374978,"burger, german, sandwich",burger,2.2,2,50,108,0.3
17375104,"italian, pizza, sandwich",italian,4.0,1,50,161,0.3
16604358,"cafe, coffee and tea, modern australian",cafe,3.8,2,50,192,0.3
16604896,"italian, fusion, cafe",italian,3.8,1,50,93,0.3
16612550,"breakfast, modern australian",breakfast,4.1,2,50,40,0.3
16606299,"burger, coffee and tea, modern australian",burger,3.7,1,50,100,0.3
16605794,"breakfast, coffee and tea",breakfast,3.8,1,50,97,0.3
17557488,"burger, desserts, sandwich",burger,3.6,1,50,41,0.3
17452342,thai,thai,4.5,2,50,799,0.3
16611498,"breakfast, coffee and tea",breakfast,3.6,2,50,18,0.3
17842104,cafe,cafe,3.5,2,50,31,0.3
17501291,"coffee and tea, cuban, latin american",coffee and tea,3.9,2,50,146,0.3
17500759,"pizza, sandwich",pizza,4.9,1,50,478,0.3
17500767,seafood,seafood,4.6,2,50,467,0.3
17500819,"chinese, thai",chinese,4.5,2,50,302,0.3
17500911,"burger, desserts, bar food",burger,4.5,2,50,289,0.3
17501439,unknown,unknown,3.8,3,50,102,0.3
17501279,"american, seafood",american,4.1,3,50,293,0.3
17500695,steak,steak,4.0,4,70,195,0.3
17501298,"desserts, greek, sandwich",desserts,4.3,1,50,244,0.3
17500847,"european, italian, mediterranean",european,4.2,4,70,379,0.3
17500872,"greek, mediterranean, vegetarian",greek,4.2,1,50,223,0.3
17501315,"american, chinese, sushi",american,3.7,2,50,243,0.3
17501201,italian,italian,3.7,2,50,104,0.3
17501247,"japanese, sushi, thai",japanese,3.7,1,50,153,0.3
17501281,"pizza, sandwich, vegetarian",pizza,3.8,2,50,323,0.3
17501143,mexican,mexican,4.1,1,50,181,0.3
17501292,"american, greek, seafood",american,4.0,2,50,316,0.3
17501308,bbq,bbq,4.2,2,50,288,0.3
17501301,"japanese, sushi, thai",japanese,4.0,1,50,232,0.3
17501268,"japanese, steak, sushi",japanese,4.1,3,50,314,0.3
16611701,asian,asian,2.9,2,50,11,0.3
17482142,"breakfast, burger",breakfast,2.4,1,50,17,0.3
16609169,"bar food, modern australian",bar food,3.8,3,50,176,0.3
17606621,unknown,unknown,3.4,1,50,11,0.3
17687832,"italian, pizza",italian,3.6,2,50,65,0.3
16613059,"coffee and tea, modern australian",coffee and tea,2.4,3,50,193,0.3
17534788,"american, international, southwestern",american,3.6,3,50,30,0.3
17061237,"spanish, tapas",spanish,4.4,3,50,981,0.3
17057397,hawaiian,hawaiian,4.5,3,50,1151,0.3
17058534,"american, sandwich, salad",american,4.7,3,50,1341,0.3
17060320,irish,irish,4.3,4,50,782,0.3
17057925,"new american, tapas",new american,4.6,3,50,1293,0.3
17060869,"brazilian, steak",brazilian,4.6,4,100,2324,0.3
17057591,caribbean,caribbean,4.3,3,50,910,0.3
17059541,italian,italian,4.4,4,50,886,0.3
17064266,"asian, thai",asian,4.6,3,50,1293,0.3
17064405,"asian, latin american, vegetarian",asian,4.4,1,50,570,0.3
17060516,american,american,4.4,4,60,1685,0.3
17059012,german,german,4.8,3,50,1699,0.3
17061296,"american, sandwich, tea",american,4.9,2,50,1457,0.3
17061205,"american, bbq, sandwich",american,4.9,3,50,1252,0.3
17064031,cajun,cajun,4.7,2,50,1412,0.3
17066603,"southern, cajun, soul food",southern,3.6,2,50,432,0.3
17057797,"mediterranean, turkish",mediterranean,4.2,3,50,568,0.3
17061253,"american, breakfast, vegetarian",american,4.4,2,50,797,0.3
17059060,unknown,unknown,4.4,3,50,1158,0.3
17061231,pub food,pub food,4.4,3,50,1998,0.3
16613649,"mediterranean, seafood",mediterranean,4.4,3,50,381,0.3
18255631,modern australian,modern australian,2.6,4,120,16,0.3
16608483,"cafe, coffee and tea, sandwich",cafe,3.4,2,50,19,0.3
17580453,"mexican, southwestern, tex-mex",mexican,4.2,2,50,635,0.3
17580142,"burger, bar food, steak",burger,4.9,3,50,2238,0.3
17580160,"italian, pizza, sandwich",italian,4.6,1,50,792,0.3
17580349,"asian, vietnamese",asian,4.5,1,50,828,0.3
17580412,"italian, pizza, seafood",italian,3.7,3,50,292,0.3
17580590,tapas,tapas,3.9,2,50,502,0.3
17580704,"burger, bar food",burger,3.7,2,50,559,0.3
17579928,"latin american, mexican, southwestern",latin american,4.2,2,50,1268,0.3
17579992,"seafood, sushi",seafood,4.1,3,50,669,0.3
17580030,"european, international, tapas",european,4.4,3,50,900,0.3
17580074,"japanese, sushi",japanese,4.3,2,50,765,0.3
17580020,"american, seafood, sushi",american,4.0,3,50,1270,0.3
17580350,"italian, mediterranean, pizza",italian,4.1,2,50,502,0.3
17580408,seafood,seafood,3.9,3,50,724,0.3
17579653,"caribbean, seafood, steak",caribbean,3.5,3,50,479,0.3
17580476,"breakfast, burger",breakfast,4.2,2,50,591,0.3
17580422,"burger, sandwich, seafood",burger,4.4,3,50,1408,0.3
17580539,"caribbean, seafood",caribbean,4.3,3,50,905,0.3
17580511,greek,greek,4.7,1,50,816,0.3
17580021,"sandwich, seafood, cajun",sandwich,4.4,3,50,747,0.3
16604370,"breakfast, coffee and tea, modern australian",breakfast,3.7,2,50,351,0.3
17582467,"burger, fast food",burger,3.7,1,50,104,0.3
17582668,"american, bbq, steak",american,3.5,3,50,83,0.3
17582498,"asian, thai",asian,3.6,1,50,91,0.3
17582499,"pizza, bar food",pizza,3.6,1,50,59,0.3
17582522,"italian, pizza, sandwich",italian,3.7,3,50,222,0.3
17582524,"american, breakfast",american,3.6,3,50,121,0.3
17582527,chinese,chinese,3.5,1,50,93,0.3
17582551,"coffee and tea, sandwich",coffee and tea,3.8,1,50,136,0.3
17582558,"pizza, sandwich",pizza,3.8,1,50,160,0.3
17582560,"american, greek",american,3.7,2,50,152,0.3
17582677,"burger, pizza, sandwich",burger,3.5,1,50,57,0.3
17582670,"american, pizza",american,3.7,2,50,191,0.3
17582625,"american, seafood, steak",american,3.6,3,50,85,0.3
17582627,mexican,mexican,3.6,1,50,108,0.3
17582700,"asian, sushi, vegetarian",asian,3.6,2,50,132,0.3
17582664,"indian, international, vegetarian",indian,3.8,2,50,141,0.3
17582682,"desserts, thai",desserts,3.7,2,50,162,0.3
17582669,new american,new american,3.6,3,50,144,0.3
18491935,"indian, persian",indian,0.0,2,50,1,0.3
17582546,mexican,mexican,4.1,1,50,365,0.3
17629582,"american, bbq, burger",american,3.3,2,50,9,0.3
17211719,seafood,seafood,4.0,4,70,542,0.3
17144717,seafood,seafood,4.5,2,50,691,0.3
17143970,"american, pizza, bar food",american,4.7,3,50,764,0.3
17142698,unknown,unknown,4.7,1,50,707,0.3
17144991,seafood,seafood,4.5,3,50,487,0.3
17142519,"american, hawaiian",american,4.5,1,50,695,0.3
17145408,burger,burger,4.2,3,50,485,0.3
17143336,"japanese, seafood, sushi",japanese,4.2,3,50,807,0.3
17145077,asian,asian,4.6,1,50,723,0.3
17141447,"asian, breakfast, hawaiian",asian,4.2,1,50,874,0.3
17142096,"breakfast, burger",breakfast,4.4,2,50,552,0.3
17142297,"hawaiian, seafood, steak",hawaiian,4.3,3,50,1056,0.3
17142535,"hawaiian, seafood, steak",hawaiian,4.3,3,50,707,0.3
17142792,"hawaiian, seafood",hawaiian,4.9,4,70,1343,0.3
17145495,japanese,japanese,4.9,1,50,602,0.3
17143950,"american, asian, burger",american,4.6,3,50,1078,0.3
17142747,american,american,3.9,2,50,232,0.3
17141990,"hawaiian, seafood, steak",hawaiian,4.4,4,70,1492,0.3
17144732,breakfast,breakfast,4.0,1,50,535,0.3
17143282,"asian, european, seafood",asian,4.2,4,70,531,0.3
17143705,"american, breakfast, hawaiian",american,4.2,2,50,694,0.3
17615915,southern,southern,3.3,3,50,1201,0.3
17616487,burger,burger,4.7,3,50,906,0.3
17615924,"desserts, sandwich, ice cream",desserts,4.6,1,50,880,0.3
17615979,"american, southern",american,4.5,3,50,1014,0.3
17616266,"international, mediterranean, sandwich",international,4.5,2,50,796,0.3
17615976,"american, bar food, sandwich",american,3.7,2,50,747,0.3
17616025,"american, seafood, steak",american,3.8,3,50,566,0.3
17615597,"american, breakfast",american,4.1,2,50,683,0.3
17615740,"american, bar food",american,4.4,2,50,690,0.3
17616203,"breakfast, vegetarian",breakfast,4.2,1,50,680,0.3
17616590,"american, breakfast",american,4.1,1,50,287,0.3
17615855,"breakfast, cajun",breakfast,4.1,3,50,802,0.3
17616348,"breakfast, diner, sandwich",breakfast,4.3,2,50,710,0.3
17616368,"coffee and tea, desserts",coffee and tea,4.3,1,50,456,0.3
17616400,"pizza, seafood, steak",pizza,4.0,4,70,687,0.3
17616076,"cafe, sandwich, southern",cafe,4.3,2,50,719,0.3
17616205,"american, seafood, southern",american,4.4,4,70,1803,0.3
17616222,american,american,4.1,4,70,558,0.3
17616295,seafood,seafood,3.8,3,50,883,0.3
17616465,unknown,unknown,3.9,1,50,309,0.3
18483372,"chinese, continental, singaporean",chinese,3.4,4,300,34,0.3
18484349,"american, steak",american,4.0,4,270,33,0.3
18496057,"french, mediterranean, european",french,3.8,4,500,33,0.3
18483389,american,american,3.1,4,80,34,0.3
18483222,french,french,3.8,4,430,35,0.3
18483085,french,french,3.9,4,315,33,0.3
18484423,bakery,bakery,4.2,2,50,29,0.3
18483714,italian,italian,4.1,4,100,35,0.3
18485469,"italian, french, bakery, cafe",italian,3.2,3,50,29,0.3
18479690,"american, japanese, singaporean",american,3.2,4,80,30,0.3
18483224,cafe,cafe,3.7,3,50,33,0.3
18493989,"singaporean, chinese, seafood, malay, indian",singaporean,3.0,3,50,25,0.3
18484464,"asian, continental, seafood",asian,3.8,4,220,30,0.3
18483051,"chinese, seafood, cantonese, dim sum",chinese,3.9,4,300,34,0.3
18482983,"singaporean, australian, german",singaporean,3.1,4,60,33,0.3
18479742,"western, fusion, fast food",western,3.2,4,60,32,0.3
18482938,"american, mexican",american,3.2,4,95,30,0.3
18483082,"american, bakery, european, burger, fusion",american,3.8,3,50,28,0.3
18483446,finger food,finger food,3.9,3,50,35,0.3
18483252,"cafe, spanish, turkish, greek",cafe,3.2,4,75,33,0.3
17621616,"burger, seafood, steak",burger,3.7,3,50,100,0.3
17621696,"american, pizza, bar food",american,3.6,1,50,92,0.3
17621744,"asian, vegetarian, vietnamese",asian,3.8,1,50,182,0.3
17621759,bbq,bbq,3.6,1,50,76,0.3
17621763,"japanese, sushi",japanese,3.7,3,50,129,0.3
17621780,"asian, chinese",asian,3.6,2,50,94,0.3
17621781,chinese,chinese,3.8,2,50,129,0.3
17621788,pizza,pizza,3.8,2,50,178,0.3
17621793,burger,burger,3.7,1,50,97,0.3
17621796,"american, desserts, diner",american,3.9,1,50,161,0.3
17621831,american,american,3.7,1,50,122,0.3
17621832,"american, fast food",american,3.8,1,50,195,0.3
17621833,"american, seafood, steak",american,3.7,3,50,146,0.3
17621834,mexican,mexican,3.7,1,50,117,0.3
17621869,"caribbean, mexican, cajun",caribbean,3.8,2,50,187,0.3
17621960,"japanese, steak, sushi",japanese,3.9,3,50,239,0.3
17621746,"asian, thai, vegetarian",asian,4.0,1,50,303,0.3
17621755,pizza,pizza,4.0,3,50,280,0.3
17621946,italian,italian,4.0,2,50,271,0.3
17621552,"american, seafood, steak",american,3.5,4,70,58,0.3
17096140,"bbq, caribbean, seafood",bbq,4.6,2,50,1321,0.3
17099925,"latin american, mexican, southwestern",latin american,4.6,2,50,1629,0.3
17092257,"american, italian, seafood",american,4.1,2,50,921,0.3
17092799,"spanish, tapas",spanish,4.1,2,50,986,0.3
17095222,"british, bar food, sandwich",british,4.1,2,50,1020,0.3
17092293,"american, desserts, steak",american,4.7,4,70,3157,0.3
17102241,breakfast,breakfast,3.9,3,50,665,0.3
17102579,international,international,3.9,4,70,373,0.3
17092801,"breakfast, spanish, tapas",breakfast,4.4,2,50,1007,0.3
17093273,"american, burger",american,4.4,2,50,803,0.3
17096198,"american, seafood, steak",american,4.2,3,50,1363,0.3
17095098,"italian, deli",italian,4.9,1,50,1424,0.3
17093135,"sandwich, seafood, steak",sandwich,4.5,3,50,844,0.3
17095236,"european, german",european,4.9,3,50,1413,0.3
17095979,"breakfast, mexican",breakfast,4.5,3,50,1203,0.3
17099856,"desserts, bar food",desserts,4.7,3,50,3074,0.3
17100307,"international, italian, southern",international,4.8,3,50,1715,0.3
17093600,"mexican, vegetarian",mexican,4.5,1,50,1868,0.3
17100547,"seafood, steak",seafood,4.0,3,50,875,0.3
17093124,"cuban, spanish",cuban,4.4,3,50,1746,0.3
16608059,"modern australian, australian",modern australian,4.4,3,50,339,0.3
16605194,australian,australian,4.1,2,50,87,0.3
17678243,bar food,bar food,3.4,2,50,98,0.3
17678043,mexican,mexican,3.1,2,50,83,0.3
17677978,"seafood, southern",seafood,3.9,3,50,231,0.3
17677988,"burger, seafood, steak",burger,3.7,3,50,216,0.3
17678231,"asian, chinese, thai",asian,3.8,3,50,185,0.3
17677990,"pizza, sandwich",pizza,3.7,2,50,185,0.3
17677991,"burger, bar food, vegetarian",burger,3.8,1,50,281,0.3
17678307,"fast food, seafood",fast food,3.7,3,50,137,0.3
17678276,american,american,3.7,2,50,209,0.3
17678283,mexican,mexican,3.7,1,50,168,0.3
17678222,"american, southern",american,3.9,2,50,243,0.3
17678055,"greek, italian",greek,3.8,3,50,221,0.3
17678326,mexican,mexican,3.5,1,50,46,0.3
17678229,"japanese, sushi",japanese,3.9,2,50,262,0.3
17678097,italian,italian,3.7,2,50,183,0.3
17678216,"japanese, steak, sushi",japanese,3.5,4,70,208,0.3
17678233,"indian, middle eastern",indian,3.8,2,50,245,0.3
17678148,mexican,mexican,3.8,2,50,199,0.3
17678291,southern,southern,3.8,3,50,225,0.3
17678218,bbq,bbq,4.1,2,50,575,0.3
17558738,"coffee and tea, mediterranean",coffee and tea,4.3,1,50,88,0.3
16608209,"coffee and tea, tapas, australian",coffee and tea,3.6,2,50,96,0.3
16654702,"italian, mediterranean, pizza",italian,4.3,4,70,204,0.3
17697444,"indian, middle eastern",indian,3.2,1,50,18,0.3
17696871,"italian, pizza, vegetarian",italian,3.7,2,50,134,0.3
17696891,desserts,desserts,3.9,1,50,190,0.3
17696901,chinese,chinese,3.8,1,50,136,0.3
17697384,"asian, chinese",asian,3.7,2,50,113,0.3
17697417,"american, breakfast",american,3.6,1,50,69,0.3
17696918,"american, italian, seafood",american,3.6,3,50,89,0.3
17696920,"burger, pizza, sandwich",burger,3.6,2,50,80,0.3
17697398,"japanese, sushi",japanese,3.8,3,50,175,0.3
17697406,"coffee and tea, desserts, beverages",coffee and tea,3.7,1,50,136,0.3
17696941,"sandwich, sushi, tapas",sandwich,3.6,2,50,114,0.3
17696955,"american, bbq, steak",american,3.6,2,50,93,0.3
17696957,"pizza, sandwich",pizza,3.6,2,50,89,0.3
17697418,mexican,mexican,3.6,2,50,69,0.3
17697386,american,american,3.6,3,50,86,0.3
17697224,chinese,chinese,3.7,1,50,73,0.3
17697304,mexican,mexican,3.6,2,50,104,0.3
17697389,"american, bar food",american,3.7,1,50,101,0.3
17697424,thai,thai,3.5,1,50,58,0.3
17697332,"japanese, steak, sushi",japanese,3.9,2,50,156,0.3
17694056,"burger, greek, sandwich",burger,3.9,2,50,156,0.3
17559793,"burger, seafood, steak",burger,3.2,2,50,16,0.3
16668008,asian,asian,3.3,2,50,26,0.3
18212135,american,american,4.6,4,190,207,0.3
5704255,american,american,4.6,4,260,376,0.3
5701978,"italian, pizza",italian,4.4,3,150,471,0.3
5701729,"turkish, arabian, middle eastern",turkish,4.3,2,70,224,0.3
5704168,"fast food, burger",fast food,4.2,3,100,228,0.3
18277098,asian,asian,4.6,4,180,81,0.3
5701446,"italian, pizza",italian,4.1,4,230,422,0.3
5700052,"thai, japanese, chinese, indonesian, vietnamese",thai,4.4,4,350,246,0.3
5702418,"indian, north indian, mughlai, biryani",indian,4.0,3,120,355,0.3
5700386,"indian, south indian",indian,3.6,2,60,268,0.3
5704202,"filipino, japanese, asian",filipino,4.5,3,100,162,0.3
5701052,"american, mexican, seafood",american,4.0,4,250,205,0.3
5704118,"pakistani, afghani, indian, hyderabadi",pakistani,4.0,2,50,277,0.3
5701548,"lebanese, arabian, middle eastern",lebanese,4.0,2,70,380,0.3
18235425,indian,indian,4.3,3,80,180,0.3
5702615,"indian, north indian, chinese",indian,4.0,3,100,525,0.3
5703500,"indian, north indian",indian,4.9,4,330,216,0.3
18253896,indian,indian,4.7,4,500,201,0.3
5701917,chinese,chinese,4.2,4,250,435,0.3
5702574,"american, desserts",american,4.6,4,200,586,0.3
202321,"mediterranean, italian, thai, european",mediterranean,3.9,3,280,927,0.3
206488,"indian, rajasthani",indian,4.1,2,90,1448,0.3
209654,indian,indian,4.3,2,90,1281,0.3
18340881,"indian, north indian",indian,4.5,3,150,307,0.3
18233284,"international, indian",international,4.5,3,200,909,0.3
18269368,"continental, indian",continental,4.9,3,160,641,0.3
18254160,indian,indian,4.9,4,500,322,0.3
208939,"indian, continental",indian,4.8,3,160,2510,0.3
201531,"american, burger",american,4.5,4,300,1388,0.3
208965,cafe,cafe,4.5,3,140,403,0.3
208778,"fast food, burger",fast food,4.3,3,100,1351,0.3
209703,"asian, chinese",asian,4.3,3,160,661,0.3
18381837,"indian, north indian, street food",indian,4.4,3,150,281,0.3
208850,indian,indian,4.9,4,500,1352,0.3
210134,"indian, asian",indian,4.4,3,150,552,0.3
201044,"seafood, american",seafood,3.2,3,285,506,0.3
201340,"american, desserts",american,4.7,3,270,2424,0.3
18289126,"cafe, burger",cafe,4.3,3,170,386,0.3
202507,"american, mexican, burger",american,3.7,3,250,500,0.3
210139,"goan, chinese, indian, north indian",goan,4.3,3,130,544,0.3
5600424,"indian, north indian, south indian, chinese",indian,3.9,3,85,285,0.3
5602751,south indian,south indian,3.8,3,70,210,0.3
5600457,"indian, mughlai, south indian, biryani",indian,4.1,4,120,372,0.3
5600642,"indian, north indian, chinese",indian,4.3,3,65,316,0.3
18268134,lebanese,lebanese,3.9,4,110,69,0.3
18376208,"fast food, american",fast food,4.1,2,50,33,0.3
5600959,"pakistani, indian",pakistani,4.1,4,100,449,0.3
5600103,"pakistani, indian, mughlai",pakistani,4.2,3,80,504,0.3
5602586,"pakistani, chinese, indian, afghani",pakistani,4.1,3,90,192,0.3
5600961,"fast food, pizza",fast food,2.4,3,80,154,0.3
5600960,"bakery, arabian, middle eastern",bakery,4.2,2,50,142,0.3
5601340,"arabian, middle eastern",arabian,4.2,3,60,444,0.3
5600701,"african, portuguese",african,4.2,4,160,265,0.3
5601404,"chinese, thai",chinese,3.8,4,130,227,0.3
5600556,"american, mexican",american,3.9,4,250,357,0.3
5602055,"indian, north indian",indian,4.8,3,60,459,0.3
5601521,"american, mexican, burger",american,4.1,4,250,197,0.3
5602377,"cafe, bakery, desserts",cafe,4.5,4,150,143,0.3
5602884,"fast food, burger",fast food,3.8,2,50,12,0.3
5602942,cafe,cafe,4.2,4,110,43,0.3
3400025,"north indian, mughlai",north indian,3.9,3,850,140,0.3
3400341,"north indian, mughlai",north indian,3.5,2,700,71,0.3
3400005,north indian,north indian,3.6,2,500,94,0.3
3400021,rajasthani,rajasthani,4.0,2,400,87,0.3
3400017,"north indian, chinese, mughlai",north indian,4.2,3,1000,177,0.3
3400325,"north indian, european",north indian,4.0,4,2000,45,0.3
3400059,"north indian, mughlai",north indian,4.3,4,2500,133,0.3
3400060,mughlai,mughlai,4.0,4,2500,41,0.3
3400348,"rajasthani, gujarati, mughlai",rajasthani,3.6,3,800,59,0.3
3400072,"north indian, mughlai",north indian,3.8,4,3600,46,0.3
3400073,"north indian, chinese, continental",north indian,3.9,1,50,103,0.3
3400019,"south indian, desserts",south indian,4.1,2,550,121,0.3
3400033,"north indian, chinese, continental, mughlai",north indian,3.4,3,1100,70,0.3
3400346,"cafe, north indian, chinese",cafe,4.9,1,50,77,0.3
3400350,"north indian, chinese, continental",north indian,3.8,4,1500,57,0.3
3400391,"cafe, italian, mexican, north indian, continental",cafe,3.9,1,50,98,0.3
3400016,"north indian, mughlai",north indian,3.7,3,900,175,0.3
3400105,"italian, pizza",italian,4.4,2,700,134,0.3
3400326,"chinese, italian, continental, north indian",chinese,4.2,3,1000,166,0.3
3400392,"north indian, fast food",north indian,4.1,2,700,168,0.3
111895,"chinese, italian, north indian, mexican, mediterranean, thai",chinese,4.2,3,900,1582,0.3
110502,"continental, chinese, north indian",continental,3.7,4,1800,1315,0.3
18396250,"ice cream, desserts, continental",ice cream,4.5,1,300,217,0.3
113702,"north indian, continental, mexican, italian",north indian,4.1,3,800,769,0.3
113433,"pizza, italian, beverages, desserts",pizza,4.3,3,900,731,0.3
18438909,"pizza, italian",pizza,4.4,2,500,113,0.3
18143128,"cafe, continental, desserts",cafe,4.4,3,1000,944,0.3
18438944,"north indian, cafe, italian, mexican, continental",north indian,3.8,3,1000,63,0.3
110436,"north indian, south indian, asian, continental",north indian,3.6,3,1400,375,0.3
18385201,"desserts, ice cream",desserts,4.6,2,350,166,0.3
110395,"fast food, street food, south indian",fast food,4.4,2,450,697,0.3
18335583,"north indian, chinese, continental",north indian,4.3,3,900,325,0.3
110237,"north indian, chinese, continental, desserts, fast food, sandwich",north indian,3.8,2,600,432,0.3
113537,"italian, fast food",italian,4.3,2,700,744,0.3
113703,"cafe, beverages, desserts, pizza",cafe,4.0,2,700,404,0.3
18385186,"cafe, italian",cafe,4.4,2,600,317,0.3
113325,"north indian, continental, beverages, italian, burger, healthy food, mediterranean",north indian,4.5,3,950,1138,0.3
111826,"continental, italian, chinese",continental,4.1,3,1200,1041,0.3
110516,"north indian, italian, asian, south indian",north indian,4.1,3,1200,192,0.3
18371341,"cafe, american, continental, armenian, fast food",cafe,3.9,2,550,166,0.3
113570,continental,continental,4.0,3,1200,535,0.3
2400020,"north indian, south indian, fast food",north indian,3.4,3,500,57,0.3
2400148,"cafe, fast food",cafe,3.3,2,350,76,0.3
2400019,"north indian, street food, fast food",north indian,3.2,3,500,51,0.3
2400193,"north indian, chinese",north indian,3.4,3,600,99,0.3
2400027,"north indian, chinese",north indian,3.4,3,600,83,0.3
17960073,"north indian, south indian, chinese",north indian,3.4,3,600,18,0.3
2400119,"american, fast food",american,3.4,3,500,58,0.3
2400014,fast food,fast food,3.3,2,400,53,0.3
2400403,"north indian, mughlai",north indian,3.2,3,800,6,0.3
2400349,"italian, pizza",italian,3.4,3,700,35,0.3
2400279,"fast food, american, salad, healthy food",fast food,3.4,2,400,32,0.3
2400017,"north indian, chinese",north indian,3.2,3,500,151,0.3
18317988,"north indian, chinese, italian",north indian,3.3,1,50,49,0.3
2400144,"south indian, chinese",south indian,3.4,3,500,106,0.3
2400195,"continental, italian",continental,3.6,4,1000,59,0.3
2400052,north indian,north indian,3.7,1,200,105,0.3
2400016,"north indian, fast food",north indian,3.5,3,500,105,0.3
2400293,"desserts, fast food",desserts,3.6,3,500,57,0.3
2400009,"south indian, north indian, chinese, continental",south indian,3.5,2,400,134,0.3
2400010,"mughlai, north indian, chinese",mughlai,3.3,3,800,58,0.3
2200011,"north indian, chinese",north indian,3.4,2,700,345,0.3
2200078,north indian,north indian,3.9,1,300,151,0.3
18204507,beverages,beverages,4.0,1,100,52,0.3
2200030,"north indian, mughlai",north indian,3.4,3,800,122,0.3
2200201,street food,street food,3.6,1,150,56,0.3
2200067,north indian,north indian,3.5,1,300,91,0.3
2200358,"cafe, bakery, fast food",cafe,3.4,2,500,26,0.3
2200001,"north indian, mughlai, chinese",north indian,3.4,3,1200,98,0.3
2200033,"fast food, italian",fast food,3.5,2,400,111,0.3
2200283,"north indian, chinese",north indian,3.6,2,700,51,0.3
2200045,"north indian, street food",north indian,3.9,1,200,206,0.3
2200149,"north indian, south indian, chinese, fast food",north indian,3.4,2,600,44,0.3
2200043,"north indian, fast food",north indian,3.7,2,500,94,0.3
2200044,"north indian, fast food",north indian,3.5,2,500,461,0.3
2200132,north indian,north indian,3.8,2,500,276,0.3
2200236,north indian,north indian,3.8,2,400,71,0.3
2200175,mithai,mithai,4.1,1,100,104,0.3
2200000,north indian,north indian,4.1,2,500,878,0.3
2200055,north indian,north indian,3.8,2,500,192,0.3
2200034,north indian,north indian,3.5,3,1000,96,0.3
2200153,fast food,fast food,4.1,1,150,140,0.3
2500023,"north indian, chinese, continental, italian",north indian,3.6,3,800,240,0.3
2500076,"italian, continental, chinese, north indian",italian,3.3,3,850,65,0.3
2500054,"north indian, chinese",north indian,3.3,2,600,63,0.3
2500134,pizza,pizza,3.1,2,700,19,0.3
2500069,"north indian, south indian",north indian,3.4,2,350,46,0.3
2500256,"south indian, north indian, chinese, fast food",south indian,3.4,2,450,75,0.3
2500024,"north indian, chinese, continental, italian, mexican",north indian,3.4,4,1800,94,0.3
2500075,"italian, fast food, north indian, chinese",italian,3.3,2,500,47,0.3
2500029,north indian,north indian,3.4,2,500,71,0.3
2500079,"continental, chinese, biryani, north indian",continental,3.6,3,1000,73,0.3
2500343,"juices, desserts",juices,3.5,1,300,21,0.3
2500052,"south indian, chinese, north indian",south indian,3.3,2,400,46,0.3
2500062,"mughlai, biryani",mughlai,3.3,2,700,45,0.3
2500056,maharashtrian,maharashtrian,3.4,2,450,34,0.3
2500030,north indian,north indian,3.7,2,450,89,0.3
2500390,"cafe, mughlai, north indian",cafe,3.2,2,400,8,0.3
2500007,mughlai,mughlai,3.4,2,650,39,0.3
2500123,"north indian, mughlai",north indian,3.3,2,600,74,0.3
2500122,"north indian, chinese, south indian, fast food",north indian,3.3,2,450,76,0.3
2500346,"north indian, hyderabadi",north indian,3.3,2,500,71,0.3
50943,"north indian, mughlai",north indian,4.1,3,1300,2416,0.3
58268,asian,asian,4.7,4,2400,2369,0.3
51705,"italian, american, pizza",italian,4.8,4,2000,10934,0.3
18162866,"european, continental",european,3.9,3,1300,1354,0.3
18407918,modern indian,modern indian,4.2,3,1500,231,0.3
56464,"bakery, desserts, cafe",bakery,4.0,2,800,3533,0.3
18221572,"pizza, cafe, italian",pizza,4.3,2,600,1413,0.3
18359919,"pizza, cafe, italian",pizza,4.6,2,600,781,0.3
18439634,"continental, american, italian, north indian, chinese, cafe",continental,4.7,2,950,276,0.3
51040,"american, burger, cafe",american,4.7,2,800,9667,0.3
54162,"north indian, european, mediterranean",north indian,4.1,3,1400,5385,0.3
18305628,"north indian, chinese, italian, street food, desserts",north indian,4.3,1,400,753,0.3
18385443,"continental, american",continental,4.5,3,1500,1288,0.3
56618,"european, mediterranean, north indian",european,4.6,3,1400,6907,0.3
18353121,"asian, mediterranean, north indian",asian,4.4,3,1200,983,0.3
18366652,"pizza, cafe, italian",pizza,4.6,2,600,627,0.3
18430785,continental,continental,4.2,3,1200,334,0.3
58882,"finger food, north indian, italian, continental, thai, south indian",finger food,4.5,3,1800,5705,0.3
18422898,"continental, italian, north indian",continental,3.9,3,1400,405,0.3
18339874,modern indian,modern indian,4.4,3,1500,754,0.3
2600472,"cafe, chinese, north indian",cafe,3.3,1,200,51,0.3
2600514,cafe,cafe,3.4,2,600,63,0.3
2600109,fast food,fast food,4.9,1,250,427,0.3
2600311,"north indian, chinese",north indian,3.9,2,700,126,0.3
2600008,fast food,fast food,4.2,2,500,223,0.3
2600031,"north indian, chinese",north indian,4.0,3,1000,257,0.3
2600250,chinese,chinese,4.0,3,1000,103,0.3
2600025,pizza,pizza,4.1,2,650,118,0.3
2600494,"cafe, fast food",cafe,3.8,2,600,98,0.3
18108352,bakery,bakery,3.8,2,500,33,0.3
2600079,"north indian, chinese, south indian, fast food",north indian,3.5,2,550,175,0.3
2600340,"pizza, italian, fast food",pizza,3.6,2,500,111,0.3
18461339,"fast food, mexican, tex-mex",fast food,3.6,2,350,20,0.3
2600010,fast food,fast food,4.1,2,500,103,0.3
2600230,"north indian, south indian, street food, bakery",north indian,4.4,2,400,243,0.3
2600003,"north indian, south indian, street food, bakery",north indian,4.1,2,400,238,0.3
2600303,north indian,north indian,4.3,4,1800,128,0.3
2600180,south indian,south indian,3.9,2,500,161,0.3
2600393,"italian, mexican, chinese",italian,3.8,3,900,79,0.3
2600007,fast food,fast food,4.3,2,500,120,0.3
2900587,cafe,cafe,3.9,2,500,289,0.3
2900354,chinese,chinese,4.1,2,550,379,0.3
2900633,"mediterranean, asian, continental, north indian, arabian",mediterranean,4.6,3,1200,154,0.3
18408676,"cafe, charcoal grill, steak",cafe,4.5,2,600,145,0.3
2900234,"fast food, north indian, chinese",fast food,3.9,2,500,247,0.3
2900550,chinese,chinese,4.0,2,500,145,0.3
18362677,"north indian, asian, european",north indian,3.7,2,850,118,0.3
2900044,"cafe, italian, mexican, bakery",cafe,4.1,3,1400,256,0.3
2900469,"north indian, chinese",north indian,3.6,1,450,173,0.3
2900219,"north indian, chinese, mexican, beverages",north indian,3.8,2,600,424,0.3
2900473,"chinese, north indian, cafe",chinese,3.7,1,450,338,0.3
2900020,"mughlai, chinese, north indian",mughlai,3.7,2,500,228,0.3
2900562,"cafe, chinese, fast food, seafood",cafe,3.8,1,450,253,0.3
18413814,"north indian, chinese, continental",north indian,4.0,2,900,90,0.3
18235390,cafe,cafe,4.0,1,400,197,0.3
2900640,"italian, cafe, chinese, continental",italian,4.3,2,800,69,0.3
18271459,"north indian, rajasthani",north indian,4.1,1,300,199,0.3
18377283,"cafe, tea",cafe,3.8,2,500,56,0.3
18408600,"chinese, north indian",chinese,4.2,2,900,49,0.3
2900012,chinese,chinese,4.3,3,1500,345,0.3
18436042,"asian, continental",asian,3.5,1,400,89,0.3
122003,"north indian, chinese, continental, pizza",north indian,3.7,2,850,665,0.3
121552,"american, cafe",american,4.2,3,1600,676,0.3
121214,"mexican, american, italian",mexican,4.3,3,1400,970,0.3
121553,"japanese, chinese, thai, malaysian, burmese, asian",japanese,4.1,3,1600,300,0.3
121312,"continental, italian, thai, finger food",continental,4.0,3,1400,428,0.3
121335,"north indian, continental, asian",north indian,4.0,3,1200,1022,0.3
120014,"north indian, chinese",north indian,4.5,3,1300,1450,0.3
123125,"american, tex-mex",american,4.3,3,1800,228,0.3
120221,north indian,north indian,3.8,2,700,982,0.3
122064,"north indian, chinese, continental, italian, burger",north indian,3.4,3,1000,502,0.3
120203,"bakery, desserts, cafe",bakery,4.1,2,650,698,0.3
120219,"cafe, bakery",cafe,4.1,2,650,397,0.3
121425,"burger, fast food, desserts, beverages",burger,4.0,1,450,265,0.3
123010,"mexican, fast food",mexican,4.2,2,600,252,0.3
123294,"mughlai, north indian",mughlai,3.3,2,800,86,0.3
121120,italian,italian,4.4,4,2200,817,0.3
122940,"burger, fast food",burger,4.5,2,500,249,0.3
122830,"desserts, american",desserts,4.0,2,600,356,0.3
69024,"european, italian, desserts",european,4.2,2,800,1810,0.3
72475,"north indian, chinese, arabian",north indian,3.8,2,800,519,0.3
70431,"continental, cafe, italian, desserts",continental,4.4,2,750,1504,0.3
71443,"north indian, mughlai, chinese, south indian",north indian,4.2,2,850,841,0.3
73088,"mexican, american, tex-mex, burger",mexican,4.8,3,1700,1262,0.3
18423075,"cafe, european",cafe,4.2,1,450,191,0.3
70890,italian,italian,4.6,1,350,1510,0.3
71492,"cafe, continental",cafe,4.1,3,1100,1004,0.3
70092,"italian, mexican, chinese, thai, north indian",italian,4.0,3,1500,1820,0.3
70393,north indian,north indian,4.6,3,1200,1753,0.3
70894,"south indian, chettinad",south indian,4.2,3,1000,1714,0.3
73279,"biryani, north indian",biryani,3.8,2,900,1317,0.3
69951,"european, cafe, italian",european,4.3,3,1200,1607,0.3
72497,"north indian, mughlai, chinese, south indian",north indian,4.4,2,850,645,0.3
65413,"north indian, mughlai, chinese, south indian",north indian,4.3,2,850,742,0.3
70497,"continental, cafe, spanish, italian, european, greek, mediterranean",continental,4.5,3,1500,1210,0.3
65055,"north indian, continental",north indian,4.4,4,2000,3848,0.3
18384227,"north indian, european, mediterranean",north indian,4.9,3,1600,859,0.3
72604,"north indian, mediterranean, asian, arabian",north indian,4.6,3,1400,1267,0.3
66457,"north indian, chinese",north indian,4.0,2,900,2272,0.3
18260777,"cafe, continental, fast food",cafe,4.6,3,800,202,0.3
3000107,"south indian, chettinad, north indian",south indian,3.9,2,600,318,0.3
3000132,cafe,cafe,3.8,2,400,124,0.3
3000122,pizza,pizza,3.5,2,600,274,0.3
3001032,fast food,fast food,4.3,2,500,147,0.3
3000021,chinese,chinese,4.1,3,1200,243,0.3
18434000,"continental, fast food, desserts, indian",continental,3.8,2,450,24,0.3
3000195,"south indian, biryani",south indian,4.5,2,350,380,0.3
3000126,"continental, chinese, thai, malaysian, north indian",continental,3.8,3,1200,221,0.3
18280306,"north indian, continental",north indian,3.9,2,700,85,0.3
3001489,"parsi, north indian",parsi,4.2,3,1200,40,0.3
3000770,"cafe, fast food",cafe,4.0,2,600,132,0.3
3000062,"north indian, chinese, italian, mexican",north indian,4.0,3,1000,203,0.3
3000016,"italian, north indian, desserts",italian,4.0,4,1500,215,0.3
3000014,"south indian, north indian, chinese",south indian,4.3,2,400,225,0.3
3000001,"north indian, biryani",north indian,4.2,3,1400,299,0.3
3001321,"bakery, desserts",bakery,4.9,2,350,200,0.3
3000996,"north indian, chinese, street food",north indian,4.2,2,700,221,0.3
3001065,"desserts, ice cream",desserts,4.3,1,300,161,0.3
3000048,"north indian, european, mediterranean",north indian,4.4,3,1400,505,0.3
3500012,"north indian, chinese",north indian,3.6,3,800,102,0.3
3500007,"south indian, north indian, chinese",south indian,3.8,3,500,115,0.3
3500017,"desserts, north indian, chinese, south indian, fast food, street food",desserts,3.9,3,650,141,0.3
3500018,"north indian, chinese, continental",north indian,3.9,4,1000,173,0.3
3500011,"chinese, thai, tibetan",chinese,4.2,3,750,406,0.3
18416632,north indian,north indian,4.9,4,1500,50,0.3
18279289,"chinese, north indian, fast food",chinese,4.3,1,50,63,0.3
18408585,"mughlai, north indian",mughlai,4.0,4,1250,98,0.3
3500059,"north indian, chinese",north indian,3.8,3,550,230,0.3
3500081,cafe,cafe,4.0,3,500,94,0.3
17971273,bakery,bakery,4.1,2,350,64,0.3
3500365,"cafe, chinese",cafe,3.9,3,700,131,0.3
3500013,"burger, desserts",burger,3.9,3,600,101,0.3
3500024,"north indian, mughlai",north indian,3.9,3,600,121,0.3
3500488,cafe,cafe,3.9,2,400,39,0.3
3500505,"north indian, mediterranean, asian, chinese",north indian,4.4,4,1600,66,0.3
3500010,"north indian, chinese",north indian,4.0,4,1200,175,0.3
3500414,"cafe, chinese, fast food",cafe,4.1,3,500,104,0.3
18440677,"cafe, mexican",cafe,4.2,3,500,68,0.3
3500484,cafe,cafe,4.2,3,600,89,0.3
301728,"chinese, fast food, bakery",chinese,2.9,1,250,4,0.3
5992,"north indian, chinese",north indian,2.8,2,500,16,0.3
301730,north indian,north indian,2.8,1,150,8,0.3
301729,north indian,north indian,2.9,1,150,8,0.3
301731,bakery,bakery,2.8,1,100,7,0.3
311053,"chinese, north indian, fast food",chinese,3.0,1,300,4,0.3
9299,mithai,mithai,0.0,1,100,1,0.3
9178,north indian,north indian,0.0,1,100,3,0.3
18477319,"north indian, mughlai, chinese",north indian,0.0,1,400,3,0.3
18433852,cafe,cafe,0.0,1,300,0,0.3
304046,"fast food, north indian",fast food,2.9,1,300,4,0.3
309936,"raw meats, north indian, fast food",raw meats,3.0,1,350,7,0.3
309927,"fast food, chinese",fast food,2.9,1,300,11,0.3
18377449,north indian,north indian,0.0,1,200,1,0.3
18465871,"north indian, chinese",north indian,0.0,1,300,0,0.3
18472646,north indian,north indian,0.0,1,400,0,0.3
18037826,"north indian, mughlai",north indian,2.8,2,600,49,0.3
301163,"fast food, burger",fast food,3.4,2,500,58,0.3
4931,"north indian, south indian, gujarati, rajasthani",north indian,3.4,2,700,233,0.3
1804,"chinese, thai",chinese,3.8,3,1100,508,0.3
312102,"burger, desserts, fast food",burger,3.6,2,600,98,0.3
18217857,"cafe, desserts",cafe,3.6,2,900,59,0.3
18471268,desserts,desserts,0.0,1,300,0,0.3
18381244,fast food,fast food,0.0,1,200,1,0.3
18408041,"american, fast food, salad, healthy food",american,0.0,2,500,2,0.3
311051,"american, fast food, burger",american,2.1,2,500,57,0.3
18133510,north indian,north indian,4.0,3,1600,299,0.3
308380,chinese,chinese,4.1,3,1300,239,0.3
6077,"ice cream, desserts",ice cream,3.2,1,400,16,0.3
308082,fast food,fast food,2.7,1,200,16,0.3
309558,"south indian, north indian, chinese",south indian,3.4,2,800,48,0.3
8128,"north indian, mughlai",north indian,2.4,3,1000,25,0.3
304062,south indian,south indian,0.0,1,200,3,0.3
9785,"desserts, ice cream",desserts,2.8,1,250,12,0.3
312514,fast food,fast food,0.0,1,200,2,0.3
308961,"north indian, chinese",north indian,0.0,3,1200,0,0.3
308963,cafe,cafe,0.0,3,1500,0,0.3
308962,"north indian, mughlai, chinese",north indian,0.0,3,1500,0,0.3
8169,mithai,mithai,0.0,1,100,2,0.3
309368,"north indian, chinese, continental",north indian,0.0,3,1500,3,0.3
18472429,north indian,north indian,0.0,1,300,0,0.3
18472418,"north indian, mughlai",north indian,0.0,2,500,0,0.3
18472426,mughlai,mughlai,0.0,2,500,0,0.3
18450934,"north indian, chinese",north indian,0.0,1,400,0,0.3
6025,bakery,bakery,3.0,3,1000,15,0.3
6013,cafe,cafe,3.2,2,500,19,0.3
8153,"cafe, chinese, fast food",cafe,2.8,2,500,8,0.3
18471296,"fast food, beverages",fast food,0.0,1,300,0,0.3
18279477,"north indian, chinese",north indian,2.8,1,450,20,0.3
18359331,"fast food, chinese, italian",fast food,3.1,2,500,11,0.3
301151,bakery,bakery,3.0,1,150,11,0.3
18204479,north indian,north indian,3.1,1,450,7,0.3
2198,"north indian, chinese",north indian,2.9,2,700,13,0.3
18434243,"ice cream, desserts",ice cream,0.0,1,400,0,0.3
18273628,north indian,north indian,0.0,2,700,3,0.3
18471262,"north indian, mughlai, chinese",north indian,0.0,2,500,0,0.3
18258480,"north indian, mughlai, chinese",north indian,3.3,2,800,25,0.3
9698,chinese,chinese,3.0,1,300,22,0.3
8326,"north indian, chinese",north indian,2.6,1,450,26,0.3
18270379,"north indian, mughlai",north indian,2.9,2,700,16,0.3
304006,bakery,bakery,2.9,1,200,7,0.3
308957,"north indian, chinese, italian",north indian,3.1,3,1500,28,0.3
18427216,"north indian, chinese",north indian,0.0,2,550,0,0.3
18433315,"north indian, chinese",north indian,0.0,1,400,0,0.3
8266,fast food,fast food,0.0,1,100,0,0.3
18383469,"north indian, chinese",north indian,3.2,2,600,31,0.3
1367,"north indian, south indian, chinese, fast food, mithai",north indian,3.4,1,400,70,0.3
9650,cafe,cafe,3.3,1,450,67,0.3
308335,pizza,pizza,2.7,2,600,35,0.3
18391065,"north indian, chinese, fast food",north indian,3.4,2,500,22,0.3
301193,bakery,bakery,3.3,1,200,17,0.3
18107832,"north indian, south indian, fast food, street food, mithai",north indian,2.6,2,600,39,0.3
18089254,"fast food, beverages",fast food,3.3,2,500,35,0.3
312981,bakery,bakery,3.4,2,500,35,0.3
18082235,"chinese, fast food",chinese,2.7,1,400,32,0.3
18138421,"fast food, desserts, ice cream, beverages",fast food,2.6,2,950,14,0.3
18421965,"cafe, north indian, chinese, continental",cafe,2.7,2,600,17,0.3
303267,"fast food, north indian",fast food,3.4,1,300,35,0.3
7471,italian,italian,4.5,3,1000,799,0.3
18219542,"bakery, fast food",bakery,3.6,1,400,62,0.3
18355112,"burger, fast food",burger,3.5,1,300,24,0.3
18270895,"cafe, american, mexican, italian, thai",cafe,3.8,2,900,134,0.3
18313839,bakery,bakery,3.5,1,400,26,0.3
5005,north indian,north indian,3.6,1,400,93,0.3
1820,"raw meats, north indian, chinese, fast food",raw meats,3.7,2,650,280,0.3
3863,"ice cream, desserts",ice cream,3.6,1,400,70,0.3
9814,"raw meats, north indian, fast food",raw meats,3.5,1,350,31,0.3
18474912,fast food,fast food,3.6,1,250,25,0.3
18161568,"juices, beverages",juices,3.5,1,150,18,0.3
18416829,beverages,beverages,3.6,1,400,27,0.3
18400756,"north indian, mughlai, chinese",north indian,3.8,2,750,27,0.3
301177,"bakery, fast food",bakery,3.5,1,400,39,0.3
6161,"bakery, fast food",bakery,3.6,1,400,126,0.3
2565,"fast food, bakery",fast food,3.8,1,150,75,0.3
3866,"american, fast food, salad, healthy food",american,3.5,2,500,143,0.3
18250288,"cafe, italian, mexican, continental",cafe,4.1,2,650,153,0.3
1430,north indian,north indian,2.9,1,400,43,0.3
18393702,ice cream,ice cream,2.9,1,300,4,0.3
6152,"chinese, fast food",chinese,2.5,1,400,25,0.3
306962,north indian,north indian,3.1,1,400,26,0.3
18445360,"north indian, chinese, continental",north indian,3.0,2,500,4,0.3
6150,north indian,north indian,3.4,1,250,22,0.3
18421024,"north indian, chinese, continental",north indian,3.3,2,800,14,0.3
18471260,north indian,north indian,3.1,1,300,8,0.3
18367316,"cafe, chinese",cafe,3.1,1,400,8,0.3
18466931,north indian,north indian,0.0,1,400,0,0.3
18466420,"chinese, north indian",chinese,0.0,1,300,0,0.3
18464607,chinese,chinese,0.0,1,300,0,0.3
18464631,chinese,chinese,0.0,1,300,0,0.3
301170,north indian,north indian,0.0,1,250,2,0.3
18466939,chinese,chinese,0.0,1,250,0,0.3
18380180,"north indian, chinese",north indian,0.0,1,400,0,0.3
18466407,fast food,fast food,0.0,2,500,0,0.3
304001,"chinese, north indian",chinese,2.8,1,400,20,0.3
8319,"north indian, mughlai, chinese",north indian,2.7,2,700,39,0.3
303871,"north indian, chinese",north indian,2.7,2,600,56,0.3
8321,"north indian, mughlai, chinese",north indian,2.7,2,500,43,0.3
311047,chinese,chinese,2.8,1,300,9,0.3
8320,north indian,north indian,2.7,1,400,20,0.3
8308,mithai,mithai,3.2,1,100,41,0.3
18303717,cafe,cafe,3.4,2,500,18,0.3
304004,"chinese, north indian",chinese,3.3,2,700,76,0.3
18472625,cafe,cafe,0.0,2,700,1,0.3
18420432,"north indian, chinese",north indian,3.0,1,200,6,0.3
9824,"north indian, mughlai",north indian,3.3,2,700,219,0.3
8029,"mithai, street food",mithai,2.8,1,200,11,0.3
312788,street food,street food,3.1,1,100,12,0.3
309672,"street food, south indian, mithai",street food,2.8,1,350,13,0.3
18359861,"bakery, fast food",bakery,3.0,1,200,7,0.3
18439547,north indian,north indian,0.0,1,200,1,0.3
18241538,"mithai, north indian",mithai,0.0,1,250,0,0.3
18452730,"ice cream, desserts, beverages",ice cream,0.0,1,400,1,0.3
18317486,"north indian, fast food",north indian,0.0,1,300,3,0.3
18432933,"north indian, mughlai, chinese",north indian,0.0,1,400,0,0.3
18452267,asian,asian,0.0,2,500,1,0.3
18466980,north indian,north indian,0.0,1,300,3,0.3
18469937,"street food, fast food",street food,0.0,1,100,2,0.3
18466937,"north indian, seafood",north indian,0.0,2,700,0,0.3
18433879,cafe,cafe,0.0,1,300,0,0.3
18369105,"cafe, italian, salad",cafe,2.6,2,650,15,0.3
18133473,"fast food, chinese",fast food,2.9,1,200,5,0.3
18458540,"street food, fast food",street food,0.0,1,200,0,0.3
18482753,north indian,north indian,0.0,1,400,0,0.3
8167,fast food,fast food,3.1,1,100,9,0.3
18463990,cafe,cafe,0.0,2,600,3,0.3
18353030,"chinese, fast food",chinese,0.0,1,300,2,0.3
18420465,"north indian, chinese, italian, fast food",north indian,3.1,2,700,7,0.3
309656,"raw meats, north indian, fast food",raw meats,3.1,1,350,9,0.3
305235,chinese,chinese,2.9,1,350,4,0.3
309654,north indian,north indian,0.0,2,500,1,0.3
18480389,desserts,desserts,0.0,1,300,0,0.3
18446428,north indian,north indian,0.0,1,300,0,0.3
4462,"bakery, desserts",bakery,0.0,1,200,2,0.3
18469962,"north indian, chinese",north indian,0.0,1,300,1,0.3
18380284,italian,italian,0.0,1,350,1,0.3
1414,"mithai, north indian, south indian, chinese, fast food",mithai,2.7,1,400,28,0.3
304112,"south indian, north indian, chinese",south indian,2.7,2,800,29,0.3
18472443,"mithai, street food, fast food",mithai,0.0,1,150,0,0.3
18456807,"north indian, mughlai, chinese",north indian,0.0,1,400,1,0.3
18471284,mughlai,mughlai,0.0,2,500,0,0.3
18471328,"fast food, beverages",fast food,0.0,1,100,0,0.3
18204478,"north indian, mughlai, chinese",north indian,3.0,2,500,6,0.3
18444264,"north indian, mughlai, chinese",north indian,3.3,2,500,12,0.3
9224,"bakery, desserts",bakery,3.1,1,150,19,0.3
8054,"bakery, desserts",bakery,3.1,1,100,14,0.3
304114,"north indian, mughlai",north indian,2.8,2,600,11,0.3
1413,"north indian, chinese",north indian,2.7,3,1000,70,0.3
1715,"raw meats, fast food",raw meats,3.1,1,400,18,0.3
4464,"north indian, chinese",north indian,2.9,1,300,14,0.3
5010,north indian,north indian,2.7,2,500,48,0.3
301127,"chinese, fast food",chinese,3.6,1,350,52,0.3
9233,"mithai, street food",mithai,0.0,1,100,1,0.3
18471246,biryani,biryani,0.0,1,200,0,0.3
18446082,"north indian, chinese",north indian,0.0,1,300,0,0.3
18396398,"north indian, south indian, chinese, fast food",north indian,0.0,1,400,2,0.3
18471244,"chinese, fast food",chinese,0.0,1,300,0,0.3
18367078,chinese,chinese,0.0,1,350,0,0.3
18469976,"bakery, fast food",bakery,0.0,1,200,1,0.3
18381643,"mithai, street food",mithai,0.0,1,100,0,0.3
18471327,"north indian, mughlai",north indian,0.0,1,400,0,0.3
18469936,"north indian, chinese",north indian,0.0,2,500,0,0.3
18433895,"north indian, mughlai, chinese",north indian,3.0,2,500,4,0.3
313089,north indian,north indian,0.0,2,550,3,0.3
18349251,"italian, north indian",italian,0.0,1,400,0,0.3
18344478,"north indian, chinese",north indian,0.0,2,600,0,0.3
18089775,"raw meats, fast food",raw meats,0.0,1,300,1,0.3
18424179,"north indian, chinese",north indian,0.0,1,300,0,0.3
309632,"pizza, fast food",pizza,2.9,2,700,10,0.3
312874,"raw meats, north indian, fast food",raw meats,3.1,1,350,5,0.3
18107870,"north indian, mughlai",north indian,2.9,2,500,4,0.3
18237362,"italian, fast food",italian,2.9,2,550,4,0.3
18277177,"mithai, south indian, chinese, street food",mithai,0.0,1,100,0,0.3
18345740,"north indian, chinese, mughlai",north indian,0.0,1,400,0,0.3
18472651,fast food,fast food,0.0,1,100,1,0.3
313076,"north indian, south indian, chinese",north indian,0.0,1,350,3,0.3
18380159,north indian,north indian,0.0,1,100,2,0.3
18377907,bakery,bakery,0.0,1,200,0,0.3
18292444,"chinese, north indian",chinese,0.0,2,600,0,0.3
307084,"fast food, chinese",fast food,3.2,2,700,47,0.3
305618,"north indian, mughlai",north indian,2.5,2,700,79,0.3
307803,bakery,bakery,3.5,1,200,29,0.3
18419654,south indian,south indian,0.0,1,250,1,0.3
18471285,"raw meats, fast food, north indian",raw meats,0.0,1,150,0,0.3
313040,"north indian, south indian, chinese, fast food",north indian,2.7,2,500,17,0.3
17982346,bakery,bakery,3.0,1,200,9,0.3
18204501,"north indian, chinese",north indian,3.0,1,250,7,0.3
1823,mithai,mithai,2.9,1,100,5,0.3
6143,"mithai, bakery, street food, chinese, south indian",mithai,3.0,1,300,8,0.3
8297,"mithai, street food",mithai,3.1,1,150,15,0.3
8318,north indian,north indian,2.9,1,450,16,0.3
18458631,"north indian, chinese",north indian,3.0,2,500,4,0.3
18382355,"pizza, fast food",pizza,0.0,1,400,1,0.3
312842,"north indian, chinese, fast food",north indian,3.0,1,450,10,0.3
312084,"north indian, chinese, continental",north indian,2.9,2,600,9,0.3
18247033,"north indian, chinese",north indian,3.2,2,650,24,0.3
18126118,pizza,pizza,3.4,2,550,19,0.3
18429393,"north indian, chinese",north indian,2.9,2,500,8,0.3
18241905,"north indian, chinese, raw meats",north indian,3.0,1,450,8,0.3
18425750,"north indian, chinese",north indian,3.2,2,500,39,0.3
18261694,"bakery, fast food",bakery,3.1,1,300,10,0.3
18365998,"north indian, mughlai, chinese",north indian,3.3,2,500,17,0.3
18273572,"north indian, chinese, mughlai",north indian,3.4,2,500,37,0.3
18363078,mughlai,mughlai,3.5,2,600,33,0.3
18356019,"bakery, fast food",bakery,3.1,1,200,9,0.3
312688,"bakery, desserts",bakery,0.0,2,800,3,0.3
18381668,chinese,chinese,0.0,1,300,2,0.3
18287397,north indian,north indian,0.0,1,450,1,0.3
18294253,bakery,bakery,0.0,1,300,0,0.3
18471304,fast food,fast food,0.0,1,150,0,0.3
8026,"mithai, street food, chinese",mithai,2.9,1,100,4,0.3
18265697,"north indian, chinese, mughlai",north indian,3.0,2,550,14,0.3
307151,"north indian, chinese",north indian,2.8,2,500,13,0.3
18107844,"fast food, beverages",fast food,2.8,1,400,5,0.3
18337896,"fast food, pizza",fast food,2.6,2,550,12,0.3
18261699,"north indian, chinese, south indian",north indian,3.0,2,550,8,0.3
18306531,north indian,north indian,3.1,1,300,7,0.3
303571,"north indian, chinese",north indian,3.1,2,600,18,0.3
8099,"north indian, chinese, south indian, fast food",north indian,3.0,1,350,22,0.3
18477428,bakery,bakery,3.0,1,400,4,0.3
8037,"mithai, street food",mithai,0.0,1,100,0,0.3
18471308,"fast food, chinese, burger",fast food,0.0,1,300,0,0.3
18471318,italian,italian,0.0,2,500,0,0.3
18471320,fast food,fast food,0.0,1,300,0,0.3
18460293,mediterranean,mediterranean,0.0,2,500,3,0.3
18446418,"north indian, mughlai",north indian,0.0,2,500,3,0.3
9496,"mithai, street food",mithai,0.0,1,100,0,0.3
312967,"south indian, chinese, north indian",south indian,0.0,1,200,2,0.3
18449815,"north indian, mughlai, continental",north indian,0.0,2,600,1,0.3
2680,"bakery, desserts",bakery,3.0,2,700,10,0.3
2679,finger food,finger food,3.1,3,1400,18,0.3
8417,"north indian, continental, chinese",north indian,3.3,3,1900,56,0.3
309757,north indian,north indian,2.8,1,150,14,0.3
307903,bakery,bakery,3.0,1,150,6,0.3
313502,north indian,north indian,3.6,1,300,161,0.3
18409175,"fast food, cafe, desserts, bakery",fast food,3.9,2,500,52,0.3
18456342,north indian,north indian,0.0,1,350,1,0.3
18244229,ice cream,ice cream,0.0,1,250,0,0.3
300713,"north indian, chinese",north indian,2.5,4,2500,184,0.3
8623,cafe,cafe,3.4,2,650,33,0.3
1318,ice cream,ice cream,3.3,1,300,27,0.3
311523,"burger, fast food",burger,3.4,2,500,327,0.3
8590,cafe,cafe,3.2,1,450,63,0.3
8583,chinese,chinese,2.9,2,600,16,0.3
300756,"north indian, chinese, continental",north indian,2.6,3,1500,92,0.3
4239,cafe,cafe,3.3,2,600,60,0.3
18168161,"pizza, fast food",pizza,3.2,2,700,17,0.3
18381223,south indian,south indian,3.0,2,500,6,0.3
18034077,"north indian, mughlai",north indian,2.7,2,600,14,0.3
3824,chinese,chinese,2.6,2,700,181,0.3
2572,"fast food, burger",fast food,3.3,2,500,150,0.3
8595,fast food,fast food,3.1,1,100,7,0.3
309702,"burger, desserts, fast food",burger,3.6,2,600,252,0.3
8601,"north indian, south indian, chinese, street food, fast food, mithai, desserts",north indian,3.6,2,600,187,0.3
1683,"north indian, mughlai",north indian,1.8,3,1000,322,0.3
301670,"north indian, fast food",north indian,3.3,1,400,114,0.3
17953902,"south indian, north indian, chinese",south indian,3.2,2,550,80,0.3
130409,"italian, french, cafe",italian,4.5,3,800,280,0.3
130275,fast food,fast food,4.8,4,1100,415,0.3
130332,finger food,finger food,4.4,4,2000,646,0.3
130230,"continental, north indian, italian, seafood, goan",continental,3.5,4,1500,1681,0.3
16519268,"seafood, french",seafood,4.6,3,800,302,0.3
16512186,"north indian, chinese, continental, goan, seafood",north indian,3.8,4,1100,911,0.3
16512333,"north indian, continental, chinese, seafood",north indian,4.3,4,1400,2191,0.3
16512336,"north indian, continental, goan",north indian,4.2,4,1000,856,0.3
16519168,"goan, seafood, chinese, north indian",goan,4.4,4,1600,1115,0.3
130021,"italian, continental, goan",italian,3.7,3,800,1221,0.3
130567,"north indian, continental, goan",north indian,4.3,4,1300,918,0.3
130008,"goan, north indian, chinese",goan,3.8,3,700,601,0.3
16519267,"goan, seafood, chinese",goan,4.2,3,800,414,0.3
130535,"continental, goan, seafood, north indian",continental,4.6,4,1100,555,0.3
130699,finger food,finger food,3.7,4,1500,516,0.3
16512168,"goan, seafood, north indian",goan,4.5,3,600,840,0.3
130888,"seafood, continental, european, german",seafood,4.7,4,1500,681,0.3
16519231,cafe,cafe,4.3,3,800,265,0.3
16541849,"continental, goan, seafood, north indian",continental,4.4,4,1100,323,0.3
18022206,seafood,seafood,4.2,4,2000,367,0.3
18396451,"cafe, beverages",cafe,3.4,1,350,16,0.3
18237941,"north indian, mughlai",north indian,2.7,2,800,80,0.3
2787,"north indian, mughlai",north indian,4.3,4,2000,1887,0.3
3431,"south indian, seafood, kerala",south indian,4.0,3,1400,802,0.3
303699,bakery,bakery,3.0,1,250,4,0.3
5915,ice cream,ice cream,3.0,1,200,5,0.3
7076,chinese,chinese,3.0,1,200,10,0.3
311866,fast food,fast food,0.0,1,100,2,0.3
300439,"japanese, thai, chinese",japanese,3.0,3,1200,57,0.3
18458334,"pizza, desserts",pizza,3.1,2,500,4,0.3
18353710,"raw meats, fast food",raw meats,2.9,1,350,4,0.3
18291229,"south indian, chinese, mughlai",south indian,0.0,1,450,0,0.3
18398616,"fast food, north indian",fast food,0.0,1,300,0,0.3
18430561,"north indian, chinese",north indian,0.0,1,300,2,0.3
18445248,"north indian, south indian, chinese",north indian,0.0,2,500,1,0.3
18313132,cafe,cafe,0.0,2,600,2,0.3
18433874,raw meats,raw meats,0.0,2,500,1,0.3
18291231,"mithai, north indian",mithai,0.0,1,100,0,0.3
18477541,"north indian, chinese, fast food",north indian,0.0,2,500,1,0.3
18352271,north indian,north indian,0.0,1,200,0,0.3
18291233,"north indian, chinese",north indian,0.0,1,350,0,0.3
18441809,"south indian, street food",south indian,0.0,1,300,1,0.3
18349508,"north indian, chinese",north indian,0.0,1,250,0,0.3
18217127,"north indian, chinese",north indian,0.0,2,500,1,0.3
18471335,north indian,north indian,0.0,1,200,0,0.3
18458335,"north indian, mughlai, seafood",north indian,0.0,2,800,0,0.3
18429842,fast food,fast food,0.0,1,350,3,0.3
5904,japanese,japanese,2.8,3,1500,13,0.3
5876,"north indian, chinese, continental",north indian,2.9,4,2500,15,0.3
872,"bakery, fast food",bakery,3.9,2,500,415,0.7218045112781954
18365849,biryani,biryani,3.4,2,600,36,0.3
227,"pizza, fast food",pizza,3.4,2,700,104,0.7142857142857143
3446,"ice cream, desserts",ice cream,3.4,1,400,70,0.3
300100,"italian, pizza, lebanese",italian,3.3,2,900,218,0.3
8597,lebanese,lebanese,3.4,2,500,225,0.3
3449,"american, fast food, salad, healthy food",american,2.5,2,500,150,0.3
303749,"chinese, thai, north indian, japanese",chinese,3.8,3,1600,184,0.3
18349898,north indian,north indian,3.9,3,1400,146,0.3
18349892,"north indian, fast food",north indian,3.6,2,600,33,0.3
18425752,"cafe, tea",cafe,4.3,1,400,48,0.3
7507,"north indian, asian, continental",north indian,3.8,3,1500,91,0.3
300490,finger food,finger food,3.0,3,1000,7,0.3
300488,"continental, north indian, chinese",continental,3.5,3,1800,37,0.3
18306521,"chinese, italian, north indian",chinese,3.5,4,2200,32,0.3
309090,"north indian, chinese, italian, continental",north indian,3.4,3,1300,19,0.3
18441709,"chinese, north indian, italian",chinese,3.2,4,2700,6,0.3
18441707,"chinese, north indian, italian",chinese,0.0,4,2500,3,0.3
304832,"cafe, belgian",cafe,3.9,3,1700,231,0.3
311297,kashmiri,kashmiri,3.7,2,800,364,0.3
303858,"finger food, continental, italian",finger food,3.7,3,1700,127,0.3
302288,"north indian, mughlai, chinese, seafood",north indian,3.5,3,1000,351,0.3
18233573,"chinese, thai, sushi",chinese,4.0,3,1500,162,0.3
309015,"continental, north indian, chinese, italian",continental,4.2,3,1300,248,0.3
18382344,"mediterranean, continental",mediterranean,4.2,3,1500,144,0.3
18254537,"continental, european, asian, north indian, chinese, italian",continental,4.1,3,1600,214,0.3
4358,"north indian, continental, chinese",north indian,3.9,4,3500,181,0.3
2443,south american,south american,3.7,4,5000,131,0.3
270,"north indian, mughlai, chinese",north indian,2.8,2,700,191,0.7443609022556391
309252,"american, mexican",american,3.3,3,1000,793,0.3
18303709,"asian, burmese",asian,4.6,3,1500,563,0.3
18409224,"persian, arabian, lebanese, north indian",persian,4.6,3,1200,177,0.3
18277179,"chinese, japanese, sushi",chinese,4.5,3,1800,407,0.3
308570,"cafe, italian, pizza",cafe,3.7,3,1200,647,0.3
308263,"cafe, bakery",cafe,3.7,2,600,503,0.3
306133,"pizza, italian",pizza,3.7,4,2500,980,0.3
306142,"tea, fast food",tea,3.7,1,200,544,0.3
308609,"ice cream, desserts",ice cream,3.6,1,400,455,0.3
18383453,"north indian, chinese, italian",north indian,3.9,3,1250,230,0.3
305478,"burger, desserts, fast food",burger,3.8,2,600,701,0.3
308357,"steak, american",steak,3.6,3,1800,313,0.3
306128,italian,italian,3.6,3,1500,625,0.3
308020,"desserts, beverages",desserts,3.9,1,350,425,0.3
309883,north indian,north indian,3.6,3,1100,734,0.3
306132,"bengali, seafood",bengali,3.8,3,1700,706,0.3
306956,"mediterranean, italian, european",mediterranean,3.9,4,2000,1490,0.3
305862,"healthy food, salad",healthy food,3.9,2,600,870,0.3
307309,"continental, italian",continental,3.8,4,2000,1065,0.3
306131,"cafe, desserts",cafe,3.6,2,700,365,0.3
306127,"chinese, japanese, thai, asian",chinese,3.5,3,1400,384,0.3
313149,"north indian, thai, continental",north indian,3.9,3,1400,622,0.3
306001,cafe,cafe,3.9,2,700,560,0.3
308016,"mediterranean, european, american, north indian",mediterranean,3.8,4,2300,1046,0.3
18336509,"mexican, fast food",mexican,3.8,2,550,176,0.3
18336176,"continental, italian",continental,3.7,3,1700,173,0.3
18383472,"bakery, cafe",bakery,3.8,2,600,227,0.3
18292448,"burger, fast food",burger,3.9,1,400,296,0.3
306134,"italian, european",italian,2.4,4,2000,2412,0.3
306946,"continental, american, italian, seafood, north indian, cafe",continental,4.0,4,2000,1840,0.3
18289242,"continental, american, asian, north indian",continental,4.3,3,1500,716,0.3
18277030,"cafe, bakery, desserts",cafe,4.0,2,800,199,0.3
306153,north indian,north indian,4.0,4,2000,1658,0.3
308022,modern indian,modern indian,4.3,4,2200,4385,0.3
305905,"mediterranean, mexican, north indian, american",mediterranean,4.1,4,2500,1949,0.3
18245277,"pizza, fast food",pizza,4.0,2,900,219,0.3
305670,"north indian, mughlai",north indian,4.0,3,1500,1595,0.3
305815,"portuguese, african",portuguese,4.0,3,1200,1730,0.3
18208920,"american, italian, chinese",american,4.1,3,1750,353,0.3
306046,"parsi, iranian",parsi,4.0,3,1300,2843,0.3
18381226,"north indian, continental, asian",north indian,4.0,3,1500,209,0.3
4992,"north indian, continental",north indian,3.1,3,1200,185,0.3
300749,"cafe, tea",cafe,3.8,1,400,393,0.3
278,chinese,chinese,3.8,3,1500,333,0.7969924812030075
225,"pizza, fast food",pizza,2.4,2,700,125,0.8270676691729323
18337929,"european, continental",european,4.2,3,1800,205,0.3
5960,finger food,finger food,3.4,3,1700,294,0.3
1664,"north indian, chinese, fast food",north indian,3.3,2,700,129,0.3
157,"american, fast food, salad, healthy food",american,2.5,2,500,125,0.7293233082706767
18235155,"burger, fast food",burger,3.8,1,300,74,0.3
310211,street food,street food,3.7,1,350,217,0.3
3346,"north indian, mughlai",north indian,3.8,2,700,239,0.3
310854,"street food, fast food, north indian",street food,3.8,1,350,317,0.3
18247015,chinese,chinese,3.9,2,650,136,0.3
309387,"pizza, fast food",pizza,3.6,2,900,426,0.3
7418,"bakery, desserts, fast food",bakery,3.8,1,400,196,0.3
1455,"mughlai, north indian",mughlai,3.5,2,800,173,0.3
18241867,"cafe, italian, fast food",cafe,3.5,2,700,52,0.3
308889,"continental, north indian",continental,3.5,2,500,189,0.3
4620,"bakery, fast food",bakery,2.4,2,800,88,0.3
18322666,"beverages, salad",beverages,4.3,1,400,154,0.3
311718,chinese,chinese,4.0,2,800,169,0.3
18255106,"finger food, north indian, italian, european, continental",finger food,4.1,4,2500,230,0.3
4876,cafe,cafe,3.2,2,650,18,0.3
631,cafe,cafe,2.6,1,450,27,0.8045112781954887
226,"pizza, fast food",pizza,2.8,2,700,30,0.8045112781954887
8805,italian,italian,3.0,3,1500,49,0.3
3540,"fast food, burger",fast food,2.6,2,500,30,0.3
311579,north indian,north indian,3.3,2,500,27,0.3
303709,"italian, pizza, fast food",italian,2.8,2,800,29,0.3
18391156,"bakery, desserts, fast food",bakery,3.3,1,300,13,0.3
301319,"bakery, desserts, beverages",bakery,3.3,1,350,20,0.3
158,"american, fast food, salad, healthy food",american,3.1,2,500,46,0.706766917293233
1360,"biryani, north indian",biryani,2.5,2,600,69,0.3
310737,"north indian, continental, chinese, japanese, italian, thai",north indian,3.9,4,2000,490,0.3
4762,"chinese, thai",chinese,3.5,2,800,112,0.3
311736,ice cream,ice cream,0.0,1,300,3,0.3
311116,"american, fast food, burger",american,2.2,2,500,73,0.3
3483,"burmese, chinese, thai",burmese,3.4,2,800,65,0.3
18308025,"beverages, juices",beverages,3.1,1,150,9,0.3
307272,"north indian, chinese, fast food",north indian,3.2,2,800,184,0.3
18025115,bakery,bakery,2.9,1,200,4,0.3
18454285,"chinese, mexican, fast food, continental",chinese,3.0,1,250,4,0.3
1687,"north indian, mughlai",north indian,2.9,2,600,5,0.3
308605,kashmiri,kashmiri,3.4,2,750,84,0.3
18422652,mughlai,mughlai,3.2,2,550,10,0.3
18131568,"north indian, mughlai",north indian,3.2,2,650,15,0.3
18034048,"chinese, north indian",chinese,3.1,2,650,12,0.3
18138457,"north indian, mughlai, fast food",north indian,2.9,2,700,35,0.3
313272,"biryani, north indian",biryani,2.9,1,200,4,0.3
9778,"american, fast food, salad, healthy food",american,2.8,2,500,54,0.3
312523,bakery,bakery,3.1,2,500,10,0.3
18424575,"continental, fast food",continental,3.1,2,600,7,0.3
18204463,"continental, italian, pizza, asian",continental,4.6,2,500,395,0.3
307627,"chinese, thai, asian, malaysian, vietnamese, japanese",chinese,3.9,3,1500,360,0.3
301302,"bakery, desserts",bakery,3.8,1,200,326,0.3
312995,"biryani, mughlai",biryani,3.9,2,700,403,0.3
308577,"american, fast food",american,3.8,3,1000,447,0.3
313376,"healthy food, salad",healthy food,3.5,2,600,56,0.3
312536,"healthy food, salad",healthy food,3.6,2,700,38,0.3
310385,"japanese, sushi",japanese,3.8,3,1300,124,0.3
18464003,fast food,fast food,0.0,1,250,1,0.3
18349915,"cafe, tea",cafe,0.0,1,400,3,0.3
18299228,chinese,chinese,0.0,1,400,2,0.3
18034074,"fast food, chinese",fast food,0.0,1,200,1,0.3
311080,"north indian, chinese, italian",north indian,3.8,2,500,299,0.3
18462603,"street food, chinese, north indian",street food,0.0,1,400,0,0.3
18481295,north indian,north indian,0.0,1,300,0,0.3
18472765,"north indian, chinese, continental",north indian,0.0,2,600,0,0.3
18499452,healthy food,healthy food,0.0,1,200,0,0.3
18500652,north indian,north indian,0.0,1,400,0,0.3
18361580,street food,street food,0.0,1,200,0,0.3
18417487,"chinese, north indian",chinese,0.0,1,200,1,0.3
18462605,mughlai,mughlai,0.0,1,300,0,0.3
18462609,"fast food, north indian, beverages",fast food,0.0,2,600,0,0.3
3565,"north indian, chinese, fast food",north indian,2.5,1,350,16,0.3
18367364,south indian,south indian,3.2,1,400,13,0.3
1028,"north indian, chinese",north indian,3.0,1,400,160,0.3
308673,"mithai, street food, north indian",mithai,2.6,1,200,36,0.3
18383473,mughlai,mughlai,3.2,2,700,17,0.3
18444416,"fast food, street food, beverages",fast food,3.3,1,350,11,0.3
18161609,cafe,cafe,3.1,1,450,9,0.3
611,cafe,cafe,3.2,1,450,26,0.6992481203007519
18322677,"cafe, street food",cafe,3.2,1,400,21,0.3
18204847,bakery,bakery,3.3,2,600,25,0.3
308044,"bakery, desserts, fast food",bakery,2.8,1,200,18,0.3
18294819,"bakery, desserts",bakery,2.9,2,600,7,0.3
309697,"bakery, desserts",bakery,3.0,2,600,35,0.3
18444353,bakery,bakery,3.4,1,300,18,0.3
304185,"north indian, chinese",north indian,3.0,2,700,14,0.3
18383489,"south indian, north indian",south indian,3.2,1,300,15,0.3
312022,bakery,bakery,3.4,2,550,18,0.3
18425765,north indian,north indian,3.4,2,550,29,0.3
2827,"north indian, chinese",north indian,2.7,1,450,22,0.3
18223957,street food,street food,3.3,1,300,14,0.3
18492107,"chinese, north indian",chinese,3.4,1,300,19,0.3
300074,street food,street food,3.1,1,150,83,0.3
305096,"north indian, south indian",north indian,2.5,1,400,20,0.3
18336206,north indian,north indian,2.5,1,400,19,0.3
303094,"south indian, north indian, chinese",south indian,3.4,1,400,359,0.3
306858,"north indian, chinese",north indian,2.6,2,600,51,0.3
312562,"north indian, chinese",north indian,3.1,1,400,53,0.3
307935,"fast food, chinese",fast food,3.1,1,350,71,0.3
302184,north indian,north indian,3.1,1,300,33,0.3
1694,"chinese, north indian",chinese,2.7,1,200,19,0.3
309541,"north indian, chinese, continental",north indian,3.4,3,1000,132,0.3
18161587,"north indian, mughlai, chinese",north indian,3.2,2,500,74,0.3
18258475,"north indian, chinese",north indian,3.0,2,500,6,0.3
313209,"fast food, north indian",fast food,3.2,1,200,42,0.3
302229,"street food, mithai",street food,3.1,1,100,29,0.3
18441196,"north indian, greek, mughlai",north indian,3.2,1,300,14,0.3
18398610,"continental, north indian, chinese",continental,3.4,2,550,35,0.3
18237322,fast food,fast food,3.2,1,300,45,0.3
309696,"north indian, mughlai, chinese",north indian,2.7,2,600,51,0.3
18357544,"biryani, north indian",biryani,2.9,2,700,22,0.3
18431563,"fast food, beverages",fast food,3.3,2,550,15,0.3
18337747,"north indian, chinese",north indian,3.0,1,350,12,0.3
18258477,"fast food, pizza",fast food,3.2,2,500,38,0.3
18396189,"fast food, beverages",fast food,3.2,1,400,15,0.3
6915,"north indian, biryani, fast food, chinese",north indian,2.7,1,350,23,0.3
18233576,"north indian, mughlai",north indian,3.3,2,600,23,0.3
18256890,"chinese, north indian, south indian",chinese,2.8,1,400,31,0.3
18384115,"mexican, american, healthy food",mexican,4.9,2,500,223,0.3
18352208,bakery,bakery,3.7,1,200,55,0.3
4171,"burger, fast food, chinese",burger,3.6,1,300,319,0.3
18238279,"chinese, thai",chinese,3.5,2,550,46,0.3
18286517,"north indian, chinese",north indian,3.9,1,400,54,0.3
575,"biryani, north indian, mughlai",biryani,3.7,2,800,371,0.7744360902255639
18280305,"north indian, chinese",north indian,3.6,1,300,26,0.3
18359286,"north indian, mughlai, chinese",north indian,3.5,2,500,66,0.3
18450609,south indian,south indian,3.5,1,250,28,0.3
18237324,north indian,north indian,3.5,1,300,27,0.3
18461214,"italian, lebanese, fast food, bakery",italian,3.6,1,400,29,0.3
18294226,north indian,north indian,3.8,2,500,45,0.3
18383513,"mediterranean, mughlai, thai, north indian, chinese",mediterranean,3.5,3,1000,19,0.3
18372311,"continental, north indian, asian",continental,3.5,2,500,52,0.3
4172,"north indian, south indian, chinese",north indian,2.0,1,400,60,0.3
310525,"north indian, mughlai, chinese",north indian,2.1,2,500,34,0.3
300054,bakery,bakery,2.2,1,350,136,0.3
301278,north indian,north indian,2.2,2,500,43,0.3
18451182,"healthy food, juices, salad, italian, continental",healthy food,4.0,2,500,34,0.3
18384142,"beverages, salad, beverages",beverages,4.3,1,400,33,0.3
18241498,"healthy food, north indian, continental",healthy food,4.0,1,300,162,0.3
18265384,"juices, beverages, healthy food",juices,4.3,2,700,217,0.3
311494,north indian,north indian,3.1,2,550,195,0.3
7078,kashmiri,kashmiri,3.4,3,1000,210,0.3
307185,"biryani, lucknowi, north indian",biryani,3.4,2,500,165,0.3
18371404,"italian, pizza",italian,3.7,3,1000,98,0.3
18281982,"japanese, tibetan, vietnamese, korean",japanese,3.8,2,700,115,0.3
311725,"continental, burger, american",continental,3.5,2,800,129,0.3
18365994,"north indian, mughlai, biryani",north indian,3.9,2,600,164,0.3
18254524,"awadhi, north indian, mughlai",awadhi,3.8,2,800,86,0.3
18070480,"continental, north indian, chinese",continental,3.5,3,1200,269,0.3
312261,fast food,fast food,3.9,2,600,124,0.3
18433890,"asian, chinese, north indian",asian,3.8,2,600,61,0.3
18138434,"italian, fast food",italian,3.9,2,500,90,0.3
303100,"north indian, mughlai",north indian,3.6,2,750,213,0.3
18025125,"healthy food, european, continental, salad",healthy food,3.6,2,750,461,0.3
18425140,"burger, american, fast food",burger,4.2,2,850,93,0.3
18241497,"cafe, continental",cafe,4.4,2,750,161,0.3
18153541,"cafe, continental, italian, pizza",cafe,4.1,3,1300,255,0.3
18339049,"north indian, mughlai",north indian,4.0,2,600,88,0.3
18232093,"chinese, asian, thai",chinese,4.1,2,650,134,0.3
18361762,"north indian, mughlai",north indian,4.1,2,650,152,0.3
18025098,"fast food, italian, pizza",fast food,4.1,2,600,151,0.3
18337913,"american, fast food",american,3.4,2,600,42,0.3
18138446,"burger, fast food",burger,3.6,1,300,39,0.3
18383447,"chinese, thai, asian",chinese,3.9,1,400,40,0.3
18381262,"bakery, desserts",bakery,3.8,1,300,93,0.3
18349894,"bakery, desserts, fast food",bakery,3.1,1,400,7,0.3
304552,"japanese, sushi",japanese,3.4,3,1100,129,0.3
4618,"bakery, fast food",bakery,2.9,2,800,107,0.3
307366,cafe,cafe,3.6,2,550,59,0.3
18366026,"north indian, mithai, chinese, street food",north indian,3.8,2,800,40,0.3
9895,"italian, mexican, cafe",italian,3.6,3,1100,296,0.3
18453035,"greek, mediterranean",greek,3.6,3,1200,27,0.3
302455,"american, european, north indian",american,3.5,3,1800,259,0.3
308248,"bakery, desserts, beverages",bakery,3.5,1,350,34,0.3
313047,"north indian, street food, beverages",north indian,3.8,3,1000,120,0.3
8241,"continental, north indian, european, finger food",continental,4.2,4,3200,1193,0.3
18341926,"cafe, italian, european, bakery",cafe,4.1,3,1400,147,0.3
308023,"bakery, desserts, beverages",bakery,4.1,2,500,227,0.3
311486,"continental, american, italian",continental,4.0,3,1600,192,0.3
18138430,"cafe, italian, bakery",cafe,4.4,3,1000,83,0.3
18361778,"north indian, asian, european",north indian,4.2,4,3000,77,0.3
9742,"north indian, mughlai",north indian,4.1,3,1600,229,0.3
7518,"pizza, italian",pizza,3.4,4,2000,52,0.3
7516,"european, italian",european,3.6,4,3000,58,0.3
3586,cafe,cafe,3.3,2,650,25,0.3
313264,"burger, fast food",burger,3.4,2,500,452,0.3
311805,"north indian, chinese",north indian,2.6,4,2000,35,0.3
308897,"american, fast food, burger",american,2.6,2,500,134,0.3
2825,north indian,north indian,2.7,3,1100,426,0.3
9674,"south indian, north indian, chinese",south indian,2.9,2,800,108,0.3
18276997,cafe,cafe,3.8,1,150,35,0.3
18336180,"north indian, mughlai",north indian,2.6,2,800,26,0.3
311061,"north indian, chinese, continental",north indian,3.2,2,500,38,0.3
18312471,bengali,bengali,3.6,2,550,86,0.3
18378048,north indian,north indian,3.6,3,1000,29,0.3
18462584,"north indian, mughlai, biryani",north indian,3.8,2,700,43,0.3
5019,bakery,bakery,3.6,3,1000,42,0.3
4719,"north indian, mughlai",north indian,4.0,4,2000,111,0.3
305400,"north indian, chinese, continental",north indian,2.6,4,2500,20,0.3
309141,"north indian, italian, mexican",north indian,2.7,1,300,24,0.3
302880,"mughlai, north indian",mughlai,2.8,3,1000,261,0.3
303960,"finger food, american, continental, north indian, italian",finger food,4.6,4,2000,2093,0.3
9773,"korean, japanese, chinese, asian",korean,3.6,3,1500,38,0.3
309125,japanese,japanese,3.9,3,1250,106,0.3
18463965,"continental, finger food, chinese, north indian",continental,3.8,3,1600,31,0.3
18408054,"mughlai, hyderabadi",mughlai,4.1,2,700,84,0.3
2091,"north indian, chinese",north indian,3.3,1,400,165,0.3
305790,"north indian, chinese, fast food",north indian,2.7,3,1000,185,0.3
3445,"north indian, chinese",north indian,2.8,2,550,48,0.3
312111,"chinese, north indian",chinese,2.8,2,800,14,0.3
2475,"north indian, chinese",north indian,3.2,2,850,37,0.3
18361772,"chinese, north indian, italian, continental",chinese,3.2,2,800,30,0.3
308553,"north indian, mughlai, chinese",north indian,3.3,2,800,336,0.3
307043,"continental, north indian",continental,3.4,3,1000,106,0.3
307304,"north indian, chinese",north indian,3.4,2,600,50,0.3
18427868,"american, continental, burger",american,4.6,3,1000,150,0.3
2148,italian,italian,3.7,4,2200,416,0.3
18450874,"north indian, chinese, thai",north indian,3.6,2,500,32,0.3
18408063,"north indian, mughlai",north indian,3.6,2,900,110,0.3
18393697,italian,italian,3.8,2,500,74,0.3
8931,"japanese, chinese, asian, malaysian, thai, vietnamese",japanese,3.5,3,1500,81,0.3
306880,cafe,cafe,3.5,1,450,116,0.3
18408031,"north indian, mughlai, biryani",north indian,3.6,2,550,36,0.3
304897,"healthy food, continental",healthy food,3.7,2,700,224,0.3
309136,chinese,chinese,3.6,3,1500,148,0.3
307580,"burmese, chinese, japanese, malaysian, thai",burmese,3.9,4,2000,280,0.3
18430557,"north indian, continental, italian",north indian,3.9,3,1700,67,0.3
18441771,"seafood, mediterranean",seafood,3.7,4,2000,45,0.3
18460311,"north indian, chinese",north indian,3.5,2,700,27,0.3
18161583,"tibetan, nepalese",tibetan,3.6,2,850,241,0.3
18237346,"kashmiri, mughlai",kashmiri,4.2,3,1200,146,0.3
311662,"pizza, mexican, chinese, italian",pizza,4.0,3,1000,259,0.3
18430602,"continental, healthy food",continental,4.0,2,700,20,0.3
5172,"north indian, south indian, street food, mithai",north indian,3.1,2,500,138,0.3
6643,"american, fast food, salad, healthy food",american,2.8,2,500,101,0.3
300978,"south indian, chinese, north indian",south indian,3.1,1,400,94,0.3
311640,"north indian, chinese",north indian,2.8,3,1400,7,0.3
311629,"north indian, chinese",north indian,0.0,3,1400,2,0.3
303430,"north indian, continental, chinese",north indian,2.8,3,1500,15,0.3
303486,"north indian, chinese",north indian,0.0,2,600,2,0.3
309423,finger food,finger food,2.9,3,1000,6,0.3
309421,"north indian, chinese, continental",north indian,2.7,3,1300,13,0.3
308390,"north indian, mughlai",north indian,3.4,1,450,260,0.3
308473,"fast food, burger",fast food,2.7,2,500,90,0.3
308997,"italian, pizza",italian,3.6,2,800,144,0.3
308470,"burger, desserts, fast food",burger,3.6,2,600,243,0.3
308477,"north indian, mughlai",north indian,3.8,2,600,121,0.3
307786,cafe,cafe,3.8,2,700,183,0.3
308447,fast food,fast food,4.0,2,500,647,0.3
17977796,cafe,cafe,3.8,3,1500,73,0.3
17977757,drinks only,drinks only,0.0,4,2100,0,0.3
4256,"fast food, north indian, chinese",fast food,2.7,3,1000,96,0.3
18306548,"fast food, street food",fast food,3.4,1,300,41,0.3
5032,"north indian, american, italian",north indian,2.8,3,1850,91,0.3
7472,japanese,japanese,3.6,3,1000,70,0.3
302336,"asian, bakery",asian,2.8,3,1500,21,0.3
8413,street food,street food,3.7,2,500,364,0.3
8437,lucknowi,lucknowi,3.7,3,1000,179,0.3
8019,finger food,finger food,3.4,3,1600,23,0.3
307416,finger food,finger food,3.6,4,4500,218,0.3
18369743,italian,italian,4.1,4,4000,38,0.3
307533,finger food,finger food,3.0,3,1900,6,0.3
307225,"north indian, continental, asian",north indian,3.0,3,1400,19,0.3
307426,"north indian, finger food",north indian,3.0,3,1200,10,0.3
6700,"north indian, continental, chinese",north indian,3.2,4,2000,137,0.3
300538,south indian,south indian,2.8,1,300,45,0.3
4879,cafe,cafe,3.3,2,650,22,0.3
18198441,"fast food, chinese, bengali",fast food,3.3,1,400,38,0.3
18334445,"north indian, chinese, fast food",north indian,3.2,1,300,21,0.3
302920,cafe,cafe,3.1,1,450,20,0.3
18430882,"chinese, thai, japanese, tibetan",chinese,2.8,2,800,15,0.3
313204,"continental, italian, mexican",continental,3.4,2,750,69,0.3
303477,"north indian, chinese, mughlai",north indian,3.2,2,550,75,0.3
5230,"continental, north indian, mughlai, chinese",continental,2.6,3,1800,115,0.3
3582,japanese,japanese,3.2,3,1200,39,0.3
303470,"north indian, chinese, mughlai",north indian,2.8,1,400,36,0.3
429,"north indian, mughlai, chinese",north indian,2.7,2,600,61,0.7293233082706767
18034040,"north indian, chinese",north indian,2.8,3,1200,23,0.3
17953932,"arabian, lebanese",arabian,3.1,2,600,82,0.3
312668,finger food,finger food,3.1,4,2200,13,0.3
997,"chinese, asian",chinese,3.8,4,2000,283,0.7142857142857143
2144,"mughlai, pakistani, north indian",mughlai,3.8,3,1600,665,0.3
305682,"bakery, desserts, fast food",bakery,3.6,2,550,69,0.3
17953934,"italian, chinese, continental, thai, mediterranean, lebanese",italian,3.7,2,600,198,0.3
3855,"american, seafood, italian, japanese, thai",american,3.5,4,2500,57,0.3
310445,"bakery, desserts, fast food",bakery,3.6,1,200,43,0.3
892,"chinese, north indian, south indian, street food",chinese,2.3,1,350,31,0.6992481203007519
2056,"north indian, chinese",north indian,2.4,2,600,35,0.3
307509,bakery,bakery,4.1,2,600,246,0.3
797,cafe,cafe,3.3,2,600,31,0.849624060150376
308013,"continental, asian, north indian, italian",continental,3.5,3,1500,240,0.3
2760,"finger food, continental, north indian, italian, chinese",finger food,3.7,3,1500,1902,0.3
8913,"north indian, continental, mughlai, asian",north indian,4.1,4,2000,2806,0.3
311759,cafe,cafe,3.2,2,650,13,0.3
18446889,"ice cream, desserts",ice cream,3.0,1,350,5,0.3
9957,"fast food, burger",fast food,3.2,2,500,68,0.3
308840,"south indian, chinese",south indian,2.6,1,450,120,0.3
18432226,"cafe, american, desserts, italian, bakery",cafe,3.7,2,650,18,0.3
311777,cafe,cafe,3.5,2,700,66,0.3
2064,"north indian, mughlai",north indian,2.7,2,800,67,0.3
311758,thai,thai,3.3,2,550,40,0.3
514,cafe,cafe,3.4,2,650,39,0.7518796992481203
18408212,"cafe, italian",cafe,3.4,2,600,19,0.3
2061,chinese,chinese,2.9,2,750,42,0.3
2458,"fast food, burger",fast food,3.4,2,500,234,0.3
420,"gujarati, rajasthani",gujarati,2.9,2,750,501,0.7142857142857143
1599,"street food, north indian",street food,2.6,2,700,61,0.3
159,"american, fast food, salad, healthy food",american,3.3,2,500,81,0.7443609022556391
300119,fast food,fast food,3.4,1,350,118,0.3
18466924,"mughlai, north indian",mughlai,3.1,2,700,13,0.3
18354984,"burger, desserts, fast food",burger,3.7,2,600,26,0.3
1096,"north indian, south indian, chinese, street food, fast food, mithai, desserts",north indian,3.6,2,600,185,0.3
18336208,beverages,beverages,3.6,1,400,27,0.3
3213,"north indian, mughlai, south indian, rajasthani, street food",north indian,3.6,3,1000,496,0.3
18381642,"north indian, continental, chinese",north indian,3.5,3,1500,55,0.3
338,"pizza, italian",pizza,3.5,2,900,205,0.6165413533834586
1245,"american, tex-mex",american,3.7,4,2500,730,0.3
18381233,"european, american, street food",european,3.7,1,400,31,0.3
18153552,"north indian, chinese, continental",north indian,3.8,3,1400,468,0.3
18082232,pizza,pizza,2.3,2,600,29,0.3
3585,"continental, european, north indian",continental,2.1,3,1800,90,0.3
305698,"biryani, north indian",biryani,2.3,2,600,34,0.3
18337917,"cafe, north indian",cafe,4.0,2,900,62,0.3
6847,cafe,cafe,3.3,1,450,34,0.3
8147,"lebanese, north indian",lebanese,3.4,3,1500,165,0.3
18198825,biryani,biryani,3.0,1,200,4,0.3
302044,north indian,north indian,2.9,1,400,4,0.3
18399220,north indian,north indian,3.2,2,500,5,0.3
5084,north indian,north indian,3.2,2,500,18,0.3
302024,"north indian, mughlai, chinese",north indian,3.2,2,700,31,0.3
18396399,fast food,fast food,3.2,1,100,7,0.3
309987,"raw meats, north indian, fast food",raw meats,2.9,1,350,5,0.3
18358183,"fast food, chinese",fast food,3.4,1,200,27,0.3
304713,north indian,north indian,3.2,1,400,28,0.3
18396200,"north indian, south indian, fast food, street food, mithai",north indian,3.1,2,600,4,0.3
301358,"north indian, chinese",north indian,3.3,2,600,25,0.3
6834,north indian,north indian,3.1,1,150,12,0.3
6835,north indian,north indian,2.9,1,200,5,0.3
302041,"north indian, mughlai, south indian, chinese",north indian,3.1,3,1000,25,0.3
310412,"fast food, chinese",fast food,2.6,2,500,12,0.3
18350120,"fast food, beverages",fast food,3.0,1,450,6,0.3
301989,north indian,north indian,3.1,1,250,17,0.3
2107,"north indian, south indian, chinese",north indian,3.0,1,400,13,0.3
1029,"north indian, chinese",north indian,3.3,2,500,21,0.3
18144475,"north indian, chinese",north indian,3.4,1,400,60,0.3
18331053,"mughlai, chinese",mughlai,3.4,2,600,33,0.3
18383525,"north indian, mughlai",north indian,2.7,2,800,11,0.3
1019,"pizza, fast food",pizza,2.9,1,400,8,0.3
18311926,north indian,north indian,3.2,2,700,25,0.3
302037,north indian,north indian,3.1,1,450,7,0.3
18396397,street food,street food,2.8,1,150,4,0.3
302027,"bakery, desserts, fast food",bakery,3.0,1,150,11,0.3
306938,"bakery, mithai, fast food",bakery,2.9,1,400,10,0.3
17977759,north indian,north indian,3.0,2,700,6,0.3
309986,"north indian, chinese, street food, fast food",north indian,2.5,2,500,12,0.3
301800,"bakery, fast food, chinese",bakery,3.3,1,250,26,0.3
2177,fast food,fast food,3.0,1,200,15,0.3
304718,chinese,chinese,2.8,1,200,16,0.3
310493,"north indian, mughlai",north indian,3.5,2,550,31,0.3
18017239,"ice cream, desserts",ice cream,3.6,1,100,18,0.3
18372397,bakery,bakery,3.5,2,800,25,0.3
304700,north indian,north indian,0.0,1,300,3,0.3
18492087,"south indian, biryani",south indian,0.0,2,600,3,0.3
18396391,north indian,north indian,0.0,1,150,1,0.3
18370499,north indian,north indian,0.0,1,200,1,0.3
18336543,"burger, fast food, chinese",burger,0.0,1,300,3,0.3
3603,"italian, pizza, fast food",italian,2.2,2,800,93,0.3
313043,bakery,bakery,3.6,1,400,84,0.3
230,"pizza, fast food",pizza,2.4,2,700,112,0.8195488721804511
18322641,"healthy food, juices, salad, italian, continental",healthy food,4.1,2,500,74,0.3
18391155,korean,korean,3.2,3,1800,12,0.3
18285742,"south indian, north indian",south indian,3.4,2,800,36,0.3
18285725,"italian, pizza, cafe",italian,3.8,3,1400,101,0.3
18383488,"burger, american, fast food",burger,3.5,2,650,45,0.3
18285745,"north indian, continental, asian",north indian,3.9,3,1700,81,0.3
18391159,"healthy food, beverages",healthy food,3.7,2,600,33,0.3
18391132,"japanese, chinese, thai",japanese,3.5,3,1500,37,0.3
18272387,cafe,cafe,3.5,2,700,16,0.3
8651,ice cream,ice cream,3.1,1,300,14,0.3
18291436,"street food, north indian, mithai",street food,3.1,1,350,9,0.3
301936,"fast food, chinese",fast food,2.9,1,450,19,0.3
18264717,"cafe, fast food",cafe,3.2,2,700,15,0.3
7083,"bakery, street food",bakery,3.2,1,200,18,0.3
312105,bakery,bakery,3.2,2,550,6,0.3
18311942,"chinese, fast food",chinese,2.9,1,200,4,0.3
18430874,desserts,desserts,3.2,1,200,10,0.3
18144481,"north indian, chinese",north indian,2.9,2,600,4,0.3
18264977,"ice cream, desserts",ice cream,3.1,1,400,24,0.3
303859,"north indian, chinese",north indian,2.7,2,800,11,0.3
5106,"street food, mithai, south indian, north indian, chinese",street food,2.5,1,250,9,0.3
308726,"mithai, street food, chinese",mithai,3.0,1,300,4,0.3
303209,north indian,north indian,3.1,1,350,12,0.3
18375401,"continental, chinese, north indian, mughlai",continental,3.1,1,400,17,0.3
18396428,"north indian, mughlai, chinese",north indian,3.0,1,250,5,0.3
18396178,"north indian, mughlai",north indian,0.0,1,400,1,0.3
18346735,"north indian, mughlai, south indian",north indian,0.0,2,600,1,0.3
303697,"bakery, desserts",bakery,0.0,1,450,2,0.3
18463987,"bakery, fast food",bakery,0.0,1,200,0,0.3
18463989,street food,street food,0.0,1,300,0,0.3
304771,"street food, mithai",street food,0.0,1,100,1,0.3
311850,fast food,fast food,0.0,1,350,0,0.3
18471289,"north indian, street food, mithai",north indian,0.0,1,200,0,0.3
18324432,"chinese, north indian",chinese,0.0,2,700,1,0.3
18476508,"north indian, mughlai, awadhi",north indian,0.0,2,500,0,0.3
18350153,"north indian, chinese",north indian,0.0,2,600,0,0.3
18472669,"chinese, north indian",chinese,0.0,2,600,0,0.3
18463993,"bakery, fast food",bakery,0.0,1,150,0,0.3
18476498,"north indian, chinese",north indian,0.0,1,250,1,0.3
18471248,"north indian, chinese, south indian, fast food",north indian,0.0,1,450,0,0.3
18464002,"chinese, fast food",chinese,0.0,1,400,2,0.3
18478377,"north indian, south indian, chinese",north indian,0.0,2,600,0,0.3
18244261,"north indian, mughlai, chinese",north indian,0.0,1,400,1,0.3
18274332,"bakery, desserts",bakery,0.0,1,200,2,0.3
18460280,"bakery, desserts",bakery,0.0,2,700,0,0.3
18263500,north indian,north indian,0.0,1,150,0,0.3
18463994,"north indian, chinese",north indian,0.0,2,600,0,0.3
18449816,"pizza, fast food",pizza,0.0,2,600,1,0.3
309341,north indian,north indian,0.0,1,300,2,0.3
18423904,"north indian, south indian, chinese",north indian,0.0,1,450,2,0.3
18462613,biryani,biryani,0.0,1,250,1,0.3
18396180,north indian,north indian,0.0,1,400,0,0.3
303865,mithai,mithai,0.0,2,500,2,0.3
7096,north indian,north indian,0.0,1,350,3,0.3
18463972,street food,street food,0.0,1,150,0,0.3
18463996,north indian,north indian,0.0,2,500,0,0.3
18463992,north indian,north indian,0.0,1,300,0,0.3
18393708,north indian,north indian,0.0,1,400,1,0.3
306037,"continental, north indian, chinese",continental,3.2,3,1500,13,0.3
5720,"continental, finger food",continental,3.4,4,3000,20,0.3
5721,"bakery, desserts",bakery,3.2,3,1200,26,0.3
1670,"continental, american, north indian, chinese",continental,3.7,4,2200,176,0.3
7573,"north indian, mughlai",north indian,3.7,4,3000,340,0.3
3243,"korean, chinese",korean,3.0,4,2000,21,0.3
305171,"bakery, desserts, fast food",bakery,3.1,1,350,84,0.3
3536,cafe,cafe,3.3,2,650,41,0.3
6743,cafe,cafe,2.8,1,450,18,0.3
18458663,cafe,cafe,3.2,1,400,10,0.3
312269,"north indian, mughlai",north indian,2.8,2,700,16,0.3
308732,"north indian, mughlai",north indian,3.0,2,900,61,0.3
6747,"pizza, fast food",pizza,2.8,2,700,70,0.3
6804,"raw meats, north indian, fast food",raw meats,2.8,1,350,16,0.3
301506,"bakery, beverages",bakery,3.4,2,500,57,0.3
1284,"bakery, fast food",bakery,3.0,1,250,33,0.3
1313,"american, fast food, salad, healthy food",american,3.2,2,500,92,0.3
301737,"mithai, street food",mithai,3.3,1,200,22,0.3
18455518,"healthy food, north indian, beverages",healthy food,3.7,2,500,25,0.3
18398606,"burger, fast food",burger,3.0,2,500,71,0.3
309030,"chinese, thai",chinese,3.2,2,700,100,0.3
3909,"biryani, north indian",biryani,2.3,2,600,32,0.3
4290,"north eastern, continental, south indian, fast food",north eastern,3.5,3,1500,194,0.3
1452,mithai,mithai,3.2,1,200,15,0.3
303779,north indian,north indian,3.1,1,250,16,0.3
554,"north indian, south indian, chinese, street food, fast food, mithai, desserts",north indian,3.6,2,600,315,0.7744360902255639
3953,finger food,finger food,2.4,3,1800,53,0.3
18368009,north indian,north indian,3.0,1,200,4,0.3
305242,"north indian, continental",north indian,3.0,3,1500,8,0.3
18419914,north indian,north indian,0.0,2,500,1,0.3
303730,"chinese, street food",chinese,2.8,1,150,6,0.3
18462214,bakery,bakery,3.0,1,400,4,0.3
309272,"north indian, south indian, chinese",north indian,2.9,1,400,6,0.3
18311957,"north indian, chinese, fast food, desserts",north indian,2.9,2,800,4,0.3
18218304,"burger, fast food",burger,3.2,1,300,20,0.3
18252419,fast food,fast food,3.1,1,300,20,0.3
606,cafe,cafe,2.8,1,450,34,0.7669172932330827
18133490,"bakery, desserts",bakery,3.3,1,300,36,0.3
18291476,"street food, bakery",street food,3.0,1,200,5,0.3
2071,"bakery, desserts",bakery,3.1,1,200,41,0.3
18445653,"bakery, desserts",bakery,3.1,1,200,7,0.3
18466800,"mexican, lebanese, italian, continental, thai",mexican,3.1,2,500,7,0.3
303743,"north indian, chinese",north indian,2.8,2,600,8,0.3
300174,bakery,bakery,2.9,1,200,10,0.3
18461280,north indian,north indian,3.2,1,200,11,0.3
6709,"north indian, chinese",north indian,3.1,1,400,21,0.3
18070491,"beverages, fast food",beverages,3.4,1,350,25,0.3
302907,ice cream,ice cream,3.3,1,200,19,0.3
889,ice cream,ice cream,3.3,1,200,43,0.5639097744360902
18337904,beverages,beverages,2.6,1,250,18,0.3
18415355,"american, fast food, burger",american,2.7,2,500,17,0.3
853,"south indian, north indian, chinese, fast food",south indian,3.3,1,300,69,0.706766917293233
2620,"south indian, north indian",south indian,3.4,1,300,25,0.3
310155,"north indian, chinese",north indian,3.2,2,600,52,0.3
5061,"north indian, continental",north indian,2.9,2,800,16,0.3
18460326,"south indian, chinese",south indian,3.0,1,400,5,0.3
18471259,"north indian, chinese",north indian,3.1,2,600,8,0.3
4122,"raw meats, fast food",raw meats,2.8,1,400,9,0.3
1140,"north indian, chinese, south indian",north indian,3.0,2,500,30,0.3
1145,north indian,north indian,3.2,1,450,34,0.3
887,"mithai, south indian, chinese, street food, north indian",mithai,2.9,2,600,26,0.8571428571428571
18461599,"healthy food, continental",healthy food,3.2,2,600,13,0.3
18387990,"chinese, north indian",chinese,2.7,2,650,9,0.3
9169,north indian,north indian,3.0,2,650,21,0.3
5129,"north indian, chinese",north indian,3.1,2,900,17,0.3
1131,"north indian, mughlai, chinese, south indian",north indian,3.3,2,900,32,0.3
303747,north indian,north indian,2.9,1,200,6,0.3
329,"biryani, north indian",biryani,2.5,2,600,70,0.7142857142857143
303765,north indian,north indian,2.8,1,400,6,0.3
7225,"north indian, chinese, continental",north indian,3.0,3,1000,5,0.3
18382626,pizza,pizza,3.5,1,150,32,0.3
5068,south indian,south indian,3.5,1,200,64,0.3
18500628,"chinese, mughlai, north indian",chinese,0.0,2,600,3,0.3
18268726,"north indian, mughlai",north indian,0.0,1,350,2,0.3
6913,"north indian, mughlai",north indian,0.0,2,500,3,0.3
18398604,bakery,bakery,0.0,1,400,3,0.3
300156,north indian,north indian,0.0,1,350,3,0.3
18241516,mughlai,mughlai,0.0,2,700,2,0.3
311166,"street food, mithai, north indian, south indian, chinese",street food,0.0,1,400,3,0.3
18025110,"north indian, chinese, fast food",north indian,2.4,3,1000,23,0.3
308223,"chinese, fast food",chinese,2.4,1,300,18,0.3
6832,"north indian, south indian, chinese",north indian,2.4,1,400,26,0.3
18286626,"bakery, desserts",bakery,3.0,1,400,4,0.3
311770,"chinese, north indian",chinese,2.9,1,400,6,0.3
301221,"north indian, chinese",north indian,2.9,3,1000,5,0.3
8833,"north indian, chinese, mughlai",north indian,2.8,2,500,10,0.3
312438,"mughlai, north indian",mughlai,3.0,2,500,4,0.3
18153548,"bakery, desserts, fast food",bakery,3.2,1,350,12,0.3
18449792,"north indian, chinese, continental",north indian,2.9,2,650,4,0.3
18380639,"chinese, thai",chinese,3.3,1,450,14,0.3
17953920,"bakery, fast food",bakery,2.9,1,300,4,0.3
2154,chinese,chinese,2.7,1,350,36,0.3
18384112,"continental, north indian, asian",continental,3.5,2,500,28,0.3
9646,oriya,oriya,3.4,2,600,256,0.3
18482069,beverages,beverages,0.0,1,400,0,0.3
18451168,chinese,chinese,0.0,1,300,0,0.3
18492042,"bakery, chinese, north indian",bakery,0.0,1,250,0,0.3
310632,"north indian, street food, mithai",north indian,0.0,1,350,0,0.3
18481290,north indian,north indian,0.0,1,400,0,0.3
18469972,cafe,cafe,0.0,1,450,0,0.3
18342375,"biryani, pizza, fast food, healthy food",biryani,0.0,1,400,1,0.3
310515,"raw meats, north indian, chinese",raw meats,0.0,1,400,2,0.3
18449658,north indian,north indian,0.0,1,200,0,0.3
18396426,chinese,chinese,0.0,1,250,0,0.3
18489522,"north indian, south indian",north indian,0.0,1,300,1,0.3
18444299,"north indian, chinese",north indian,0.0,2,600,0,0.3
18449785,"north indian, south indian, chinese, fast food",north indian,0.0,2,500,1,0.3
18449662,"north indian, south indian, chinese",north indian,0.0,2,500,0,0.3
18432664,north indian,north indian,0.0,1,150,0,0.3
304793,"mithai, street food",mithai,0.0,1,100,2,0.3
302256,north indian,north indian,0.0,1,150,1,0.3
18312631,north indian,north indian,0.0,1,150,0,0.3
18449666,north indian,north indian,0.0,2,550,2,0.3
18396191,"north indian, chinese",north indian,0.0,1,400,0,0.3
302251,"pizza, fast food",pizza,3.3,2,700,32,0.3
18466943,"healthy food, beverages",healthy food,3.2,2,600,8,0.3
18238248,chinese,chinese,2.7,1,400,15,0.3
18420426,"italian, mexican",italian,3.5,1,400,40,0.3
18466973,beverages,beverages,0.0,1,150,0,0.3
18446482,pizza,pizza,0.0,1,150,0,0.3
18372325,cafe,cafe,0.0,2,800,3,0.3
18291458,bakery,bakery,3.0,1,400,4,0.3
18485789,fast food,fast food,0.0,1,300,2,0.3
313477,bakery,bakery,0.0,1,300,0,0.3
18133515,"raw meats, fast food",raw meats,0.0,1,400,0,0.3
18312451,ice cream,ice cream,0.0,1,200,0,0.3
18312606,north indian,north indian,0.0,1,300,0,0.3
18144444,"mughlai, north indian",mughlai,0.0,1,450,0,0.3
18492641,"fast food, beverages",fast food,0.0,1,300,2,0.3
18463956,mughlai,mughlai,0.0,1,250,0,0.3
18365988,biryani,biryani,3.4,2,600,17,0.3
18463970,"hyderabadi, north indian, biryani",hyderabadi,3.3,3,1100,8,0.3
309867,mughlai,mughlai,2.9,2,700,27,0.3
18412887,"north indian, fast food",north indian,3.0,2,600,13,0.3
18423107,"pizza, fast food",pizza,3.3,2,500,15,0.3
4121,"italian, pizza, fast food",italian,2.7,2,800,53,0.3
305072,"north indian, chinese, fast food",north indian,3.6,2,850,169,0.3
18421938,cafe,cafe,3.9,2,900,25,0.3
18481321,bakery,bakery,0.0,1,300,0,0.3
18489829,"chinese, fast food, north indian",chinese,0.0,1,250,0,0.3
18414487,tea,tea,0.0,1,200,3,0.3
18449656,"chinese, north indian",chinese,0.0,2,550,2,0.3
313105,"north indian, chinese",north indian,3.3,2,900,88,0.3
300772,chinese,chinese,3.3,3,1800,563,0.3
836,"north indian, mughlai",north indian,3.4,2,800,1022,0.8120300751879699
3606,"south indian, north indian, chinese",south indian,2.7,2,600,235,0.3
305996,"north indian, mughlai",north indian,3.3,3,1400,586,0.3
18418247,"north indian, american, asian, biryani",north indian,4.7,3,1200,69,0.3
18365987,"continental, north indian, chinese",continental,4.8,3,1500,245,0.3
18337894,"modern indian, north indian",modern indian,4.8,3,1500,1478,0.3
4398,"north indian, mughlai, asian, continental",north indian,3.9,4,2000,1365,0.3
18336483,"continental, italian, north indian, american",continental,3.5,3,1400,134,0.3
496,"mithai, north indian, south indian, fast food, street food, chinese",mithai,3.8,2,550,966,0.6090225563909775
4133,chinese,chinese,3.5,3,1500,429,0.3
5065,"pizza, fast food",pizza,3.6,2,700,146,0.3
313393,"american, fast food",american,3.7,2,500,241,0.3
5052,"chinese, north indian, mughlai, continental",chinese,3.5,3,1500,853,0.3
18128900,"mexican, italian, north indian, chinese",mexican,3.6,3,1600,254,0.3
309339,"continental, chinese, thai, mughlai, north indian",continental,3.8,3,1500,1317,0.3
5104,"fast food, burger",fast food,3.5,2,500,187,0.3
18254529,"continental, north indian, chinese, european, asian",continental,3.9,3,1500,401,0.3
17953909,north indian,north indian,3.6,3,1500,302,0.3
310203,"asian, european",asian,3.9,3,1800,297,0.3
18238250,"north indian, chinese, continental, thai",north indian,3.9,3,1200,280,0.3
305272,cafe,cafe,3.7,2,700,269,0.3
1851,"north indian, chinese, south indian, seafood, chettinad",north indian,3.6,3,1500,289,0.3
18446415,"continental, burger, pizza, north indian, european, finger food",continental,3.9,4,2000,96,0.3
18261703,"portuguese, african, lebanese",portuguese,4.0,3,1400,322,0.3
18241517,"north indian, italian, chinese, american",north indian,4.4,3,1600,391,0.3
18252386,"chinese, continental, north indian, mexican",chinese,4.1,4,2100,569,0.3
18281955,"asian, seafood",asian,4.1,3,1500,105,0.3
4959,"north indian, chinese, italian, continental",north indian,4.4,3,1800,3569,0.3
18037822,"chinese, thai, asian",chinese,4.1,1,400,208,0.3
3575,korean,korean,4.2,4,2500,327,0.3
18273972,"bihari, lucknowi, north indian",bihari,4.0,3,1200,226,0.3
8430,"asian, thai, chinese",asian,4.1,3,1600,875,0.3
18157413,"continental, north indian, italian, chinese",continental,4.2,3,1500,1809,0.3
18422475,"japanese, sushi",japanese,4.3,4,3300,56,0.3
18435794,"continental, italian, north indian, mughlai",continental,4.4,3,1250,166,0.3
18429166,"north indian, italian, parsi, asian, kerala",north indian,4.4,3,1200,146,0.3
18264995,"healthy food, cafe, desserts, italian, bakery",healthy food,3.8,2,650,99,0.3
18025114,"north indian, asian, italian",north indian,4.0,3,1850,242,0.3
310799,north indian,north indian,3.1,2,500,11,0.3
306719,"north indian, chinese, mughlai",north indian,2.7,1,450,73,0.3
18285721,"burger, fast food",burger,2.7,1,300,7,0.3
598,cafe,cafe,3.1,1,450,23,0.7218045112781954
300066,"bakery, fast food",bakery,3.2,1,250,23,0.3
18396412,"beverages, fast food",beverages,3.2,1,200,7,0.3
18249121,"tea, fast food",tea,2.9,1,200,10,0.3
18241877,"north indian, mughlai",north indian,2.9,2,850,5,0.3
310461,"north indian, chinese",north indian,3.1,2,500,34,0.3
18385781,"desserts, beverages",desserts,3.1,1,200,7,0.3
18360098,street food,street food,3.1,1,150,5,0.3
300491,"raw meats, north indian, fast food",raw meats,3.1,1,350,14,0.3
307678,"north indian, street food",north indian,2.9,2,500,7,0.3
18352295,"fast food, north indian",fast food,3.3,1,250,8,0.3
18451594,"north indian, biryani, chinese",north indian,3.0,2,600,8,0.3
18391176,north indian,north indian,2.7,2,500,7,0.3
313456,"north indian, fast food",north indian,3.1,1,350,9,0.3
304518,"north indian, chinese",north indian,2.5,1,450,52,0.3
6896,"fast food, chinese",fast food,3.2,1,300,39,0.3
18441701,"chinese, tibetan",chinese,2.9,1,400,9,0.3
4154,"north indian, mughlai",north indian,2.8,2,500,73,0.3
18376925,"asian, continental, fast food",asian,4.5,2,500,76,0.3
2180,"bakery, desserts",bakery,3.6,2,600,183,0.3
18224532,"north indian, chinese",north indian,3.8,1,250,142,0.3
18356357,"pizza, italian",pizza,3.5,2,650,22,0.3
18175268,"healthy food, salad, italian, continental",healthy food,3.9,2,600,144,0.3
5004,"north indian, south indian, street food, mithai",north indian,3.5,2,500,486,0.3
308617,bakery,bakery,3.9,1,400,104,0.3
304351,fast food,fast food,3.5,1,400,136,0.3
18354655,"fast food, chinese",fast food,0.0,1,350,3,0.3
18391141,fast food,fast food,0.0,1,300,1,0.3
18492062,"north indian, chinese",north indian,0.0,2,600,0,0.3
18324806,bakery,bakery,0.0,2,600,0,0.3
18354665,bakery,bakery,2.4,1,350,13,0.3
309543,"biryani, north indian, hyderabadi",biryani,4.0,2,800,530,0.3
18419875,"north indian, chinese",north indian,3.0,2,500,6,0.3
18358189,fast food,fast food,3.0,1,150,5,0.3
18352250,afghani,afghani,0.0,2,500,0,0.3
18435789,"afghani, north indian",afghani,0.0,2,900,0,0.3
308199,"mithai, street food",mithai,0.0,1,150,3,0.3
18393717,ice cream,ice cream,0.0,1,300,0,0.3
18458642,"fast food, chinese",fast food,0.0,1,200,0,0.3
18458635,afghani,afghani,0.0,2,700,0,0.3
18447121,chinese,chinese,0.0,1,250,0,0.3
18313136,cafe,cafe,0.0,2,600,0,0.3
18358175,cafe,cafe,0.0,2,600,0,0.3
18357944,"north indian, fast food",north indian,0.0,1,400,2,0.3
18384132,north indian,north indian,0.0,1,200,0,0.3
18458643,"north indian, chinese",north indian,0.0,1,400,0,0.3
18292436,ice cream,ice cream,0.0,1,200,1,0.3
18345759,chinese,chinese,0.0,1,350,0,0.3
18352657,chinese,chinese,0.0,1,200,0,0.3
18458637,"north indian, mithai, chinese",north indian,0.0,2,500,0,0.3
18352655,"chinese, north indian",chinese,0.0,1,200,0,0.3
18458641,"chinese, north indian",chinese,0.0,2,600,0,0.3
304142,"north indian, fast food",north indian,3.0,2,600,174,0.3
18433016,"north indian, chinese, fast food",north indian,3.2,2,600,11,0.3
312683,"bakery, desserts",bakery,4.1,1,400,176,0.3
18037824,"chinese, thai",chinese,3.4,2,550,64,0.3
303848,"north indian, chinese, fast food",north indian,3.2,2,600,41,0.3
18273536,cafe,cafe,3.2,2,500,24,0.3
18291450,"mithai, street food",mithai,3.2,1,200,10,0.3
18345780,"mughlai, north indian",mughlai,3.2,2,500,18,0.3
18303712,"north indian, chinese",north indian,3.3,2,600,59,0.3
309021,"bakery, fast food",bakery,2.9,1,250,28,0.3
306477,"north indian, chinese, mughlai",north indian,3.3,2,600,74,0.3
18303698,"north indian, south indian, street food, mithai",north indian,2.8,2,500,14,0.3
18381664,"mithai, north indian, south indian, chinese",mithai,3.2,1,300,50,0.3
18161601,"north indian, mughlai",north indian,3.1,2,700,11,0.3
18279913,"bakery, desserts",bakery,3.2,1,200,10,0.3
18268733,"north indian, chinese, mughlai",north indian,3.2,2,500,88,0.3
18204811,"north indian, chinese, continental",north indian,3.7,2,650,427,0.3
18476542,north indian,north indian,0.0,1,200,0,0.3
18279459,"bengali, north indian",bengali,0.0,1,350,3,0.3
18409216,"burger, fast food",burger,0.0,1,300,1,0.3
313408,north indian,north indian,0.0,1,300,3,0.3
18345770,chinese,chinese,0.0,1,250,0,0.3
18499475,chinese,chinese,0.0,1,200,0,0.3
18034069,"raw meats, fast food",raw meats,0.0,1,250,0,0.3
18396431,"north indian, fast food, south indian",north indian,0.0,1,400,1,0.3
18392211,north indian,north indian,0.0,1,300,0,0.3
18291213,"mithai, street food",mithai,0.0,1,100,1,0.3
18350136,biryani,biryani,0.0,1,200,0,0.3
310454,"bakery, desserts",bakery,0.0,1,150,1,0.3
18446413,north indian,north indian,0.0,1,400,0,0.3
18499471,"mughlai, north indian",mughlai,0.0,1,250,0,0.3
18124387,"north indian, south indian",north indian,0.0,1,300,1,0.3
18499459,north indian,north indian,0.0,1,350,0,0.3
894,"chinese, north indian, mughlai",chinese,2.4,2,700,92,0.7368421052631579
5079,"burger, fast food, chinese",burger,2.8,1,300,16,0.3
18289241,continental,continental,3.3,2,800,17,0.3
18352682,north indian,north indian,0.0,1,400,3,0.3
18352658,"mithai, street food",mithai,0.0,1,350,0,0.3
18241896,"lebanese, mediterranean, middle eastern, arabian",lebanese,3.9,3,1600,233,0.3
18363062,"north indian, chinese",north indian,2.4,2,500,20,0.3
18380197,mediterranean,mediterranean,3.2,2,600,6,0.3
18472639,"bakery, desserts",bakery,3.0,1,300,6,0.3
18351822,"chinese, north indian, south indian, healthy food",chinese,3.1,1,120,6,0.3
18388168,"fast food, burger",fast food,3.3,1,400,15,0.3
18472449,north indian,north indian,3.1,2,600,4,0.3
18314053,desserts,desserts,3.0,1,100,4,0.3
300654,"north indian, mughlai, chinese",north indian,2.7,2,600,20,0.3
18144467,north indian,north indian,3.0,2,600,18,0.3
18332527,"north indian, chinese, street food",north indian,3.2,2,600,18,0.3
18423797,north indian,north indian,3.0,1,300,6,0.3
18265424,"ice cream, desserts",ice cream,3.2,1,300,7,0.3
311534,"bakery, desserts",bakery,3.3,1,300,14,0.3
18124345,"raw meats, fast food",raw meats,2.9,1,350,4,0.3
5190,"north indian, mughlai",north indian,3.2,2,500,48,0.3
310235,"north indian, south indian, fast food",north indian,3.1,2,700,9,0.3
18251519,"chinese, fast food",chinese,2.9,2,600,5,0.3
6764,"north indian, chinese",north indian,3.0,2,500,33,0.3
18345767,chinese,chinese,3.0,1,200,4,0.3
313401,"north indian, chinese",north indian,3.1,2,650,37,0.3
307398,chinese,chinese,2.6,2,600,17,0.3
309763,"north indian, chinese",north indian,2.9,2,750,8,0.3
18439540,"north indian, chinese",north indian,2.8,2,500,5,0.3
5011,fast food,fast food,3.0,1,150,6,0.3
18265720,chinese,chinese,3.6,2,500,47,0.3
18444356,"continental, north indian",continental,3.8,1,400,46,0.3
18419894,north indian,north indian,3.9,1,350,37,0.3
18254541,"bengali, north indian",bengali,3.5,2,800,46,0.3
18393709,north indian,north indian,0.0,1,150,0,0.3
18421493,"mithai, street food",mithai,0.0,1,100,0,0.3
18464628,cafe,cafe,0.0,2,650,0,0.3
18398590,biryani,biryani,0.0,1,300,1,0.3
18476986,"north indian, south indian, chinese, healthy food, bakery",north indian,0.0,1,350,0,0.3
312560,"bakery, desserts",bakery,0.0,1,400,1,0.3
18391166,"north indian, chinese",north indian,0.0,2,600,1,0.3
18464624,chinese,chinese,0.0,2,600,1,0.3
18464616,chinese,chinese,0.0,1,200,0,0.3
18393725,"mughlai, north indian, chinese",mughlai,0.0,1,350,0,0.3
18438453,north indian,north indian,0.0,1,300,0,0.3
18365603,north indian,north indian,0.0,1,200,0,0.3
18388039,chinese,chinese,0.0,1,100,0,0.3
18495252,"north indian, south indian",north indian,0.0,1,200,0,0.3
18421502,ice cream,ice cream,0.0,1,150,0,0.3
18464630,north indian,north indian,0.0,1,300,0,0.3
18335897,"north indian, rajasthani",north indian,0.0,2,500,0,0.3
5935,"fast food, street food",fast food,0.0,1,300,3,0.3
18421476,fast food,fast food,0.0,1,150,0,0.3
305140,north indian,north indian,0.0,1,150,2,0.3
18464618,north indian,north indian,0.0,1,400,0,0.3
18464626,bakery,bakery,0.0,2,500,0,0.3
18261727,chinese,chinese,0.0,1,400,0,0.3
18319384,north indian,north indian,0.0,1,200,1,0.3
306540,"north indian, mughlai, chinese",north indian,2.2,2,800,66,0.3
304524,chinese,chinese,2.2,1,400,46,0.3
2087,"chinese, mughlai, north indian",chinese,2.4,2,650,52,0.3
18439516,fast food,fast food,3.2,1,300,12,0.3
5588,chinese,chinese,2.8,2,600,106,0.3
311975,lebanese,lebanese,3.3,2,500,22,0.3
6897,fast food,fast food,3.4,1,300,94,0.3
313122,"north indian, chinese",north indian,2.6,2,600,16,0.3
306976,ice cream,ice cream,2.8,1,200,11,0.3
308191,"north indian, biryani",north indian,3.2,1,350,16,0.3
18336484,"north indian, mughlai, chinese",north indian,3.2,1,450,32,0.3
312665,north indian,north indian,3.1,1,200,27,0.3
18357570,"cafe, fast food, chinese",cafe,3.7,2,550,45,0.3
310829,"north indian, mughlai",north indian,3.5,2,800,148,0.3
9852,mithai,mithai,3.6,1,150,20,0.3
18357912,bakery,bakery,3.2,1,350,13,0.3
311455,"mithai, street food",mithai,2.8,1,200,7,0.3
18398839,bakery,bakery,0.0,1,250,3,0.3
1920,"mithai, street food",mithai,3.4,1,250,37,0.3
358,"north indian, chinese",north indian,3.3,2,700,64,0.8646616541353384
5080,street food,street food,3.2,1,100,16,0.3
1655,"mithai, north indian, chinese, street food",mithai,2.7,1,450,28,0.3
18397469,"desserts, ice cream",desserts,3.6,1,200,28,0.3
1654,"north indian, mughlai",north indian,4.0,2,650,398,0.3
18462602,north indian,north indian,0.0,1,400,0,0.3
18479007,bakery,bakery,0.0,1,300,0,0.3
18409187,tea,tea,0.0,1,200,0,0.3
18357945,"bakery, fast food",bakery,0.0,1,300,0,0.3
313085,"burger, fast food",burger,3.4,2,500,190,0.3
307502,"north indian, chinese, fast food",north indian,2.5,3,1000,65,0.3
18237318,"cafe, tea",cafe,3.3,1,400,39,0.3
18336504,"tea, fast food",tea,3.4,1,200,20,0.3
18277212,"north indian, chinese, fast food",north indian,3.3,2,500,17,0.3
18411846,"north indian, chinese",north indian,3.2,1,400,21,0.3
300938,"bakery, desserts, fast food",bakery,3.3,2,550,175,0.3
309466,"burger, desserts, fast food",burger,3.4,2,600,138,0.3
303606,north indian,north indian,3.4,1,150,20,0.3
18441175,"north indian, chinese, fast food",north indian,3.4,2,600,51,0.3
18292438,"north indian, mughlai",north indian,3.2,3,1000,32,0.3
301383,"north indian, chinese, italian",north indian,3.1,2,750,57,0.3
310500,"south indian, north indian, chinese",south indian,3.4,1,300,54,0.3
6867,north indian,north indian,2.9,1,400,41,0.3
301310,"south indian, north indian, chinese",south indian,2.5,2,600,188,0.3
18232128,"north indian, street food, mithai",north indian,3.1,1,400,68,0.3
4820,"north indian, mithai, street food",north indian,2.6,1,400,30,0.3
306883,"american, fast food, salad, healthy food",american,2.9,2,500,58,0.3
4817,"american, fast food, salad, healthy food",american,2.9,2,500,101,0.3
18423106,bakery,bakery,3.3,2,800,16,0.3
18161567,cafe,cafe,2.8,2,500,22,0.3
303003,"chinese, seafood, japanese",chinese,2.6,3,1500,83,0.3
309033,"north indian, chinese",north indian,3.4,3,1350,155,0.3
18258571,"chinese, north indian, mughlai",chinese,3.4,2,600,40,0.3
18322684,italian,italian,3.7,2,750,30,0.3
18261309,"healthy food, continental, north indian, salad",healthy food,3.5,1,200,30,0.3
304192,"cafe, bakery, desserts",cafe,3.5,2,500,84,0.3
18381235,"pizza, italian",pizza,3.7,3,1250,21,0.3
18365865,"chinese, asian",chinese,3.9,1,400,22,0.3
18282037,"healthy food, north indian",healthy food,3.6,1,300,57,0.3
18415385,asian,asian,3.9,3,1100,28,0.3
18180062,"italian, chinese, continental, thai, mediterranean, lebanese",italian,3.9,2,600,101,0.3
18368007,"north indian, chinese, fast food",north indian,3.5,2,500,26,0.3
18383504,"north indian, continental",north indian,3.7,3,1600,28,0.3
17977749,biryani,biryani,3.6,2,500,35,0.3
312684,cafe,cafe,3.7,2,700,51,0.3
18303696,"north indian, mughlai, chinese",north indian,3.5,2,950,39,0.3
303174,"bakery, desserts, north indian, bengali, south indian",bakery,3.5,1,300,37,0.3
6877,"pizza, fast food",pizza,2.3,2,700,70,0.3
306975,ice cream,ice cream,2.3,1,200,26,0.3
18014135,north indian,north indian,2.4,1,450,42,0.3
18306533,continental,continental,4.1,4,2500,56,0.3
18441539,"finger food, north indian, chinese",finger food,0.0,2,800,0,0.3
18340217,"north indian, mughlai",north indian,0.0,2,600,0,0.3
18246068,"bakery, desserts",bakery,2.8,2,600,7,0.3
304564,"street food, mithai",street food,2.8,1,100,9,0.3
312265,"north indian, chinese, mughlai",north indian,3.1,2,700,33,0.3
18378807,north indian,north indian,0.0,2,600,0,0.3
18205653,juices,juices,0.0,1,250,1,0.3
18458345,north indian,north indian,0.0,1,150,0,0.3
311428,"bakery, desserts",bakery,0.0,1,300,0,0.3
18435818,biryani,biryani,0.0,2,600,0,0.3
313316,"north indian, south indian, fast food, street food, chinese, beverages, desserts, mithai",north indian,3.4,2,600,178,0.3
7528,"north indian, mughlai",north indian,4.5,3,1800,1262,0.3
1216,"chinese, thai, malaysian, indonesian",chinese,3.3,2,650,199,0.3
305662,"north indian, mughlai, biryani",north indian,3.4,2,950,483,0.3
305792,"fast food, north indian, chinese",fast food,3.4,2,500,346,0.3
305776,"chinese, thai",chinese,3.2,2,850,241,0.3
18355106,lebanese,lebanese,3.8,1,450,158,0.3
308274,"ice cream, desserts",ice cream,3.7,1,400,92,0.3
3538,"ice cream, desserts",ice cream,3.6,1,400,115,0.3
18420450,"bakery, desserts, fast food",bakery,3.9,1,300,94,0.3
306401,"north indian, mughlai",north indian,3.5,2,800,118,0.3
18257542,"north indian, street food",north indian,3.8,1,300,48,0.3
9290,"chinese, thai",chinese,3.6,2,800,321,0.3
301499,goan,goan,4.0,4,2000,429,0.3
18025103,"hyderabadi, north indian, biryani",hyderabadi,4.1,3,1100,344,0.3
18424627,"north indian, mughlai",north indian,4.1,2,700,103,0.3
18403465,north indian,north indian,4.2,2,500,67,0.3
18372668,"fast food, north indian",fast food,4.2,2,500,112,0.3
18224536,"north indian, rajasthani, asian",north indian,4.0,2,700,157,0.3
18128902,bakery,bakery,3.0,2,500,8,0.3
18138454,bakery,bakery,3.3,1,400,21,0.3
4602,"north indian, chinese",north indian,2.7,2,700,39,0.3
18341082,"bengali, fast food",bengali,3.2,1,450,27,0.3
18382055,"north indian, fast food",north indian,3.2,1,300,10,0.3
18391189,bakery,bakery,3.4,3,1000,16,0.3
311837,"healthy food, north indian, italian, salad",healthy food,3.4,2,700,20,0.3
254,"italian, pizza, fast food",italian,2.8,3,1000,80,0.7744360902255639
308113,north indian,north indian,2.8,2,600,42,0.3
18365890,biryani,biryani,3.7,2,600,49,0.3
18354631,fast food,fast food,3.7,1,300,65,0.3
18336214,"north indian, mughlai, chinese",north indian,3.7,2,550,52,0.3
18265365,"cafe, fast food",cafe,3.7,1,250,58,0.3
18363405,"south indian, desserts, beverages",south indian,3.7,1,200,25,0.3
18322661,bakery,bakery,3.7,1,300,50,0.3
18261725,"mughlai, biryani",mughlai,3.7,2,600,125,0.3
18157408,north indian,north indian,3.5,1,150,26,0.3
18429378,"pizza, fast food",pizza,3.7,2,500,23,0.3
18439519,"goan, american, portuguese",goan,3.8,2,600,23,0.3
18433295,"north indian, mughlai, chinese",north indian,0.0,2,500,1,0.3
18391171,"north indian, chinese",north indian,0.0,2,600,0,0.3
18400489,rajasthani,rajasthani,0.0,2,800,1,0.3
18411599,"fast food, north indian",fast food,0.0,1,250,3,0.3
18265082,desserts,desserts,0.0,1,250,2,0.3
313275,chinese,chinese,2.4,2,550,38,0.3
18343001,cafe,cafe,4.3,3,1100,62,0.3
18377905,"north indian, mughlai",north indian,4.0,3,1500,32,0.3
18406140,"healthy food, continental, juices, beverages, italian, salad, lebanese",healthy food,4.0,2,600,101,0.3
18472606,"cafe, pizza, burger",cafe,4.0,2,750,34,0.3
18451577,continental,continental,4.0,1,400,53,0.3
312540,south indian,south indian,3.1,1,250,10,0.3
18386419,bakery,bakery,3.1,2,500,5,0.3
18412886,"north indian, fast food",north indian,3.2,2,600,12,0.3
18421029,"north indian, chinese",north indian,3.0,1,400,4,0.3
18332044,biryani,biryani,2.7,2,500,7,0.3
18306553,north indian,north indian,3.1,2,700,35,0.3
309451,north indian,north indian,3.4,2,650,117,0.3
18203171,"italian, fast food",italian,3.4,2,700,67,0.3
312570,street food,street food,3.3,1,200,26,0.3
18273621,fast food,fast food,3.0,1,400,33,0.3
305919,"american, fast food, salad, healthy food",american,3.3,2,500,59,0.3
304520,"north indian, mughlai, chinese",north indian,2.6,2,600,11,0.3
18292458,"south indian, kerala",south indian,3.4,3,1200,21,0.3
4215,bakery,bakery,3.2,1,300,15,0.3
18360143,"american, fast food",american,3.6,2,850,41,0.3
18423890,"north indian, mughlai",north indian,3.9,2,650,67,0.3
312555,"street food, fast food",street food,2.2,1,300,41,0.3
18420454,asian,asian,4.0,2,700,27,0.3
3961,"continental, north indian",continental,3.3,4,2500,57,0.3
3288,finger food,finger food,3.0,4,2400,17,0.3
7231,"mughlai, lucknowi, awadhi",mughlai,3.2,4,2000,52,0.3
18291211,"mughlai, lucknowi, awadhi",mughlai,3.0,4,2500,4,0.3
5768,"chinese, north indian, continental, mexican",chinese,2.7,3,1500,19,0.3
304276,"north indian, south indian",north indian,3.0,2,800,6,0.3
304279,japanese,japanese,3.0,3,1600,10,0.3
5717,finger food,finger food,3.2,4,3000,17,0.3
7496,"north indian, continental, chinese",north indian,3.6,4,2500,94,0.3
309377,"north indian, mughlai",north indian,3.3,2,650,96,0.3
5042,"japanese, chinese, thai",japanese,3.9,4,3000,272,0.3
5044,italian,italian,3.8,4,3000,390,0.3
5046,"north indian, asian",north indian,3.9,4,3000,394,0.3
310700,chinese,chinese,3.4,4,3000,22,0.3
310699,continental,continental,3.7,4,3000,45,0.3
2711,finger food,finger food,3.3,4,2000,36,0.3
2710,japanese,japanese,3.5,4,3000,27,0.3
18285736,"bakery, desserts, fast food",bakery,3.7,1,400,16,0.3
18291200,"japanese, thai, italian, asian",japanese,3.5,4,2500,13,0.3
18291198,"italian, burger, charcoal grill",italian,3.8,4,2500,127,0.3
18446404,"bakery, desserts, bakery",bakery,3.1,2,700,6,0.3
6690,cafe,cafe,2.7,4,2000,27,0.3
306032,"north indian, chinese, fast food",north indian,2.8,2,600,23,0.3
18216898,north indian,north indian,3.1,1,200,6,0.3
310487,desserts,desserts,3.3,1,200,12,0.3
18352277,"north indian, mughlai",north indian,2.7,3,1000,7,0.3
4185,"north indian, chinese",north indian,2.9,2,650,13,0.3
18374686,"chinese, continental, north indian",chinese,3.1,2,800,11,0.3
310870,"north indian, chinese",north indian,3.1,2,500,17,0.3
18435802,"continental, healthy food",continental,3.3,2,700,7,0.3
311788,"north indian, fast food",north indian,3.0,1,400,10,0.3
312301,cafe,cafe,3.3,2,500,10,0.3
18175242,bakery,bakery,2.9,1,150,4,0.3
18350142,fast food,fast food,0.0,1,150,0,0.3
18463967,north indian,north indian,0.0,2,500,0,0.3
18463954,north indian,north indian,0.0,1,300,0,0.3
18463969,north indian,north indian,0.0,2,500,0,0.3
18350144,"north indian, south indian, chinese",north indian,0.0,1,300,2,0.3
18466414,cafe,cafe,0.0,1,450,0,0.3
18332976,"bakery, desserts",bakery,0.0,1,450,2,0.3
18412860,"cafe, tea",cafe,0.0,1,400,3,0.3
18391133,north indian,north indian,0.0,1,200,0,0.3
18311952,cafe,cafe,0.0,2,600,2,0.3
18350138,north indian,north indian,0.0,1,200,0,0.3
313078,"pizza, fast food",pizza,0.0,2,700,3,0.3
18265716,"north indian, chinese, south indian",north indian,0.0,1,400,3,0.3
18382370,"north indian, chinese, italian",north indian,0.0,2,650,2,0.3
18421451,north indian,north indian,0.0,1,200,0,0.3
18427204,north indian,north indian,0.0,1,250,0,0.3
18352171,north indian,north indian,0.0,1,200,0,0.3
18458633,"mughlai, biryani",mughlai,0.0,1,150,0,0.3
18306504,"north indian, chinese, south indian",north indian,0.0,1,400,1,0.3
18458319,north indian,north indian,0.0,1,300,0,0.3
18463955,"street food, north indian",street food,0.0,2,600,1,0.3
18337883,cafe,cafe,0.0,1,400,1,0.3
18391145,north indian,north indian,0.0,1,200,0,0.3
18277216,north indian,north indian,0.0,1,200,0,0.3
312592,cafe,cafe,3.1,1,400,82,0.3
9273,"burger, desserts, fast food",burger,3.5,2,600,302,0.3
309134,north indian,north indian,3.7,2,750,276,0.3
18458638,fast food,fast food,0.0,1,300,0,0.3
18337882,cafe,cafe,0.0,2,800,3,0.3
18237342,"north indian, fast food",north indian,2.9,2,500,7,0.3
18383550,"cafe, bakery",cafe,2.8,2,600,8,0.3
302243,cafe,cafe,3.1,1,450,10,0.3
18294576,"cafe, fast food, street food",cafe,3.2,2,600,31,0.3
18233603,chinese,chinese,2.9,2,600,5,0.3
304182,"burger, desserts, fast food",burger,3.4,2,600,87,0.3
18396424,south indian,south indian,3.0,1,300,4,0.3
9967,"fast food, burger",fast food,3.3,2,500,35,0.3
18350125,"fast food, street food",fast food,3.2,1,300,25,0.3
302248,"healthy food, fast food, salad",healthy food,3.2,1,400,44,0.3
310531,"american, fast food, salad, healthy food",american,3.3,2,500,27,0.3
312708,cafe,cafe,2.7,1,400,14,0.3
18175288,street food,street food,2.5,1,200,11,0.3
18124368,north indian,north indian,3.2,2,700,11,0.3
18371415,"desserts, bakery",desserts,3.9,2,600,43,0.3
305687,"cafe, tea",cafe,3.8,1,400,127,0.3
309642,"bakery, desserts, fast food",bakery,3.6,2,550,60,0.3
18273546,fast food,fast food,3.7,2,500,51,0.3
18349911,"chinese, asian, thai",chinese,3.6,2,500,45,0.3
300652,"chinese, thai, asian",chinese,3.5,3,1300,200,0.3
302239,"fast food, pizza",fast food,3.6,2,800,76,0.3
18458317,bakery,bakery,0.0,2,500,0,0.3
18237348,south indian,south indian,0.0,1,300,1,0.3
18311959,"ice cream, desserts",ice cream,0.0,1,250,2,0.3
309308,"tea, fast food",tea,2.4,1,200,49,0.3
301559,"north indian, mediterranean, european, asian, chinese, pizza",north indian,3.8,4,3500,305,0.3
301562,"thai, asian",thai,4.0,4,4000,219,0.3
311480,"north indian, chinese",north indian,2.9,2,600,15,0.3
303866,"mithai, bakery, street food",mithai,2.8,1,200,5,0.3
4188,"chinese, north indian",chinese,2.9,1,250,6,0.3
311844,"chinese, fast food",chinese,2.7,1,250,10,0.3
308681,chinese,chinese,2.8,1,400,14,0.3
2817,"bakery, desserts",bakery,2.9,1,150,13,0.3
5927,mithai,mithai,0.0,1,100,0,0.3
301734,"bakery, desserts",bakery,2.9,1,250,6,0.3
309851,"chinese, assamese",chinese,3.3,2,700,153,0.3
300097,street food,street food,3.4,1,150,151,0.3
18466966,"north indian, chinese",north indian,3.2,1,200,12,0.3
306524,fast food,fast food,3.0,1,400,89,0.3
1453,north indian,north indian,3.1,2,550,122,0.3
1451,"mithai, street food, south indian, chinese, north indian",mithai,2.7,1,400,83,0.3
300082,north indian,north indian,2.9,1,200,7,0.3
313479,north indian,north indian,3.1,2,650,21,0.3
9122,"mithai, street food",mithai,3.5,1,200,66,0.3
3559,"bakery, desserts",bakery,3.6,2,600,69,0.3
18265678,"burger, fast food",burger,3.6,1,250,60,0.3
2165,"chinese, thai",chinese,3.6,2,500,369,0.3
6769,"bakery, fast food",bakery,3.7,1,400,63,0.3
18441791,"mithai, street food",mithai,0.0,1,150,2,0.3
1454,"north indian, chinese",north indian,2.4,1,400,83,0.3
6775,north indian,north indian,2.2,1,400,142,0.3
306043,"continental, north indian",continental,3.2,3,1300,36,0.3
2100712,"cafe, italian",cafe,4.6,3,800,394,0.3
2100478,"north indian, continental, italian, chinese",north indian,3.9,3,1400,360,0.3
18384506,cafe,cafe,4.7,2,600,126,0.3
2100108,cafe,cafe,4.1,2,500,290,0.3
2100921,"continental, european",continental,4.2,3,1400,110,0.3
2100565,"chinese, thai",chinese,4.1,3,750,304,0.3
2100870,"chinese, thai, japanese, asian",chinese,4.4,3,1300,129,0.3
2100861,"north indian, continental",north indian,4.4,4,1650,222,0.3
18381932,"cafe, north indian, italian",cafe,4.1,2,500,124,0.3
18397909,"cafe, continental, chinese",cafe,4.0,2,500,28,0.3
2100702,north indian,north indian,4.9,4,1500,774,0.3
2100101,chinese,chinese,3.6,3,800,327,0.3
2100322,"chinese, north indian",chinese,3.6,1,300,142,0.3
2100784,"cafe, american, italian, continental",cafe,4.1,2,400,377,0.3
2100849,"continental, juices, cafe, desserts, salad, italian",continental,4.2,2,500,99,0.3
18480196,"asian, chinese, tibetan",asian,4.1,2,500,25,0.3
2100719,"cafe, continental",cafe,4.1,3,850,179,0.3
2100676,chinese,chinese,4.3,2,600,369,0.3
2100074,"continental, fast food, chinese, charcoal grill, mexican",continental,4.0,3,1000,256,0.3
18224282,"continental, north indian, chinese, arabian, thai",continental,4.3,2,700,233,0.3
2100776,"continental, chinese",continental,4.3,2,700,96,0.3
90744,"mughlai, north indian, chinese",mughlai,4.3,3,1500,3374,0.3
18452864,"european, mediterranean, north indian",european,4.9,3,1500,200,0.3
97824,"mexican, american, tex-mex, burger",mexican,4.7,3,1800,1932,0.3
18443506,"seafood, continental, goan, asian, andhra",seafood,3.8,3,1500,144,0.3
90847,"mexican, american, tex-mex, burger",mexican,4.6,3,1800,2553,0.3
18280329,"north indian, south indian, chinese",north indian,4.0,2,700,682,0.3
96626,"north indian, japanese, italian",north indian,4.3,3,1900,860,0.3
94286,"european, mediterranean, north indian",european,4.9,3,1500,5434,0.3
96776,"bakery, desserts",bakery,4.8,2,600,1023,0.3
18418733,"continental, asian",continental,4.2,3,1400,79,0.3
18418730,"north indian, continental, italian",north indian,4.2,3,1200,221,0.3
93766,"mediterranean, italian, european",mediterranean,4.4,4,2000,2218,0.3
18356469,"italian, continental, chinese",italian,4.1,3,1200,594,0.3
97503,"north indian, andhra, chettinad, bengali, mughlai, chinese",north indian,4.1,3,1100,1431,0.3
92577,"cafe, continental, north indian, chinese",cafe,4.2,3,1800,1859,0.3
18307251,"desserts, cafe, mexican",desserts,4.7,2,500,344,0.3
18313013,"north indian, chinese",north indian,3.9,3,1100,616,0.3
18312984,"hyderabadi, awadhi",hyderabadi,4.1,3,1400,571,0.3
1401756,"north indian, chinese, continental, mediterranean, asian",north indian,3.7,3,1300,238,0.3
1400544,"north indian, chinese",north indian,4.1,3,850,100,0.3
18254231,"north indian, chinese, south indian",north indian,4.1,1,250,152,0.3
1402314,"italian, continental",italian,4.1,4,1950,37,0.3
1400466,"cafe, fast food, italian, mexican",cafe,3.9,2,700,430,0.3
1401934,"greek, lebanese",greek,4.2,3,1000,304,0.3
1401548,"north indian, chinese",north indian,4.0,3,1200,404,0.3
1400460,"cafe, lebanese, italian",cafe,3.8,3,800,214,0.3
1400056,"north indian, mughlai",north indian,4.0,3,850,496,0.3
1400169,"north indian, continental, mexican, italian",north indian,3.8,4,2000,209,0.3
1400186,"north indian, chinese, italian",north indian,4.3,4,1500,334,0.3
1402335,"mexican, italian",mexican,3.1,2,650,26,0.3
1400555,"cafe, italian, mexican, chinese",cafe,3.9,2,700,502,0.3
1401948,"cafe, fast food",cafe,3.8,2,650,69,0.3
18395137,"cafe, bakery",cafe,3.9,2,500,69,0.3
1400121,"north indian, chinese",north indian,4.0,4,1500,413,0.3
1402028,"bakery, cafe, fast food",bakery,4.3,2,400,87,0.3
1401857,"north indian, mughlai, seafood",north indian,4.1,3,1100,181,0.3
1402089,"cafe, fast food",cafe,4.3,2,500,171,0.3
1402050,"cafe, continental, italian, street food",cafe,4.0,3,800,341,0.3
101212,"cafe, fast food, street food",cafe,4.7,2,750,1469,0.3
101834,"north indian, european, continental, finger food",north indian,3.9,3,1650,676,0.3
101884,"italian, chinese, mexican, thai, north indian",italian,4.0,3,1400,582,0.3
102813,"cafe, italian, continental",cafe,4.4,2,750,389,0.3
101259,"italian, continental, mexican, cafe, bakery",italian,4.4,3,1300,843,0.3
103065,"continental, italian, north indian, lebanese, thai",continental,4.0,3,1000,212,0.3
100080,rajasthani,rajasthani,4.3,3,1600,1478,0.3
103147,"modern indian, asian",modern indian,3.9,3,1500,67,0.3
101311,"cafe, italian, japanese, continental",cafe,4.2,3,1000,633,0.3
100305,"continental, mexican, beverages, desserts, north indian, chinese, rajasthani",continental,4.0,3,1800,916,0.3
102215,"north indian, chinese, continental, rajasthani",north indian,4.5,4,2300,420,0.3
102216,"chinese, asian",chinese,4.3,4,2500,308,0.3
18209498,"italian, bakery, continental",italian,4.9,4,2000,322,0.3
103019,"cafe, mexican, italian, north indian, fast food",cafe,4.2,2,650,198,0.3
103090,continental,continental,4.1,2,700,148,0.3
102531,"cafe, mexican, italian, continental",cafe,4.3,2,800,798,0.3
100306,"north indian, continental, chinese, italian, mexican",north indian,4.3,3,1500,1121,0.3
18454586,"north indian, continental, chinese, mexican, italian, desserts",north indian,2.6,3,1000,46,0.3
102504,"cafe, fast food, north indian",cafe,3.9,3,1200,310,0.3
102867,"continental, mexican, north indian, chinese",continental,3.7,2,800,112,0.3
2300061,"chinese, fast food",chinese,3.3,2,550,148,0.3
2300483,"north indian, continental, asian",north indian,3.3,3,800,51,0.3
2300065,north indian,north indian,3.9,2,400,97,0.3
18377936,"finger food, north indian, continental, italian, mediterranean",finger food,4.0,3,1000,24,0.3
2300188,"north indian, chinese",north indian,4.0,4,1500,54,0.3
18407105,"cafe, italian",cafe,3.5,2,600,43,0.3
2300497,"indian, chinese, continental",indian,3.6,1,50,34,0.3
2300183,"bakery, desserts, fast food",bakery,3.9,2,500,97,0.3
2300476,"desserts, fast food",desserts,4.1,2,500,87,0.3
2300018,"north indian, fast food",north indian,4.1,3,1000,158,0.3
18312106,"cafe, continental, desserts, ice cream, italian, beverages",cafe,3.9,1,50,127,0.3
2300042,chinese,chinese,3.9,4,1500,86,0.3
2300048,north indian,north indian,3.8,3,1000,97,0.3
2300058,"north indian, mexican, italian",north indian,4.3,4,1500,155,0.3
2300162,"bakery, fast food",bakery,3.4,2,350,49,0.3
2300003,"chinese, north indian, continental",chinese,3.6,3,850,106,0.3
2300176,fast food,fast food,4.1,2,350,171,0.3
2300187,"north indian, chinese",north indian,3.9,4,3000,113,0.3
2300009,"chinese, italian, fast food",chinese,3.7,4,1500,160,0.3
18391601,"north indian, mughlai, lebanese, arabian, mediterranean",north indian,4.0,3,1400,41,0.3
900682,seafood,seafood,4.6,3,1000,289,0.3
95361,kerala,kerala,3.8,1,350,281,0.3
95421,kerala,kerala,4.4,2,600,662,0.3
95256,"european, cafe",european,4.2,2,600,659,0.3
95286,"north indian, kerala, chinese, continental",north indian,4.2,3,1000,394,0.3
900969,"european, north indian, mediterranean, american",european,4.5,3,1500,213,0.3
95333,"chinese, continental",chinese,3.7,2,800,277,0.3
900547,"fast food, biryani",fast food,4.0,1,400,246,0.3
901089,"chinese, thai, north indian, south indian",chinese,3.7,3,1000,145,0.3
901035,"kerala, fast food",kerala,3.7,2,550,105,0.3
900561,cafe,cafe,4.0,1,400,406,0.3
900524,"cafe, continental, italian",cafe,4.4,2,700,333,0.3
900800,"cafe, continental, italian",cafe,4.0,2,800,160,0.3
95304,"cafe, bakery, desserts",cafe,4.2,2,650,482,0.3
900533,"kerala, south indian, continental, north indian, seafood, chinese",kerala,4.3,2,900,722,0.3
901004,"chinese, seafood, north indian, biryani",chinese,4.2,2,650,146,0.3
900111,"kerala, south indian, chinese, biryani",kerala,3.5,1,400,348,0.3
95331,"italian, seafood, mediterranean, desserts, cafe",italian,4.3,3,1000,658,0.3
900032,"continental, cafe, desserts, bakery",continental,4.3,2,700,312,0.3
900282,"kerala, south indian",kerala,3.6,2,600,361,0.3
18217475,"asian, chinese",asian,4.6,3,1400,945,0.3
18249144,"italian, mexican, american, mediterranean",italian,4.2,3,1200,1103,0.3
18017612,"continental, middle eastern, asian",continental,4.8,3,1200,1424,0.3
18377112,"chinese, cafe, north indian, desserts",chinese,3.9,3,1000,326,0.3
20002,bengali,bengali,4.4,3,1000,1778,0.3
18343731,"north indian, chinese, street food",north indian,4.2,3,1200,704,0.3
25664,"north indian, chinese, mexican, italian",north indian,4.4,3,1400,1484,0.3
25587,"tex-mex, american",tex-mex,4.0,3,1800,911,0.3
24530,"seafood, chinese",seafood,4.2,2,800,2584,0.3
20747,"biryani, north indian, chinese, mughlai",biryani,4.6,2,800,1219,0.3
21220,"north indian, continental",north indian,3.9,3,1500,1064,0.3
25570,"north indian, chinese",north indian,4.9,3,1600,1753,0.3
20350,"continental, italian, north indian",continental,3.5,3,1050,4464,0.3
20870,"chinese, north indian",chinese,4.2,2,900,5288,0.3
20404,"continental, north indian",continental,4.3,3,1000,7574,0.3
24286,"european, american",european,4.4,3,1900,2224,0.3
20842,"north indian, chinese",north indian,4.9,3,1600,5966,0.3
18259462,"continental, seafood, north indian, asian",continental,3.6,3,1500,1040,0.3
24452,north indian,north indian,4.1,3,1600,1616,0.3
18017615,"cafe, chinese, continental",cafe,4.0,3,1000,1126,0.3
800468,"mughlai, lucknowi",mughlai,4.9,1,300,1057,0.3
801675,"desserts, ice cream",desserts,4.5,1,200,144,0.3
801690,"cafe, italian, continental",cafe,4.6,3,800,567,0.3
801684,"cafe, continental, chinese",cafe,3.5,2,650,147,0.3
18296995,"cafe, fast food",cafe,3.9,2,450,217,0.3
800237,"continental, north indian, asian",continental,3.7,3,1000,514,0.3
800273,"north indian, continental",north indian,3.9,3,1100,268,0.3
18375866,"cafe, italian",cafe,4.3,2,450,106,0.3
801170,"north indian, chinese, mughlai",north indian,4.2,3,1200,691,0.3
801636,"cafe, italian, desserts",cafe,4.1,2,400,165,0.3
18385021,european,european,4.1,3,1000,80,0.3
801640,"mediterranean, italian, american",mediterranean,4.3,3,1300,124,0.3
801269,"italian, american, lebanese",italian,4.3,3,1000,887,0.3
801693,"cafe, chinese, thai, north indian, continental",cafe,4.0,3,1000,79,0.3
800483,mughlai,mughlai,4.4,2,400,818,0.3
800891,"cafe, bakery",cafe,4.1,2,400,288,0.3
800326,"north indian, mughlai, chinese, continental",north indian,4.2,3,1100,762,0.3
801384,"north indian, continental, south indian, chinese, thai, asian",north indian,4.2,4,2000,149,0.3
800089,north indian,north indian,4.7,4,1600,1069,0.3
801247,"north indian, mughlai, chinese",north indian,4.2,3,1000,411,0.3
800576,"cafe, fast food",cafe,4.0,2,700,587,0.3
15239,"north indian, chinese, fast food",north indian,3.6,2,800,93,0.3
18444271,"north indian, chinese, continental",north indian,3.5,3,1500,17,0.3
15005,"north indian, chinese",north indian,4.1,3,1400,191,0.3
15221,"north indian, chinese, south indian, fast food",north indian,3.9,1,400,109,0.3
15292,"italian, continental, north indian, cafe",italian,4.2,3,1400,217,0.3
15309,cafe,cafe,3.7,2,800,153,0.3
18400368,"north indian, mughlai",north indian,3.9,3,1300,41,0.3
15132,"italian, continental, mexican, lebanese",italian,4.1,3,1500,178,0.3
15705,"mediterranean, chinese, continental",mediterranean,4.3,4,2000,87,0.3
15078,"pizza, fast food",pizza,3.6,2,700,86,0.3
15104,"portuguese, african",portuguese,3.8,3,1200,156,0.3
15774,"cafe, continental, italian, bakery",cafe,4.4,3,1100,138,0.3
15008,"continental, chinese, italian, bakery",continental,4.2,2,800,261,0.3
15321,"mughlai, north indian, chinese",mughlai,4.4,3,1200,325,0.3
15368,"north indian, chinese, continental",north indian,3.5,3,1000,116,0.3
15853,"north indian, chinese, continental",north indian,3.9,3,1400,80,0.3
15497,"cafe, bakery, desserts",cafe,4.2,2,800,210,0.3
15091,"north indian, mughlai",north indian,4.6,2,800,196,0.3
15777,"european, chinese",european,3.8,3,1600,53,0.3
15717,"north indian, continental",north indian,3.9,3,1500,154,0.3
3100446,cafe,cafe,3.6,2,600,209,0.3
3100159,"desserts, bakery",desserts,3.9,1,200,196,0.3
3100010,"american, italian",american,3.8,3,900,196,0.3
3100145,"chinese, mangalorean",chinese,3.7,2,700,355,0.3
3100013,chinese,chinese,3.5,2,600,280,0.3
3100143,"continental, american",continental,3.7,3,1000,104,0.3
3100033,"finger food, continental, north indian",finger food,3.8,3,800,290,0.3
3100153,"south indian, north indian",south indian,3.6,2,700,275,0.3
3100142,seafood,seafood,4.2,2,500,281,0.3
3100030,"north indian, mughlai",north indian,3.5,4,1500,183,0.3
18237384,"cafe, continental",cafe,3.6,2,500,84,0.3
3100008,"seafood, north indian",seafood,3.9,3,750,257,0.3
3100148,"pizza, italian",pizza,3.5,2,600,127,0.3
3100044,"chinese, continental, north indian, mughlai",chinese,3.7,3,1000,260,0.3
3100441,"north indian, chinese",north indian,3.7,4,1600,193,0.3
3100302,seafood,seafood,4.1,3,800,245,0.3
3100422,"north indian, mughlai, chinese, mangalorean",north indian,3.7,3,1000,173,0.3
3100014,continental,continental,3.8,2,700,328,0.3
3100448,"north indian, italian, finger food",north indian,3.9,2,700,156,0.3
3100017,"south indian, north indian, chinese",south indian,3.7,2,500,175,0.3
18424018,"continental, north indian",continental,4.3,2,550,99,0.3
35217,pizza,pizza,4.0,2,800,5145,0.3
18447068,asian,asian,4.0,3,1000,156,0.3
18458563,"healthy food, american, burger, salad",healthy food,3.4,2,850,170,0.3
18075122,"north indian, italian, chinese, mexican",north indian,4.7,3,1000,2083,0.3
18233317,"fast food, beverages, desserts",fast food,4.2,3,1500,1606,0.3
18237753,"cafe, italian, desserts, fast food, chinese, tea",cafe,4.1,3,1000,2040,0.3
18388642,"continental, italian",continental,3.8,3,1100,617,0.3
18463285,"cafe, continental, north indian, italian, chinese, bakery, desserts, finger food",cafe,3.8,3,1000,146,0.3
16527711,"bakery, desserts, cafe",bakery,3.9,2,700,2076,0.3
18313566,modern indian,modern indian,4.3,3,1500,1240,0.3
49003,north indian,north indian,4.2,3,1500,3370,0.3
18441580,"cafe, italian, desserts, fast food, chinese, tea",cafe,3.9,3,1000,317,0.3
34757,pizza,pizza,4.5,2,800,2662,0.3
18408295,"american, burger, fast food",american,4.6,2,500,413,0.3
18216876,"italian, continental, mexican, japanese, american, british",italian,3.9,3,1500,885,0.3
17806994,"north indian, south indian, mughlai",north indian,4.9,3,1500,3244,0.3
18435740,"north indian, chinese, thai",north indian,3.8,3,1000,181,0.3
18318116,"street food, burger, desserts, italian, pizza, north indian, european, finger food",street food,4.0,3,1200,536,0.3
18270976,"cafe, italian, desserts, fast food, chinese, tea",cafe,4.1,3,1000,1295,0.3
49486,"cafe, italian, desserts, fast food, chinese, tea",cafe,3.6,3,1000,1515,0.3
3600252,andhra,andhra,3.4,1,290,139,0.3
3600265,"north indian, chinese, italian",north indian,3.7,3,900,172,0.3
3600375,italian,italian,3.9,3,800,264,0.3
3600015,south indian,south indian,4.2,1,300,392,0.3
3600012,"north indian, andhra, mughlai",north indian,3.7,2,500,393,0.3
3600013,"north indian, chinese, south indian",north indian,3.5,2,400,214,0.3
3600071,"italian, north indian, south indian",italian,3.7,2,650,262,0.3
3600192,"continental, north indian, south indian",continental,3.8,4,1700,162,0.3
3600119,"north indian, chinese",north indian,3.5,2,500,160,0.3
3600352,"north indian, european, mediterranean",north indian,4.0,4,1600,286,0.3
3600009,"pizza, italian",pizza,4.0,2,700,304,0.3
3600361,north indian,north indian,3.5,2,700,127,0.3
3600148,"north indian, continental, chinese",north indian,3.7,3,1000,132,0.3
3600436,"continental, chinese, north indian",continental,3.3,4,1500,11,0.3
3600008,"north indian, chinese, south indian",north indian,3.6,2,650,190,0.3
3600354,"cafe, continental, european, beverages",cafe,3.6,2,700,140,0.3
3600285,"continental, south indian",continental,3.8,2,650,249,0.3
3600072,"chinese, thai",chinese,3.7,2,550,208,0.3
3600022,"north indian, asian, continental",north indian,3.6,3,1000,270,0.3
3600014,finger food,finger food,3.7,3,1200,183,0.3
3301308,fast food,fast food,3.3,2,500,27,0.3
3300780,cafe,cafe,3.8,1,250,73,0.3
3301236,"continental, fast food, tea",continental,3.9,1,250,26,0.3
3300369,"north indian, chinese",north indian,4.0,2,500,103,0.3
3301013,"north indian, mughlai",north indian,4.3,2,550,88,0.3
3300741,"cafe, chinese, fast food, italian",cafe,3.7,2,400,201,0.3
3300138,"fast food, chinese",fast food,4.0,2,550,185,0.3
3300949,cafe,cafe,4.2,2,600,164,0.3
3300065,"continental, north indian, thai, chinese",continental,4.3,3,1100,270,0.3
3300416,cafe,cafe,3.9,2,350,140,0.3
3301169,"cafe, fast food",cafe,3.9,1,250,19,0.3
3300061,"cafe, continental",cafe,4.0,3,750,284,0.3
3300107,"north indian, italian, continental",north indian,4.4,3,1200,257,0.3
3300058,cafe,cafe,4.5,2,600,520,0.3
3300057,"chinese, continental, north indian",chinese,4.0,3,1000,306,0.3
3300041,"north indian, chinese, continental",north indian,4.2,3,1300,275,0.3
3300958,"north indian, european, mediterranean",north indian,4.9,4,1600,226,0.3
3300707,"american, fast food",american,2.2,2,550,147,0.3
3300070,"seafood, chinese, thai",seafood,4.0,3,1000,100,0.3
3301035,chinese,chinese,3.8,3,1000,45,0.3
1600227,maharashtrian,maharashtrian,3.8,2,400,76,0.3
1600280,"north indian, maharashtrian",north indian,3.6,4,1000,91,0.3
1600169,north indian,north indian,3.6,3,600,125,0.3
1600109,north indian,north indian,3.5,3,800,140,0.3
1600108,"cafe, desserts",cafe,3.6,2,400,86,0.3
1600258,"north indian, european, mediterranean, asian",north indian,3.8,4,1500,117,0.3
1600252,cafe,cafe,3.4,1,150,86,0.3
1600007,"north indian, chinese, fast food",north indian,3.4,3,600,162,0.3
1600053,chinese,chinese,3.4,3,700,177,0.3
1600326,cafe,cafe,3.3,3,600,15,0.3
1600307,north indian,north indian,3.4,3,800,24,0.3
1600219,fast food,fast food,3.5,2,400,80,0.3
1600067,mughlai,mughlai,3.7,3,500,162,0.3
1600039,"north indian, chinese",north indian,3.5,3,500,166,0.3
1600029,north indian,north indian,3.8,4,1100,164,0.3
1600292,italian,italian,3.0,3,800,25,0.3
1600298,north indian,north indian,3.3,4,1000,33,0.3
1600095,"malwani, north indian, chinese, seafood",malwani,3.5,2,400,77,0.3
1600205,maharashtrian,maharashtrian,3.9,1,100,218,0.3
1600212,"north indian, chinese, continental",north indian,3.4,3,900,71,0.3
18287358,cuisine varies,cuisine varies,0.0,2,500,2,0.3
18216944,fast food,fast food,3.2,1,350,46,0.3
313333,"north indian, seafood, continental",north indian,3.4,3,1500,45,0.3
18384127,"south indian, north indian",south indian,2.6,2,500,11,0.3
582,"south indian, north indian, chinese",south indian,3.4,2,500,238,0.7593984962406015
18414465,mughlai,mughlai,3.1,1,400,8,0.3
304243,fast food,fast food,2.7,1,400,64,0.3
3554,south indian,south indian,2.6,1,450,113,0.3
18369872,pizza,pizza,3.7,1,300,66,0.3
948,"north indian, chinese",north indian,3.5,3,1500,141,0.6766917293233082
2853,"chinese, north indian",chinese,2.2,2,500,77,0.3
18433900,"mediterranean, italian",mediterranean,4.0,3,1600,40,0.3
18425159,"continental, seafood, goan, andhra, kerala, thai",continental,4.2,3,1200,46,0.3
310958,parsi,parsi,4.2,3,1500,665,0.3
18334443,finger food,finger food,3.2,2,600,31,0.3
18255141,"north indian, mughlai",north indian,3.4,2,800,32,0.3
197,"pizza, fast food",pizza,2.8,2,700,83,0.7518796992481203
308235,"north indian, chinese, continental",north indian,3.7,3,1000,288,0.3
18258757,"fast food, italian, pizza",fast food,3.2,2,550,33,0.3
307383,"north indian, continental, chinese",north indian,3.2,2,900,26,0.3
18386746,"continental, north indian, fast food, street food, south indian",continental,0.0,2,600,2,0.3
18337885,cafe,cafe,0.0,2,800,0,0.3
310491,"north indian, chinese",north indian,2.6,3,1000,49,0.3
18337789,"street food, mithai",street food,3.3,1,200,13,0.3
18222573,"north indian, chinese",north indian,3.2,3,1500,64,0.3
3370,"street food, south indian, mithai",street food,3.4,1,400,167,0.3
307439,"north indian, chinese",north indian,3.3,2,900,99,0.3
1078,"italian, pizza, fast food",italian,2.6,3,1000,125,0.3
9340,"bakery, fast food",bakery,3.7,1,300,124,0.3
306761,"north indian, fast food",north indian,2.2,2,500,79,0.3
7580,"mithai, north indian, south indian, street food",mithai,2.9,1,400,8,0.3
7584,"mithai, street food",mithai,3.3,1,200,20,0.3
7582,cafe,cafe,3.2,1,450,23,0.3
18351495,bakery,bakery,3.4,1,400,19,0.3
7594,"mithai, north indian, south indian, street food",mithai,3.0,1,400,7,0.3
7583,fast food,fast food,2.7,1,150,11,0.3
7610,"raw meats, north indian, fast food",raw meats,3.2,1,350,35,0.3
18412603,"chinese, north indian, italian, mughlai",chinese,3.0,2,600,11,0.3
7639,chinese,chinese,2.5,1,300,32,0.3
18441545,"chinese, thai",chinese,3.2,2,800,10,0.3
9971,"north indian, mughlai",north indian,3.2,2,600,23,0.3
18451572,"street food, fast food, beverages",street food,3.1,1,400,7,0.3
7593,chinese,chinese,2.9,1,450,42,0.3
301440,"bakery, fast food",bakery,3.2,1,200,21,0.3
7585,"desserts, ice cream",desserts,3.3,1,150,16,0.3
306531,north indian,north indian,2.5,2,500,37,0.3
18354658,north indian,north indian,2.9,1,250,4,0.3
18337782,"north indian, south indian, chinese",north indian,2.8,2,500,7,0.3
18258759,"bakery, desserts",bakery,3.4,1,450,22,0.3
18057805,"north indian, biryani",north indian,3.9,2,600,97,0.3
3428,bengali,bengali,3.9,2,800,452,0.3
18425771,"ice cream, desserts",ice cream,3.6,1,250,14,0.3
18304836,"chinese, mughlai, north indian",chinese,3.6,2,650,82,0.3
18311951,ice cream,ice cream,0.0,1,300,2,0.3
18401128,"raw meats, fast food",raw meats,0.0,1,400,0,0.3
18354667,"south indian, north indian, chinese",south indian,0.0,1,350,0,0.3
18431379,"chinese, north indian, mughlai, pizza",chinese,0.0,2,500,1,0.3
18311953,north indian,north indian,0.0,2,500,2,0.3
18361522,"fast food, north indian",fast food,0.0,1,400,0,0.3
18425780,mughlai,mughlai,0.0,2,600,1,0.3
18489513,north indian,north indian,0.0,1,400,0,0.3
306795,"south indian, north indian, chinese",south indian,2.4,2,800,31,0.3
7249,turkish,turkish,2.5,2,600,100,0.3
7246,"pizza, italian",pizza,3.1,2,800,230,0.3
310723,"burger, fast food",burger,3.2,2,500,458,0.3
7253,"asian, chinese",asian,2.6,2,700,176,0.3
18180041,american,american,3.5,2,800,232,0.3
18434414,"continental, chinese, north indian",continental,3.6,4,2200,27,0.3
4905,"chinese, japanese, thai, malaysian, vietnamese, asian",chinese,3.6,4,2200,210,0.3
18421232,"north indian, south indian",north indian,3.9,2,500,44,0.3
7228,"north indian, street food, mughlai",north indian,3.5,2,600,206,0.3
7068,"cafe, desserts",cafe,3.7,2,700,185,0.3
302152,cafe,cafe,3.7,2,700,256,0.3
312300,"seafood, south indian, andhra, hyderabadi, goan",seafood,4.2,3,1500,336,0.3
5565,"chinese, fast food, north indian, south indian",chinese,3.4,1,450,280,0.3
307113,"italian, continental, cafe",italian,4.2,3,1400,2131,0.3
6258,"fast food, north indian, chinese, desserts",fast food,2.8,1,200,13,0.3
6094,"chinese, fast food",chinese,3.1,1,400,38,0.3
304592,street food,street food,2.8,1,150,69,0.3
18421481,south indian,south indian,3.3,2,500,11,0.3
310874,fast food,fast food,3.1,1,200,6,0.3
18313972,"bakery, desserts",bakery,3.0,1,400,4,0.3
18128860,"north indian, chinese",north indian,3.4,2,650,80,0.3
310877,fast food,fast food,3.4,2,500,24,0.3
304687,"chinese, fast food",chinese,3.1,1,250,13,0.3
312444,"ice cream, desserts",ice cream,3.3,1,400,12,0.3
18337975,"cafe, north indian, fast food",cafe,2.9,2,600,4,0.3
18124373,"chinese, south indian",chinese,2.8,1,200,9,0.3
305913,fast food,fast food,3.3,1,250,18,0.3
310447,chinese,chinese,2.8,2,600,14,0.3
310858,fast food,fast food,2.8,1,400,9,0.3
18332083,"fast food, north indian, chinese",fast food,3.2,1,200,16,0.3
18361241,"mughlai, north indian",mughlai,3.0,2,650,5,0.3
305630,fast food,fast food,3.6,2,500,251,0.3
18034049,healthy food,healthy food,3.5,1,350,42,0.3
6092,"chinese, north indian, italian",chinese,3.5,2,650,220,0.3
18124361,"bakery, desserts, fast food, pizza, burger, continental",bakery,3.6,1,400,34,0.3
6088,street food,street food,3.7,1,250,103,0.3
18394366,"north indian, chinese, south indian, fast food",north indian,3.7,1,300,46,0.3
18354639,"north indian, chinese",north indian,3.8,1,250,62,0.3
311657,"bakery, desserts",bakery,3.6,1,300,42,0.3
18350112,"desserts, bakery, pizza, burger, continental",desserts,3.6,1,350,58,0.3
18377924,"cafe, bakery",cafe,3.9,3,1000,106,0.3
18428216,"bakery, desserts, fast food, mithai",bakery,0.0,2,500,0,0.3
18421050,"fast food, beverages",fast food,0.0,1,350,1,0.3
18377887,cafe,cafe,0.0,2,500,1,0.3
18421693,bakery,bakery,0.0,1,100,0,0.3
18418263,bakery,bakery,0.0,1,300,0,0.3
18421457,street food,street food,0.0,1,100,0,0.3
18421463,bakery,bakery,0.0,1,150,0,0.3
18268361,"chinese, south indian, north indian",chinese,0.0,2,500,1,0.3
18445804,"chinese, fast food",chinese,0.0,1,300,0,0.3
18347812,"cafe, bakery",cafe,0.0,2,500,0,0.3
18377920,"south indian, chinese",south indian,0.0,1,400,2,0.3
311544,"bakery, desserts",bakery,0.0,2,500,0,0.3
18377915,chinese,chinese,0.0,1,200,0,0.3
18421058,"italian, fast food",italian,0.0,2,600,0,0.3
18335692,bakery,bakery,0.0,1,250,0,0.3
18429396,"north indian, european",north indian,3.0,3,1500,4,0.3
179,"fast food, burger",fast food,3.4,2,500,48,0.8571428571428571
307843,"italian, pizza, fast food",italian,3.2,2,800,51,0.3
18421042,"continental, asian, north indian",continental,3.4,3,1600,19,0.3
3295,"japanese, korean",japanese,3.6,4,2500,59,0.3
18414499,continental,continental,3.9,3,1500,188,0.3
18441775,"malaysian, indonesian",malaysian,4.4,3,1800,77,0.3
18427565,"japanese, asian",japanese,4.0,3,1500,46,0.3
18395381,"continental, north indian, mughlai, italian",continental,4.1,3,1400,387,0.3
310281,"north indian, south indian, chinese, mithai, fast food",north indian,3.1,2,500,117,0.3
18207831,"beverages, fast food",beverages,3.1,1,350,7,0.3
5452,"pizza, fast food",pizza,3.0,2,500,10,0.3
18374418,fast food,fast food,0.0,1,250,1,0.3
18258778,fast food,fast food,2.8,1,350,7,0.3
6560,"north indian, street food",north indian,2.8,1,200,23,0.3
3322,"north indian, south indian, chinese, fast food, mithai",north indian,2.8,2,500,102,0.3
18249102,"north indian, chinese",north indian,3.4,2,600,19,0.3
18241609,bakery,bakery,3.2,1,200,15,0.3
8743,bakery,bakery,3.0,1,200,10,0.3
5294,"chinese, fast food",chinese,2.7,1,400,17,0.3
4651,street food,street food,3.4,1,200,135,0.3
5315,"north indian, chinese",north indian,2.7,3,1000,35,0.3
6577,"north indian, mughlai, chinese",north indian,3.0,1,450,5,0.3
309395,"raw meats, fast food, north indian",raw meats,3.4,1,150,22,0.3
300784,"chinese, fast food",chinese,3.2,1,300,74,0.3
18430692,"north indian, chinese, mughlai",north indian,3.0,2,500,4,0.3
309503,"north indian, chinese",north indian,3.0,2,700,7,0.3
3326,north indian,north indian,3.2,2,650,22,0.3
309384,"bakery, desserts, fast food",bakery,3.1,1,300,9,0.3
3079,"north indian, mughlai",north indian,3.5,2,700,191,0.3
303093,"bakery, desserts, chinese, fast food",bakery,3.7,1,350,199,0.3
309375,"fast food, chinese, bakery",fast food,3.5,1,400,60,0.3
18441672,chinese,chinese,0.0,1,300,1,0.3
18446423,"north indian, mughlai",north indian,0.0,2,500,0,0.3
18462588,"north indian, mughlai, chinese",north indian,0.0,2,700,0,0.3
18460330,"fast food, chinese",fast food,0.0,2,500,1,0.3
18361739,mithai,mithai,0.0,1,100,2,0.3
312338,"raw meats, fast food",raw meats,0.0,1,400,0,0.3
18057828,"raw meats, fast food",raw meats,0.0,1,300,1,0.3
18361700,"north indian, chinese",north indian,0.0,2,550,3,0.3
18383541,beverages,beverages,0.0,1,400,3,0.3
18248970,"bakery, chinese",bakery,0.0,1,300,1,0.3
18395538,"mithai, street food",mithai,0.0,1,150,0,0.3
18446396,"ice cream, desserts",ice cream,0.0,1,250,0,0.3
313193,"fast food, chinese",fast food,0.0,1,400,1,0.3
18457050,north indian,north indian,0.0,1,200,0,0.3
18375413,north indian,north indian,0.0,2,650,0,0.3
18458325,fast food,fast food,0.0,1,100,0,0.3
5296,mithai,mithai,2.4,1,100,15,0.3
310802,"street food, chinese, north indian, mithai",street food,2.9,1,300,29,0.3
310777,"italian, pizza, fast food",italian,3.4,3,1000,35,0.3
309,"south indian, north indian, chinese",south indian,2.7,2,600,278,0.8796992481203008
18390678,"north indian, chinese",north indian,3.3,3,1200,53,0.3
3329,"north indian, chinese",north indian,2.6,1,350,142,0.3
18216896,"north indian, chinese, fast food",north indian,2.5,2,550,41,0.3
307767,"chinese, italian, north indian",chinese,3.9,3,1300,492,0.3
3332,"mithai, street food",mithai,3.5,1,250,28,0.3
980,"north indian, chinese",north indian,3.6,3,1300,457,0.706766917293233
18232098,"north indian, mughlai, chinese, continental",north indian,3.9,3,1800,173,0.3
6574,north indian,north indian,3.7,1,200,131,0.3
2379,street food,street food,3.9,1,200,123,0.3
309390,"north indian, mughlai, chinese, italian",north indian,3.9,3,1200,274,0.3
300809,"north indian, chinese",north indian,3.5,2,500,87,0.3
1192,north indian,north indian,3.0,1,300,78,0.3
310803,"north indian, mughlai",north indian,3.1,2,500,10,0.3
18250797,bakery,bakery,3.3,1,300,26,0.3
198,"pizza, fast food",pizza,3.2,2,700,101,0.6165413533834586
18449782,"pizza, fast food, chinese",pizza,3.4,2,500,17,0.3
18057820,"north indian, mughlai",north indian,3.3,2,600,34,0.3
310215,bakery,bakery,3.3,2,500,12,0.3
306841,"mughlai, north indian",mughlai,3.6,2,750,34,0.3
18412952,"north indian, south indian, street food",north indian,3.6,1,400,46,0.3
18432191,"north indian, mughlai",north indian,3.5,2,600,31,0.3
18375420,"fast food, italian, chinese",fast food,4.0,1,350,96,0.3
6286,"north indian, south indian, chinese",north indian,3.2,2,550,70,0.3
1914,"north indian, south indian, chinese, street food, mithai",north indian,3.4,1,400,560,0.3
18163907,cafe,cafe,2.9,1,450,4,0.3
18344490,"north indian, fast food",north indian,3.4,2,600,38,0.3
18412878,"north indian, fast food",north indian,2.8,2,600,11,0.3
18294263,"bakery, mithai",bakery,3.0,1,200,4,0.3
588,"north indian, south indian, street food, mithai",north indian,3.3,2,600,421,0.7443609022556391
7150,"north indian, chinese",north indian,3.1,2,550,68,0.3
18264634,"north indian, street food, chinese, south indian, mithai",north indian,3.6,1,400,85,0.3
301534,"bengali, north indian, chinese",bengali,3.7,2,800,343,0.3
8340,"bakery, desserts, fast food",bakery,3.8,1,300,120,0.3
18400739,north indian,north indian,0.0,1,200,3,0.3
304954,fast food,fast food,0.0,1,100,2,0.3
18400737,fast food,fast food,0.0,1,200,2,0.3
18382583,"bakery, desserts",bakery,0.0,1,350,0,0.3
18249122,"lebanese, arabian, moroccan",lebanese,2.3,2,750,55,0.3
7354,cafe,cafe,3.2,1,450,49,0.3
9267,"chinese, fast food",chinese,2.9,1,400,7,0.3
7352,"pizza, fast food",pizza,3.3,2,700,90,0.3
304211,north indian,north indian,2.9,3,1200,11,0.3
262,"italian, pizza, fast food",italian,3.1,3,1000,161,0.5864661654135338
4621,"bakery, fast food",bakery,3.0,2,800,67,0.3
2134,"fast food, north indian",fast food,2.8,1,300,23,0.3
303472,"japanese, chinese, malaysian, thai, vietnamese",japanese,3.3,3,1700,60,0.3
758,lebanese,lebanese,3.5,1,450,239,0.9172932330827067
7217,"chinese, thai, north indian",chinese,3.7,3,1300,137,0.3
307054,"burger, desserts, fast food",burger,3.7,2,600,212,0.3
771,"north indian, chinese",north indian,3.5,3,1000,193,0.7669172932330827
171,"fast food, burger",fast food,3.5,2,500,202,0.6541353383458647
304675,chinese,chinese,3.5,3,1300,332,0.3
3269,finger food,finger food,2.4,3,1800,92,0.3
3935,"italian, continental",italian,2.9,3,1000,120,0.3
4166,chinese,chinese,3.4,3,1500,137,0.3
3936,"north indian, mughlai",north indian,3.6,3,1100,158,0.3
5227,"north indian, chinese, continental",north indian,2.7,3,1500,9,0.3
1862,"north indian, street food",north indian,2.6,1,300,38,0.3
819,"chinese, japanese, thai",chinese,3.2,4,2000,59,0.7819548872180451
2236,"mithai, north indian",mithai,2.8,1,200,4,0.3
4150,"fast food, north indian, desserts, ice cream",fast food,2.5,3,1100,98,0.3
6394,north indian,north indian,2.8,1,250,11,0.3
1867,"north indian, mughlai",north indian,3.0,1,250,11,0.3
2608,south indian,south indian,3.1,1,150,14,0.3
8388,"pizza, fast food",pizza,2.4,2,700,71,0.3
3465,south indian,south indian,2.4,1,400,33,0.3
301581,cafe,cafe,0.0,3,1500,2,0.3
823,"chinese, north indian",chinese,3.3,2,850,85,0.7293233082706767
18421499,"bakery, italian, fast food, chinese, continental",bakery,2.9,2,600,10,0.3
846,"chinese, north indian",chinese,2.7,2,700,8,0.8195488721804511
816,"chinese, north indian",chinese,2.9,2,700,16,0.7819548872180451
4055,"north indian, south indian, fast food, street food, chinese, beverages, desserts, mithai",north indian,3.4,1,450,113,0.3
18312487,cafe,cafe,3.0,1,450,4,0.3
1630,"chinese, north indian",chinese,3.2,2,800,17,0.3
308261,"north indian, south indian",north indian,2.7,1,450,33,0.3
2587,chinese,chinese,2.9,2,800,66,0.3
849,chinese,chinese,3.4,2,800,34,0.7593984962406015
848,"chinese, north indian, seafood",chinese,2.8,2,700,31,0.6766917293233082
852,chinese,chinese,3.2,2,900,17,0.6616541353383458
312194,cafe,cafe,3.0,2,600,4,0.3
7643,fast food,fast food,2.8,1,200,5,0.3
3238,"north indian, mughlai",north indian,2.9,3,1650,10,0.3
18396184,"kashmiri, north indian",kashmiri,2.9,2,500,4,0.3
847,"chinese, north indian",chinese,3.4,2,900,60,0.7518796992481203
7575,"chinese, north indian",chinese,3.2,2,700,14,0.3
850,"chinese, north indian",chinese,3.1,2,700,10,0.8872180451127819
311856,"cafe, healthy food, north indian",cafe,3.0,2,700,7,0.3
851,"south indian, chettinad, north indian, chinese",south indian,3.4,2,600,161,0.7293233082706767
18228885,bakery,bakery,3.4,1,300,28,0.3
824,chinese,chinese,3.7,2,800,137,0.7293233082706767
301102,"gujarati, south indian, north indian",gujarati,3.7,1,400,203,0.3
18238246,"bakery, desserts",bakery,3.5,1,450,20,0.3
6003,"assamese, chinese",assamese,3.5,2,600,218,0.3
18469659,north eastern,north eastern,0.0,1,350,0,0.3
18288994,"south indian, north indian, chinese",south indian,0.0,1,300,1,0.3
845,"chinese, north indian",chinese,0.0,2,650,2,0.6992481203007519
18466422,finger food,finger food,0.0,4,3000,3,0.3
815,"north indian, mughlai",north indian,2.4,3,1600,164,0.7969924812030075
305296,"north indian, mughlai, chinese",north indian,2.1,2,500,138,0.3
6079,north indian,north indian,3.3,1,200,21,0.3
6117,north indian,north indian,3.1,1,150,6,0.3
18082202,"pizza, fast food",pizza,3.0,2,700,10,0.3
308574,bakery,bakery,3.2,1,200,10,0.3
6123,"south indian, chinese, fast food",south indian,2.9,1,300,6,0.3
312157,"north indian, south indian, chinese",north indian,3.1,2,500,15,0.3
302490,north indian,north indian,3.0,1,400,12,0.3
304697,north indian,north indian,3.4,1,300,29,0.3
307713,bakery,bakery,3.0,1,150,9,0.3
18384137,mughlai,mughlai,3.1,1,300,4,0.3
5459,north indian,north indian,3.2,1,150,225,0.3
311703,mughlai,mughlai,3.2,1,100,8,0.3
308006,"mithai, fast food",mithai,3.0,1,300,5,0.3
4053,"north indian, south indian, fast food, street food, chinese, desserts, mithai",north indian,2.8,2,550,42,0.3
5468,north indian,north indian,3.1,1,200,16,0.3
5453,"north indian, fast food, chinese, south indian",north indian,3.2,1,400,39,0.3
681,"north indian, street food, chinese, south indian",north indian,2.5,1,350,49,0.6842105263157895
308008,north indian,north indian,3.0,1,250,20,0.3
18272386,"north indian, south indian",north indian,2.8,1,300,4,0.3
306380,north indian,north indian,2.9,1,450,5,0.3
312936,"mithai, street food",mithai,3.3,1,100,16,0.3
6698,"fast food, burger",fast food,3.0,2,500,57,0.3
9961,"fast food, burger",fast food,3.0,2,500,42,0.3
312925,"north indian, fast food, south indian",north indian,3.4,1,300,21,0.3
18342132,street food,street food,3.0,1,100,4,0.3
18323461,"beverages, street food",beverages,3.2,1,50,11,0.3
5466,north indian,north indian,3.0,1,150,53,0.3
18232088,mithai,mithai,3.2,1,150,7,0.3
304743,mithai,mithai,3.4,1,100,23,0.3
18128897,"north indian, south indian",north indian,2.9,1,150,4,0.3
18211151,mughlai,mughlai,3.0,1,100,5,0.3
5460,north indian,north indian,3.0,1,100,9,0.3
311492,street food,street food,3.2,1,100,16,0.3
303643,desserts,desserts,3.4,1,100,18,0.3
9156,"north indian, south indian",north indian,3.1,1,400,14,0.3
9160,north indian,north indian,2.9,1,400,7,0.3
18235302,north indian,north indian,3.0,1,300,4,0.3
9157,north indian,north indian,2.9,1,250,5,0.3
9159,street food,street food,3.1,1,100,5,0.3
6706,"north indian, chinese",north indian,2.8,1,450,59,0.3
18082089,"mughlai, biryani",mughlai,3.3,2,550,10,0.3
312693,mughlai,mughlai,3.7,1,200,30,0.3
308209,beverages,beverages,3.8,1,100,112,0.3
306017,mithai,mithai,3.8,1,100,59,0.3
304737,street food,street food,3.7,1,150,40,0.3
308318,north indian,north indian,3.8,1,150,116,0.3
552,"north indian, south indian, chinese, street food, fast food, mithai, desserts",north indian,3.9,2,600,444,0.6090225563909775
6704,"street food, chinese, north indian, mithai",street food,3.9,1,300,163,0.3
309722,"mithai, street food",mithai,3.7,1,100,19,0.3
18286206,beverages,beverages,3.7,1,400,63,0.3
308894,fast food,fast food,3.6,1,150,43,0.3
7545,street food,street food,3.9,1,100,1487,0.3
9165,"mithai, street food",mithai,3.9,1,100,752,0.3
5458,north indian,north indian,3.6,1,150,437,0.3
5467,north indian,north indian,3.6,1,150,297,0.3
9161,"mithai, street food",mithai,3.8,1,100,76,0.3
302869,mithai,mithai,3.5,1,100,21,0.3
1889,"street food, north indian, south indian, mithai",street food,3.5,1,200,51,0.3
18466395,street food,street food,0.0,1,100,1,0.3
18469682,"biryani, mughlai",biryani,0.0,1,300,0,0.3
18466396,street food,street food,0.0,1,100,0,0.3
18466402,chinese,chinese,0.0,1,300,0,0.3
302859,north indian,north indian,0.0,1,200,1,0.3
308533,north indian,north indian,0.0,1,300,2,0.3
18462596,fast food,fast food,0.0,1,200,0,0.3
18333489,"street food, mithai",street food,0.0,1,200,3,0.3
18408052,desserts,desserts,0.0,1,100,3,0.3
302871,north indian,north indian,0.0,1,400,0,0.3
18425711,mithai,mithai,0.0,1,50,0,0.3
310678,"street food, mithai",street food,0.0,1,100,2,0.3
300178,"mithai, street food",mithai,4.2,1,200,382,0.3
1155,"ice cream, mithai, north indian, street food",ice cream,4.3,1,150,521,0.3
9166,street food,street food,4.1,1,50,405,0.3
18264992,"mughlai, street food",mughlai,4.4,4,3000,305,0.3
18282012,"desserts, street food",desserts,3.1,1,100,6,0.3
303642,ice cream,ice cream,4.5,1,200,545,0.3
18281967,street food,street food,3.6,1,100,18,0.3
18082228,ice cream,ice cream,3.9,1,300,36,0.3
301287,north indian,north indian,3.6,1,300,185,0.3
308192,"street food, mithai",street food,3.6,1,100,27,0.3
306015,"mithai, north indian",mithai,3.6,1,200,31,0.3
311002,"street food, beverages",street food,3.7,1,150,54,0.3
313511,fast food,fast food,3.7,1,100,21,0.3
311022,street food,street food,4.1,1,100,118,0.3
303644,"fast food, beverages",fast food,4.1,1,150,169,0.3
307218,"mithai, street food",mithai,4.1,1,150,200,0.3
304018,"north indian, mughlai, chinese",north indian,2.7,2,500,23,0.3
18239781,"mithai, bakery",mithai,3.1,1,300,7,0.3
18364354,"north indian, mughlai, chinese",north indian,3.0,2,800,4,0.3
18175256,"north indian, chinese",north indian,3.2,2,500,26,0.3
7623,"north indian, fast food",north indian,2.7,1,300,22,0.3
17953899,"north indian, mughlai, chinese",north indian,3.0,3,1000,70,0.3
309756,"north indian, mughlai, fast food, south indian",north indian,3.3,1,250,26,0.3
2595,"north indian, mughlai, biryani",north indian,3.4,2,500,404,0.3
7620,fast food,fast food,3.2,1,150,35,0.3
309161,"mughlai, north indian, bengali, continental",mughlai,2.7,1,400,135,0.3
18249081,"chinese, thai",chinese,2.9,2,600,16,0.3
3632,"chinese, mughlai, north indian",chinese,2.9,2,500,39,0.3
7602,fast food,fast food,3.4,1,300,18,0.3
1712,"raw meats, fast food",raw meats,2.7,1,400,29,0.3
300984,"north indian, chinese",north indian,3.3,1,250,27,0.3
18429374,"north indian, mughlai",north indian,3.2,2,500,13,0.3
18354627,"mughlai, north indian, chinese",mughlai,3.3,1,300,18,0.3
301522,"north indian, chinese, biryani",north indian,2.7,2,500,14,0.3
4973,"north indian, mughlai, chinese",north indian,2.5,2,600,59,0.3
3504,"north indian, mughlai",north indian,2.7,2,550,70,0.3
18459885,fast food,fast food,3.1,1,250,9,0.3
301405,north indian,north indian,2.6,1,350,71,0.3
18457499,"north indian, mughlai, chinese",north indian,3.1,3,1000,5,0.3
18445801,bengali,bengali,2.9,2,500,7,0.3
18355107,fast food,fast food,3.2,1,250,16,0.3
18175328,"north indian, kashmiri",north indian,3.2,3,1200,14,0.3
7613,mithai,mithai,3.2,1,150,17,0.3
7599,"mithai, street food",mithai,3.7,1,150,55,0.3
302936,fast food,fast food,3.6,1,100,46,0.3
4608,desserts,desserts,3.8,1,100,112,0.3
7636,fast food,fast food,3.7,1,100,99,0.3
18373691,"continental, american, fast food",continental,3.9,2,600,109,0.3
7634,"bengali, north indian",bengali,3.6,2,500,458,0.3
306028,"north indian, mughlai, biryani, bengali",north indian,3.5,2,650,443,0.3
311637,beverages,beverages,3.7,1,100,33,0.3
18396171,north indian,north indian,0.0,1,400,0,0.3
18282004,fast food,fast food,0.0,1,300,2,0.3
17989134,"bakery, fast food",bakery,0.0,1,100,2,0.3
18371396,cafe,cafe,0.0,1,450,1,0.3
18396942,chinese,chinese,0.0,1,300,2,0.3
18311930,"north indian, mughlai, chinese",north indian,0.0,3,1500,1,0.3
18481320,"north indian, chinese",north indian,0.0,1,400,0,0.3
7635,"fast food, chinese",fast food,0.0,1,300,2,0.3
7601,mithai,mithai,0.0,1,150,2,0.3
18471314,"bakery, desserts",bakery,0.0,2,500,0,0.3
309080,"north indian, chinese, fast food",north indian,2.4,2,600,41,0.3
1358,"biryani, north indian",biryani,2.3,2,600,38,0.3
5890,"north indian, mughlai, chinese",north indian,3.4,3,1200,134,0.3
306513,"continental, north indian, chinese",continental,2.8,3,1300,153,0.3
3089,"north indian, italian, fast food",north indian,3.2,4,2000,455,0.3
7061,"north indian, chinese, continental, italian",north indian,3.5,3,1450,609,0.3
18466981,"mughlai, north indian",mughlai,3.1,2,600,6,0.3
311093,"bakery, desserts",bakery,3.2,1,300,17,0.3
1055,"chinese, north indian, mughlai",chinese,3.0,3,1200,126,0.3
18144470,"bakery, desserts, fast food",bakery,3.0,1,400,4,0.3
4089,"chinese, south indian",chinese,3.0,1,150,14,0.3
311030,"cafe, italian, continental",cafe,3.5,3,1200,282,0.3
9927,gujarati,gujarati,3.6,1,300,95,0.3
18261146,fast food,fast food,0.0,1,150,0,0.3
18424867,chinese,chinese,0.0,1,150,0,0.3
18361206,north indian,north indian,0.0,1,100,0,0.3
18424863,"north indian, south indian",north indian,0.0,1,300,0,0.3
18361208,"biryani, mughlai",biryani,0.0,1,300,0,0.3
18398580,chinese,chinese,0.0,1,450,1,0.3
18424871,"bakery, mithai",bakery,0.0,1,150,1,0.3
18245298,"chinese, japanese, korean, asian",chinese,4.0,3,1500,225,0.3
2578,"chinese, north indian, street food",chinese,3.1,1,400,28,0.3
709,ice cream,ice cream,3.3,1,300,38,0.6842105263157895
1530,"north indian, mughlai",north indian,2.8,2,600,54,0.3
1401,"north indian, chinese",north indian,2.8,1,400,32,0.3
602,cafe,cafe,3.2,2,750,42,0.6616541353383458
18175255,cafe,cafe,2.9,1,450,10,0.3
2245,"north indian, street food, mithai",north indian,2.8,1,300,27,0.3
2585,"north indian, mughlai",north indian,3.2,2,600,35,0.3
908,"north indian, mughlai, chinese",north indian,2.5,3,1600,82,0.6917293233082706
924,"north indian, mughlai",north indian,3.2,2,500,24,0.7819548872180451
7715,north indian,north indian,2.9,2,500,14,0.3
9476,fast food,fast food,2.8,1,200,16,0.3
7686,north indian,north indian,3.0,1,450,11,0.3
305621,"north indian, mughlai",north indian,3.1,2,600,14,0.3
1324,"bakery, desserts, fast food",bakery,3.5,1,150,91,0.3
927,north indian,north indian,3.7,3,1400,110,0.7443609022556391
929,"italian, tex-mex, continental, north indian",italian,3.9,4,2400,886,0.7518796992481203
18256780,"north indian, lucknowi",north indian,0.0,1,400,3,0.3
53,"north indian, chinese, mughlai",north indian,2.6,3,1800,152,0.7894736842105263
307271,"north indian, continental, italian",north indian,2.9,3,1300,140,0.3
596,cafe,cafe,3.4,1,450,277,0.6992481203007519
1127,"finger food, continental, north indian, chinese",finger food,3.1,3,1350,1099,0.3
4237,cafe,cafe,3.4,2,600,76,0.3
6357,"north indian, chinese",north indian,3.2,1,400,89,0.3
18124357,north indian,north indian,3.4,3,1300,1523,0.3
2913,"chinese, north indian, mughlai, continental",chinese,3.0,3,1600,671,0.3
3506,fast food,fast food,3.3,1,200,1300,0.3
6957,"north indian, chinese, italian, continental",north indian,2.7,3,1000,2460,0.3
304154,"north indian, chinese, italian, continental",north indian,2.5,3,1000,1096,0.3
320,"south indian, north indian, chinese",south indian,3.4,2,600,499,0.7819548872180451
310097,"north indian, italian, continental",north indian,3.2,3,1100,563,0.3
18418277,"continental, italian, asian, indian",continental,4.7,3,1500,52,0.3
310143,ice cream,ice cream,4.9,1,150,2620,0.3
18357940,north indian,north indian,4.7,3,1800,242,0.3
300595,north indian,north indian,3.6,2,550,485,0.3
55,"chinese, thai",chinese,3.9,3,1100,2639,0.7894736842105263
3168,"continental, mexican, american, italian, north indian",continental,3.7,3,1100,706,0.3
310448,"burger, fast food",burger,3.8,2,500,2093,0.3
18237356,"burger, juices, finger food",burger,3.6,2,500,548,0.3
303034,cafe,cafe,3.6,2,700,361,0.3
18070476,"north indian, european",north indian,3.7,3,1500,873,0.3
18208892,"chinese, continental, north indian",chinese,3.7,3,1200,673,0.3
18157403,"north indian, continental, italian",north indian,3.7,3,1200,834,0.3
18306523,"north indian, chinese, italian, mediterranean",north indian,3.6,2,800,877,0.3
309664,"pizza, italian, cafe",pizza,3.9,3,1400,1503,0.3
302878,cafe,cafe,3.9,2,500,3206,0.3
18237315,"cafe, tea",cafe,3.9,1,400,487,0.3
305453,"asian, japanese, chinese, thai",asian,3.9,3,1700,2003,0.3
308804,chinese,chinese,3.9,3,1800,496,0.3
311373,"north indian, mughlai",north indian,3.9,3,1400,841,0.3
143,"pizza, fast food",pizza,3.7,2,700,336,0.8421052631578947
308772,"burger, desserts, fast food",burger,3.8,2,600,271,0.3
7855,"burger, desserts, fast food",burger,3.9,2,600,1607,0.3
66,"north indian, continental, european",north indian,3.5,4,2000,706,0.8796992481203008
18235515,"north indian, mexican, italian, continental",north indian,3.9,3,1200,1379,0.3
18247029,"healthy food, beverages",healthy food,3.7,2,600,55,0.3
2298,"street food, north indian, south indian, chinese, mithai",street food,3.9,2,550,1151,0.3
310490,"north indian, continental",north indian,3.7,3,1300,626,0.3
1896,north indian,north indian,3.8,1,250,301,0.3
18157384,"north indian, continental, chinese, italian, thai, mughlai",north indian,3.8,3,1200,1174,0.3
2903,north indian,north indian,3.5,2,600,2185,0.3
301653,"north indian, mughlai",north indian,3.5,2,600,321,0.3
2195,"american, fast food",american,3.7,2,500,427,0.3
7367,"mughlai, north indian",mughlai,3.7,2,650,1189,0.3
309586,"north indian, italian, mexican, chettinad, chinese, lebanese",north indian,3.9,3,1600,1286,0.3
18398577,"fast food, burger",fast food,3.7,1,450,41,0.3
18435302,"goan, seafood",goan,3.7,3,1200,277,0.3
9747,"cafe, north indian, italian, japanese, fast food",cafe,3.6,3,1500,391,0.3
312603,"european, chinese, north indian, italian",european,3.9,4,2200,2589,0.3
177,"fast food, burger",fast food,3.8,2,500,388,0.7819548872180451
9959,"fast food, burger",fast food,3.7,2,500,108,0.3
17953940,"arabian, mexican",arabian,3.5,1,400,95,0.3
18441674,"bengali, south indian, north indian, mughlai",bengali,3.9,3,1400,66,0.3
307485,"north indian, mughlai",north indian,3.9,2,650,310,0.3
311057,"north indian, mughlai, chinese",north indian,3.7,3,1000,3010,0.3
309955,"portuguese, african",portuguese,3.7,3,1200,1891,0.3
870,"north indian, fast food",north indian,3.8,2,900,1761,0.6992481203007519
18265711,"north indian, italian, chinese, mexican",north indian,3.8,3,1400,367,0.3
312601,"north indian, chinese, mughlai, italian",north indian,3.8,3,1700,1158,0.3
3393,"north indian, chinese, mughlai",north indian,3.8,4,2400,2689,0.3
2504,"north indian, mughlai",north indian,3.6,3,1000,1434,0.3
249,"italian, pizza, fast food",italian,3.5,3,1000,541,0.7443609022556391
18423119,"north indian, chinese, continental",north indian,3.7,3,1100,140,0.3
18255131,"chinese, italian, continental, north indian",chinese,3.6,4,5000,61,0.3
306497,"north indian, mughlai",north indian,3.7,3,1100,1256,0.3
308244,"finger food, european, north indian",finger food,3.5,3,1700,422,0.3
1286,"gujarati, rajasthani",gujarati,3.6,2,950,1134,0.3
4815,"continental, american, tex-mex, north indian",continental,3.5,3,1350,1863,0.3
310463,"pizza, italian",pizza,3.5,2,600,1311,0.3
5738,"beverages, fast food",beverages,3.7,1,400,1333,0.3
302310,south indian,south indian,3.6,1,300,50,0.3
5608,"mughlai, north indian, chinese",mughlai,3.5,4,2800,92,0.3
307535,cafe,cafe,3.8,2,700,552,0.3
302156,"american, fast food, salad, healthy food",american,3.5,2,500,276,0.3
18238278,"finger food, north indian, continental, italian",finger food,3.7,3,1600,1801,0.3
905,"chinese, thai",chinese,3.5,3,1200,327,0.8045112781954887
18281985,"north indian, continental, finger food",north indian,3.9,3,1200,1020,0.3
307060,"finger food, north indian, italian",finger food,3.8,3,1250,645,0.3
18425735,"italian, mediterranean, continental, north indian",italian,3.9,3,1500,143,0.3
313256,"north indian, mediterranean, asian",north indian,3.9,3,1500,1545,0.3
18337893,"north indian, continental, fast food",north indian,3.5,3,1400,63,0.3
307190,fast food,fast food,3.9,1,450,783,0.3
309790,"north indian, mediterranean, asian, continental",north indian,3.9,3,1600,3413,0.3
1800,"north indian, mughlai",north indian,3.9,3,1600,1087,0.3
301605,"american, continental, italian, north indian, asian",american,3.7,3,1500,4914,0.3
3394,"north indian, mughlai",north indian,3.9,3,1800,908,0.3
930,"chinese, japanese, italian, seafood",chinese,3.5,3,1500,1027,0.706766917293233
309073,"lebanese, mediterranean, middle eastern, arabian",lebanese,3.9,3,1600,1071,0.3
18414481,tea,tea,0.0,1,200,0,0.3
18469940,"pizza, fast food",pizza,0.0,2,500,0,0.3
18380361,north indian,north indian,0.0,1,200,2,0.3
18241537,"north indian, italian, asian, american",north indian,4.4,3,1600,840,0.3
309478,"north indian, chinese, italian, continental",north indian,4.0,3,1800,2333,0.3
7713,"north indian, chinese, continental, italian",north indian,4.1,4,2000,1821,0.3
301489,"north indian, chinese",north indian,4.1,3,1600,3164,0.3
18219558,"biryani, north indian, hyderabadi",biryani,4.1,2,800,740,0.3
18216915,"biryani, hyderabadi",biryani,4.0,3,1000,510,0.3
306913,"north indian, chinese, italian, american, middle eastern",north indian,4.2,4,2000,961,0.3
307036,"continental, north indian, chinese, mediterranean",continental,4.1,3,1800,799,0.3
67,chinese,chinese,4.0,3,1200,412,0.8195488721804511
18233593,modern indian,modern indian,4.4,4,2200,1942,0.3
310123,japanese,japanese,4.0,4,2000,312,0.3
18198427,"healthy food, continental, italian",healthy food,4.0,2,800,361,0.3
18279449,"north indian, mediterranean, asian, fast food",north indian,4.3,3,1900,1129,0.3
18237357,"continental, mediterranean, italian, north indian",continental,4.0,3,1400,510,0.3
18254558,"fast food, american, burger",fast food,4.0,3,1000,608,0.3
18246991,"continental, american, asian, north indian",continental,4.1,3,1600,1959,0.3
309859,"italian, mexican, continental, north indian, finger food",italian,4.0,3,1800,817,0.3
18294220,"asian, north indian",asian,4.1,3,1200,400,0.3
900,south indian,south indian,4.3,2,500,5172,0.8947368421052632
18294269,"continental, mexican, burger, american, pizza, tex-mex",continental,4.1,3,1300,467,0.3
301011,cafe,cafe,4.1,2,700,2417,0.3
18423151,"north indian, european",north indian,4.1,3,1500,90,0.3
18454488,"north indian, afghani, mughlai",north indian,4.3,3,1500,104,0.3
308579,"continental, north indian, italian, asian",continental,4.0,4,2100,2252,0.3
910,"north indian, european, asian, mediterranean",north indian,4.1,4,2200,1838,0.7218045112781954
18216901,"north indian, continental",north indian,4.0,3,1600,1758,0.3
301114,"bakery, desserts, fast food",bakery,4.3,1,400,1457,0.3
4249,"bakery, fast food, desserts",bakery,4.3,1,400,3591,0.3
18222559,"north indian, chinese, italian, continental",north indian,4.1,3,1500,492,0.3
303204,"north indian, chinese",north indian,2.6,2,550,77,0.3
8881,"north indian, chinese",north indian,3.2,3,1900,113,0.3
310435,"continental, italian",continental,3.3,3,1000,140,0.3
309051,"fast food, burger",fast food,3.5,1,300,164,0.3
1258,"north indian, chinese",north indian,3.1,2,800,106,0.3
2308,"north indian, chinese, south indian, fast food",north indian,3.3,2,800,134,0.3
195,"fast food, burger",fast food,3.4,2,500,77,0.6541353383458647
307940,north indian,north indian,3.3,2,950,102,0.3
2299,"north indian, south indian, chinese, street food, fast food, mithai, desserts",north indian,3.5,2,600,217,0.3
5997,finger food,finger food,3.5,4,2500,59,0.3
6030,"bakery, desserts, fast food",bakery,3.7,3,1000,60,0.3
307362,finger food,finger food,3.2,4,2000,12,0.3
307361,"italian, north indian, continental",italian,3.5,4,3000,115,0.3
3105,"north indian, chinese, continental",north indian,3.3,3,1000,165,0.3
9960,"fast food, burger",fast food,3.4,2,500,41,0.3
18014114,"north indian, chinese, finger food",north indian,3.5,3,1000,116,0.3
3894,"north indian, south indian, chinese, street food, fast food, mithai, desserts",north indian,3.7,2,550,262,0.3
306479,north indian,north indian,3.5,1,400,364,0.3
3183,"north indian, south indian, chinese, fast food",north indian,2.8,2,600,28,0.3
5451,"north indian, fast food",north indian,3.2,1,400,12,0.3
5464,cafe,cafe,2.8,1,450,22,0.3
3182,north indian,north indian,2.9,1,400,6,0.3
18057826,"north indian, mughlai",north indian,3.4,1,400,45,0.3
18275791,mughlai,mughlai,3.0,1,150,6,0.3
18261700,"north indian, chinese, fast food, south indian",north indian,2.9,1,400,6,0.3
18228864,"bakery, fast food",bakery,3.1,1,200,8,0.3
310792,"fast food, burger",fast food,2.8,2,500,23,0.3
18222587,"street food, mithai",street food,3.2,1,150,6,0.3
309530,"north indian, chinese",north indian,3.0,2,500,33,0.3
5462,south indian,south indian,3.0,1,200,5,0.3
3181,"north indian, chinese, mughlai",north indian,3.4,2,600,159,0.3
9912,parsi,parsi,3.7,2,500,85,0.3
3180,"north indian, south indian",north indian,3.8,2,700,189,0.3
4092,"north indian, mughlai",north indian,3.7,2,500,519,0.3
18261683,"north indian, chinese, mughlai",north indian,3.5,2,500,26,0.3
4715,"north indian, mughlai",north indian,3.8,2,600,124,0.3
481,"north indian, chinese",north indian,3.6,3,1100,711,0.5864661654135338
302232,"north indian, mughlai",north indian,3.6,2,500,109,0.3
1044,north indian,north indian,3.7,1,400,57,0.3
3185,north indian,north indian,3.6,1,350,88,0.3
18292467,north indian,north indian,0.0,1,200,0,0.3
18390082,north indian,north indian,0.0,1,100,0,0.3
18466971,cafe,cafe,0.0,1,450,0,0.3
18449652,north indian,north indian,0.0,1,300,0,0.3
18288623,north indian,north indian,0.0,1,200,0,0.3
18345506,mughlai,mughlai,0.0,1,400,0,0.3
18397709,"north indian, mughlai",north indian,0.0,2,500,0,0.3
18294896,north indian,north indian,0.0,1,200,1,0.3
6678,north indian,north indian,0.0,1,150,0,0.3
18351471,mughlai,mughlai,0.0,1,400,0,0.3
18206818,"mithai, street food",mithai,0.0,1,150,1,0.3
5463,north indian,north indian,0.0,1,150,0,0.3
18345380,mughlai,mughlai,0.0,2,500,3,0.3
5450,north indian,north indian,0.0,1,100,1,0.3
18292465,pizza,pizza,0.0,1,300,3,0.3
18292472,north indian,north indian,0.0,1,400,0,0.3
18449638,fast food,fast food,0.0,1,200,0,0.3
18449640,"north indian, south indian",north indian,0.0,1,100,0,0.3
18492527,"north indian, mughlai",north indian,0.0,1,400,0,0.3
303637,"pizza, fast food",pizza,2.3,2,700,32,0.3
304181,mughlai,mughlai,4.1,2,500,271,0.3
308183,"bakery, fast food",bakery,3.0,1,150,4,0.3
313059,chinese,chinese,0.0,1,250,1,0.3
763,"chinese, japanese",chinese,3.3,3,1200,176,0.849624060150376
7557,"mithai, street food",mithai,3.1,1,100,10,0.3
525,cafe,cafe,3.3,2,650,73,0.849624060150376
7561,"fast food, street food",fast food,3.0,1,200,12,0.3
18387105,"bakery, desserts",bakery,3.4,1,300,13,0.3
18451576,"north indian, chinese, mughlai",north indian,3.3,2,600,33,0.3
580,"mughlai, north indian, chinese",mughlai,3.4,2,700,104,0.8571428571428571
308703,"bakery, desserts",bakery,3.2,1,300,12,0.3
60,"north indian, mughlai",north indian,3.2,2,900,600,0.6842105263157895
305123,"bakery, desserts",bakery,3.2,2,600,13,0.3
18265689,"north indian, bengali",north indian,2.7,2,700,8,0.3
199,"pizza, fast food",pizza,2.5,2,700,78,0.7443609022556391
756,"north indian, mughlai",north indian,3.4,2,600,35,0.6691729323308271
309801,"bakery, desserts",bakery,3.4,2,500,16,0.3
18433907,desserts,desserts,2.5,1,300,7,0.3
311511,"ice cream, desserts",ice cream,2.8,1,400,26,0.3
308279,"ice cream, desserts",ice cream,3.3,1,400,29,0.3
7621,"raw meats, north indian, fast food",raw meats,2.7,1,350,16,0.3
306779,north indian,north indian,3.2,1,450,14,0.3
312980,fast food,fast food,3.1,2,500,9,0.3
18222580,desserts,desserts,2.9,1,250,7,0.3
2878,"fast food, chinese",fast food,2.9,1,300,102,0.3
8902,"mithai, street food",mithai,3.2,1,150,22,0.3
18374707,"north indian, mughlai",north indian,3.1,2,600,9,0.3
678,"continental, chinese, north indian",continental,3.1,3,1600,128,0.6466165413533834
3568,continental,continental,3.0,3,1600,496,0.3
18354969,"north indian, mughlai",north indian,3.2,1,450,8,0.3
313242,"north indian, chinese",north indian,3.3,2,550,19,0.3
309838,"north indian, mughlai",north indian,3.4,2,600,35,0.3
437,"north indian, mughlai, chinese",north indian,3.2,2,600,53,0.7969924812030075
18303851,"north indian, chinese, mughlai",north indian,3.0,2,600,39,0.3
307500,bakery,bakery,3.3,1,300,25,0.3
736,fast food,fast food,3.2,1,300,28,0.7894736842105263
18294230,north indian,north indian,3.4,2,500,44,0.3
7851,"north indian, mughlai, chinese",north indian,2.6,2,500,56,0.3
2437,italian,italian,3.9,3,1500,245,0.3
573,"chinese, thai",chinese,3.5,2,700,215,0.7669172932330827
9706,"cafe, italian",cafe,3.6,3,1200,386,0.3
1507,"bakery, desserts, fast food",bakery,3.8,1,350,460,0.3
302655,"lebanese, arabian",lebanese,3.6,2,600,146,0.3
705,ice cream,ice cream,3.7,1,300,55,0.8571428571428571
1395,"cafe, italian, chinese",cafe,3.7,3,1000,390,0.3
18418273,"mughlai, fast food",mughlai,3.5,1,400,15,0.3
2067,desserts,desserts,3.6,1,300,130,0.3
3492,"north indian, mughlai, chinese",north indian,3.9,2,600,301,0.3
576,"biryani, north indian, mughlai",biryani,3.7,2,800,338,0.8571428571428571
311211,"continental, american, asian, north indian",continental,3.9,3,1600,798,0.3
311661,"fast food, turkish",fast food,3.8,2,900,192,0.3
566,"chinese, thai",chinese,3.8,2,700,196,0.8045112781954887
556,"burger, fast food",burger,3.7,2,500,766,0.8421052631578947
18322644,"north indian, mughlai",north indian,3.6,2,700,42,0.3
17953931,"north indian, continental, chinese, italian",north indian,3.6,3,1400,139,0.3
18396187,"bakery, desserts",bakery,3.8,1,300,24,0.3
730,"north indian, mughlai, kashmiri",north indian,3.5,3,1500,208,0.7218045112781954
18247032,"chinese, japanese, thai",chinese,3.6,3,1200,99,0.3
570,"seafood, continental, european",seafood,3.7,3,1800,601,0.6842105263157895
760,italian,italian,3.8,4,2000,354,0.7293233082706767
134,"north indian, mughlai, chinese",north indian,3.8,3,1000,130,0.8195488721804511
3039,"north indian, fast food",north indian,3.8,2,900,303,0.3
310816,"italian, pizza",italian,3.8,2,900,306,0.3
304735,"cafe, bakery",cafe,3.7,2,800,304,0.3
306,"north indian, chinese",north indian,3.7,2,600,308,0.8947368421052632
312586,"american, fast food, salad, healthy food",american,3.6,2,500,84,0.3
451,"north indian, chinese, south indian, seafood, chettinad",north indian,3.9,3,1500,749,0.7518796992481203
18254518,"north indian, chinese, continental",north indian,3.8,3,1800,238,0.3
18419886,biryani,biryani,0.0,1,200,2,0.3
8987,north indian,north indian,0.0,1,200,2,0.3
18472678,north indian,north indian,0.0,1,300,0,0.3
9879,chinese,chinese,0.0,1,150,2,0.3
18472675,"north indian, fast food",north indian,0.0,1,150,0,0.3
18355127,mughlai,mughlai,0.0,1,400,0,0.3
18357956,chinese,chinese,0.0,2,500,0,0.3
9569,"north indian, mughlai",north indian,2.4,2,600,35,0.3
305269,"italian, french",italian,4.1,3,1750,711,0.3
18415346,"cafe, continental, italian",cafe,4.4,3,1000,50,0.3
4268,"bakery, fast food",bakery,4.1,1,400,561,0.3
18350143,"north indian, mughlai",north indian,4.0,3,1500,183,0.3
18161723,modern indian,modern indian,4.1,3,1700,242,0.3
18232097,"cafe, healthy food, continental",cafe,4.1,2,800,223,0.3
309882,rajasthani,rajasthani,4.1,2,900,769,0.3
303215,ice cream,ice cream,4.0,1,200,169,0.3
18400744,"continental, asian, sushi",continental,4.2,3,1600,63,0.3
312567,"north indian, hyderabadi, kashmiri, chinese",north indian,4.0,3,1650,460,0.3
305,"south indian, north indian, chinese",south indian,4.0,2,600,782,0.6691729323308271
18363787,"north indian, chinese",north indian,4.2,2,900,95,0.3
305646,"bakery, desserts",bakery,4.2,2,550,372,0.3
18419649,"street food, mithai",street food,0.0,1,200,2,0.3
18313109,"bakery, fast food",bakery,0.0,1,200,0,0.3
18478723,"north indian, chinese, south indian",north indian,0.0,1,300,0,0.3
18348614,"south indian, chinese, continental",south indian,0.0,2,600,1,0.3
6953,north indian,north indian,3.1,1,100,29,0.3
7691,cafe,cafe,3.4,1,400,69,0.3
3252,"north indian, chinese",north indian,2.8,1,400,109,0.3
18400732,"cafe, north indian, chinese",cafe,2.8,2,800,15,0.3
18337757,"cafe, continental, chinese",cafe,3.4,2,600,76,0.3
9014,cafe,cafe,3.4,1,450,46,0.3
9453,cafe,cafe,3.2,1,450,87,0.3
18273614,"north indian, south indian, chinese, street food, fast food",north indian,2.6,1,300,45,0.3
6625,"pizza, fast food",pizza,2.5,2,700,109,0.3
300869,"bakery, desserts",bakery,3.0,1,200,8,0.3
18256980,"north indian, fast food, chinese",north indian,3.3,1,300,35,0.3
2279,"north indian, chinese",north indian,2.8,1,450,81,0.3
307894,"raw meats, north indian, fast food",raw meats,3.1,1,350,72,0.3
6949,"bakery, fast food",bakery,3.0,1,100,18,0.3
311962,"chinese, continental, north indian",chinese,3.3,2,850,113,0.3
9433,mithai,mithai,2.8,1,100,5,0.3
4065,north indian,north indian,3.3,1,300,51,0.3
5767,north indian,north indian,2.9,1,150,5,0.3
7681,korean,korean,3.0,2,900,82,0.3
18395106,north indian,north indian,3.0,2,600,12,0.3
5436,"chinese, fast food",chinese,2.6,1,350,26,0.3
18370586,mughlai,mughlai,3.2,1,300,17,0.3
306847,"north indian, mughlai, chinese",north indian,3.3,2,600,85,0.3
4857,"italian, pizza, fast food",italian,3.4,3,1000,143,0.3
4088,chinese,chinese,3.4,1,300,39,0.3
9969,"finger food, north indian, italian",finger food,2.7,4,2000,81,0.3
307106,fast food,fast food,3.3,1,250,69,0.3
5909,"bakery, fast food",bakery,2.6,1,200,16,0.3
2287,"north indian, chinese, south indian, fast food",north indian,3.4,2,700,173,0.3
2288,"chinese, beverages",chinese,3.2,1,400,45,0.3
312391,"north indian, chinese",north indian,2.7,3,1100,50,0.3
302370,"north indian, chinese, mughlai",north indian,3.4,2,600,427,0.3
9779,south indian,south indian,2.6,1,450,138,0.3
307387,fast food,fast food,3.0,1,100,14,0.3
18350499,chinese,chinese,2.8,1,450,51,0.3
2290,"north indian, chinese, fast food",north indian,3.1,2,700,130,0.3
18161577,"cafe, continental, chinese, italian",cafe,4.6,2,900,1071,0.3
6647,"bakery, fast food",bakery,3.6,1,250,258,0.3
313267,bakery,bakery,3.9,1,250,533,0.3
5455,"ice cream, desserts",ice cream,3.7,1,150,93,0.3
3401,"north indian, chinese, cafe",north indian,3.7,2,550,484,0.3
18456762,"north indian, continental, chinese, italian, lebanese",north indian,3.7,3,1000,49,0.3
4825,"chinese, north indian, fast food, italian",chinese,3.9,2,800,2724,0.3
311674,"cafe, chinese, italian",cafe,3.8,2,550,541,0.3
6646,"north indian, chinese",north indian,3.7,1,250,91,0.3
304307,"cafe, fast food, italian, chinese",cafe,3.8,2,650,1970,0.3
18421487,mughlai,mughlai,0.0,1,400,0,0.3
18277324,beverages,beverages,0.0,1,100,1,0.3
18455950,"fast food, italian",fast food,0.0,1,300,1,0.3
18463988,"chinese, fast food",chinese,0.0,1,300,0,0.3
18463995,cafe,cafe,0.0,1,250,1,0.3
18426904,street food,street food,0.0,1,50,0,0.3
18124356,chinese,chinese,0.0,1,350,2,0.3
18420653,north indian,north indian,0.0,1,350,0,0.3
18432553,chinese,chinese,0.0,1,400,3,0.3
18388132,"north indian, south indian",north indian,0.0,1,200,0,0.3
6608,north indian,north indian,0.0,1,350,3,0.3
300883,"south indian, north indian, chinese",south indian,2.4,2,600,147,0.3
3036,"italian, pizza, bakery",italian,2.4,2,700,148,0.3
18342940,cafe,cafe,4.1,1,400,111,0.3
6144,"north indian, chinese, cafe",north indian,4.1,2,700,1384,0.3
18365861,"ice cream, desserts, beverages",ice cream,4.3,1,250,156,0.3
304262,"cafe, mexican, american, italian, lebanese, continental",cafe,4.3,2,900,4085,0.3
312345,"cafe, italian, continental, chinese",cafe,4.4,2,850,1537,0.3
306407,"cafe, italian, continental",cafe,4.2,2,700,1526,0.3
7777,"assamese, chinese",assamese,2.8,1,400,45,0.3
3167,"north indian, mughlai",north indian,3.2,2,750,26,0.3
302555,south indian,south indian,3.1,1,350,13,0.3
309841,goan,goan,2.5,2,700,29,0.3
3158,"north indian, chinese, south indian",north indian,2.8,1,200,11,0.3
7814,oriya,oriya,3.1,1,450,52,0.3
7770,"rajasthani, north indian",rajasthani,3.4,1,400,69,0.3
7789,chinese,chinese,3.0,1,350,36,0.3
302537,kashmiri,kashmiri,3.1,2,700,44,0.3
7790,"chinese, north indian, fast food",chinese,2.8,1,450,8,0.3
18025092,bihari,bihari,3.5,2,500,28,0.3
7768,"bengali, north indian, chinese",bengali,3.7,2,800,182,0.3
302264,maharashtrian,maharashtrian,3.6,1,350,93,0.3
300975,"chinese, fast food",chinese,3.6,1,450,72,0.3
7772,chinese,chinese,3.8,1,400,152,0.3
7834,"desserts, ice cream, north indian",desserts,3.5,1,250,19,0.3
302542,"chinese, naga",chinese,3.7,2,800,143,0.3
7774,north indian,north indian,3.5,1,450,24,0.3
7769,"chinese, tibetan",chinese,3.5,1,400,30,0.3
7788,north indian,north indian,2.3,2,700,30,0.3
309037,"mithai, street food",mithai,3.0,1,350,9,0.3
18454058,"north indian, mughlai, chinese",north indian,3.2,2,500,10,0.3
312579,"mughlai, north indian",mughlai,3.2,2,500,15,0.3
18398753,healthy food,healthy food,3.0,1,300,7,0.3
301313,north indian,north indian,2.8,2,600,9,0.3
301305,"chinese, fast food",chinese,3.3,1,350,32,0.3
18124346,north indian,north indian,2.9,1,400,4,0.3
310664,"north indian, chinese, mughlai",north indian,3.3,3,1200,56,0.3
6266,north indian,north indian,3.0,2,600,16,0.3
5060,"pizza, fast food",pizza,3.3,2,700,87,0.3
312566,north indian,north indian,3.4,1,200,39,0.3
18368621,"fast food, beverages",fast food,3.4,1,250,23,0.3
310319,"south indian, north indian",south indian,3.2,1,400,11,0.3
302497,north indian,north indian,2.6,1,450,15,0.3
302528,"fast food, burger",fast food,3.3,2,500,65,0.3
305209,south indian,south indian,3.1,1,300,7,0.3
313046,"north indian, chinese, continental",north indian,2.6,2,500,14,0.3
313473,"pizza, fast food",pizza,3.0,1,300,7,0.3
9817,"north indian, south indian",north indian,2.7,2,500,14,0.3
18255138,"raw meats, fast food",raw meats,3.0,1,400,4,0.3
309727,"north indian, chinese",north indian,2.7,2,500,177,0.3
18204499,"north indian, mughlai",north indian,3.0,2,800,6,0.3
311187,"fast food, north indian, south indian, chinese",fast food,2.7,1,350,39,0.3
301498,south indian,south indian,3.3,1,200,27,0.3
18378033,mughlai,mughlai,3.1,1,300,14,0.3
309043,"bakery, fast food",bakery,3.1,1,100,15,0.3
308509,chinese,chinese,2.6,1,400,50,0.3
6242,"north indian, chinese",north indian,3.1,2,600,97,0.3
303994,"north indian, chinese",north indian,3.2,2,600,103,0.3
9002,"north indian, south indian, chinese, street food, fast food, mithai, desserts",north indian,3.5,2,600,88,0.3
307364,"italian, pizza, fast food",italian,3.6,2,800,107,0.3
18265385,"mithai, street food",mithai,0.0,1,150,0,0.3
18424632,north indian,north indian,0.0,1,200,1,0.3
301316,north indian,north indian,0.0,1,200,2,0.3
18378032,north indian,north indian,0.0,2,500,0,0.3
18128881,fast food,fast food,0.0,1,200,0,0.3
18378035,north indian,north indian,0.0,1,400,1,0.3
18435806,chinese,chinese,0.0,1,400,0,0.3
18471239,italian,italian,0.0,1,400,1,0.3
18435819,"mughlai, chinese",mughlai,0.0,1,250,0,0.3
18376475,chinese,chinese,0.0,1,300,0,0.3
18378043,pizza,pizza,0.0,1,400,0,0.3
18424636,fast food,fast food,0.0,1,400,2,0.3
18424625,fast food,fast food,0.0,1,250,0,0.3
18377889,mughlai,mughlai,0.0,1,300,1,0.3
18435822,north indian,north indian,0.0,1,300,0,0.3
18429577,north indian,north indian,0.0,1,200,0,0.3
18424642,"chinese, north indian",chinese,0.0,2,500,0,0.3
18378039,pizza,pizza,0.0,1,350,2,0.3
18378037,north indian,north indian,0.0,1,400,0,0.3
311037,north indian,north indian,0.0,1,350,2,0.3
18435816,"chinese, north indian",chinese,0.0,1,300,0,0.3
18128868,"chinese, north indian",chinese,0.0,1,350,1,0.3
18350160,"north indian, chinese",north indian,0.0,1,250,2,0.3
18378030,chinese,chinese,0.0,1,300,1,0.3
18209806,north indian,north indian,0.0,1,250,0,0.3
18153563,"italian, pizza, bakery",italian,2.3,2,700,57,0.3
357,"north indian, chinese",north indian,3.4,2,800,122,0.7744360902255639
8453,fast food,fast food,2.5,2,500,85,0.3
306856,"north indian, chinese, fast food",north indian,2.6,1,400,55,0.3
18332009,"mexican, north indian, european, chinese, italian",mexican,3.4,3,1200,35,0.3
6875,"bakery, fast food",bakery,3.5,1,300,56,0.3
2530,"north indian, chinese",north indian,2.3,3,1200,118,0.3
5260,cafe,cafe,3.0,1,450,29,0.3
3224,"pizza, fast food",pizza,3.0,2,700,63,0.3
5293,ice cream,ice cream,3.3,1,150,14,0.3
307578,"fast food, burger",fast food,3.6,2,500,62,0.3
18445798,fast food,fast food,0.0,1,350,2,0.3
4919,"cafe, continental",cafe,3.5,3,1600,83,0.3
4921,"thai, chinese, asian, malaysian",thai,3.8,3,1500,118,0.3
307321,"middle eastern, mediterranean, north indian",middle eastern,3.1,3,1800,134,0.3
2616,north indian,north indian,2.8,2,550,138,0.3
302212,fast food,fast food,3.8,1,400,152,0.3
3814,"lebanese, mediterranean, arabian",lebanese,3.5,2,850,246,0.3
8201,"burger, desserts, fast food",burger,3.8,2,600,426,0.3
306571,"bakery, italian, chinese, mexican",bakery,3.9,2,700,71,0.3
2300,"street food, north indian, south indian, chinese, mithai",street food,3.7,1,350,229,0.3
3719,"american, tex-mex",american,3.7,4,2500,984,0.3
9720,"finger food, north indian, italian",finger food,3.5,3,1200,295,0.3
3192,"italian, continental, european, cafe",italian,4.4,3,1500,2777,0.3
305781,"desserts, cafe",desserts,4.1,1,400,397,0.3
18337927,fast food,fast food,4.1,1,400,71,0.3
2615,north indian,north indian,3.2,2,550,118,0.3
2893,fast food,fast food,3.6,2,750,161,0.3
18237314,"cafe, tea",cafe,3.9,1,400,91,0.3
2436,"desserts, cafe",desserts,3.9,1,400,360,0.3
306572,"bakery, italian, chinese, mexican",bakery,3.7,2,700,69,0.3
2301,"north indian, south indian, chinese, street food, fast food, mithai, desserts",north indian,3.7,2,600,134,0.3
312542,beverages,beverages,3.8,1,400,154,0.3
310887,"desserts, beverages",desserts,3.9,1,350,98,0.3
7256,"bakery, desserts, fast food",bakery,3.8,1,400,159,0.3
8593,desserts,desserts,3.7,1,450,169,0.3
311353,cafe,cafe,3.9,2,700,109,0.3
311423,"finger food, north indian, italian",finger food,3.8,3,1250,170,0.3
7247,"american, fast food, desserts",american,4.0,2,500,154,0.3
8396,"pizza, fast food",pizza,2.7,2,700,59,0.3
308544,"chinese, seafood",chinese,2.7,3,1500,112,0.3
301237,bakery,bakery,3.0,1,200,11,0.3
300408,"north indian, south indian, chinese, street food, fast food, mithai, desserts",north indian,3.6,1,300,195,0.3
9657,"fast food, burger",fast food,3.5,2,500,100,0.3
18370535,"north indian, indian",north indian,0.0,1,300,0,0.3
307167,"american, fast food, salad, healthy food",american,2.4,2,500,65,0.3
303264,"fast food, north indian",fast food,2.9,1,300,7,0.3
311712,north indian,north indian,2.9,1,350,8,0.3
9886,mithai,mithai,2.7,1,100,10,0.3
9891,"north indian, mughlai, chinese",north indian,3.2,2,600,21,0.3
9887,"street food, south indian, mithai",street food,2.8,1,200,13,0.3
7893,cafe,cafe,2.7,1,450,24,0.3
18266888,"north indian, chinese, south indian",north indian,3.3,2,500,19,0.3
7884,"north indian, chinese",north indian,3.2,1,300,16,0.3
18377458,healthy food,healthy food,3.0,1,100,7,0.3
7897,bakery,bakery,3.1,1,150,12,0.3
18391937,fast food,fast food,3.1,1,400,11,0.3
7888,chinese,chinese,2.8,1,300,12,0.3
18037834,bakery,bakery,3.1,1,400,9,0.3
312605,"biryani, mughlai",biryani,3.0,2,500,19,0.3
7876,north indian,north indian,2.7,1,250,21,0.3
18358157,"north indian, italian, chinese, fast food",north indian,3.4,1,400,17,0.3
18272344,"bakery, desserts",bakery,3.2,2,500,14,0.3
18458308,bihari,bihari,2.8,1,300,4,0.3
4302,"north indian, mughlai, chinese",north indian,3.2,2,700,38,0.3
7886,north indian,north indian,3.1,1,200,17,0.3
7873,"north indian, mughlai",north indian,3.3,2,650,61,0.3
303625,"north indian, south indian",north indian,3.2,1,350,19,0.3
310794,"raw meats, fast food",raw meats,2.9,1,400,4,0.3
920,north indian,north indian,3.1,2,500,22,0.7443609022556391
18381237,"north indian, mughlai, chinese",north indian,2.7,1,400,12,0.3
18371426,maharashtrian,maharashtrian,3.2,1,350,14,0.3
312173,"chinese, mughlai, north indian",chinese,3.1,2,500,25,0.3
18361752,north indian,north indian,0.0,1,260,1,0.3
9883,"street food, mithai",street food,0.0,1,150,2,0.3
18355117,mughlai,mughlai,0.0,2,500,0,0.3
18355119,"afghani, mughlai, chinese",afghani,0.0,2,500,2,0.3
18414496,"north indian, mithai",north indian,0.0,1,400,2,0.3
18380379,"mughlai, chinese",mughlai,0.0,2,500,1,0.3
18409218,"fast food, pizza",fast food,0.0,2,600,2,0.3
18432652,"chinese, north indian",chinese,0.0,1,400,0,0.3
18388133,north indian,north indian,0.0,2,500,2,0.3
18423121,"pizza, fast food",pizza,0.0,1,100,2,0.3
305402,"bakery, desserts",bakery,0.0,2,500,0,0.3
18415664,bakery,bakery,0.0,1,250,0,0.3
18356776,north indian,north indian,0.0,1,100,0,0.3
18427222,fast food,fast food,0.0,1,300,0,0.3
9884,north indian,north indian,0.0,1,150,2,0.3
18425767,"awadhi, mughlai, north indian",awadhi,0.0,2,600,1,0.3
3479,north indian,north indian,0.0,1,200,3,0.3
18414469,"mughlai, chinese",mughlai,0.0,2,500,0,0.3
313419,"north indian, mughlai, chinese",north indian,0.0,1,450,2,0.3
18358162,chinese,chinese,0.0,1,300,0,0.3
18355111,"street food, chinese",street food,0.0,1,400,3,0.3
18355115,chinese,chinese,0.0,1,300,0,0.3
18273617,north indian,north indian,0.0,1,300,3,0.3
18357958,fast food,fast food,0.0,1,200,2,0.3
18331598,"north indian, chinese, fast food",north indian,0.0,1,450,0,0.3
18419884,"chinese, lucknowi",chinese,0.0,2,800,1,0.3
18362795,north indian,north indian,0.0,1,200,0,0.3
9876,"fast food, street food",fast food,0.0,1,200,1,0.3
18312598,"bakery, desserts",bakery,0.0,2,500,0,0.3
18454461,biryani,biryani,0.0,1,200,0,0.3
8959,"chinese, thai, asian, malaysian, vietnamese, japanese",chinese,4.1,3,1500,686,0.3
304176,bakery,bakery,3.2,1,250,44,0.3
8822,"north indian, chinese, south indian",north indian,2.9,3,1000,11,0.3
511,cafe,cafe,3.2,2,650,44,0.7744360902255639
309166,ice cream,ice cream,2.6,1,300,11,0.3
18268708,"fast food, north indian",fast food,3.3,1,350,24,0.3
18265722,"north indian, mughlai, chinese, seafood",north indian,2.6,2,700,27,0.3
18453878,"north indian, chinese",north indian,3.0,2,500,5,0.3
309013,"fast food, cafe",fast food,3.2,2,700,39,0.3
305077,fast food,fast food,2.9,1,100,5,0.3
5262,cafe,cafe,2.9,1,450,38,0.3
7375,chinese,chinese,3.1,1,300,13,0.3
18337880,"north indian, mughlai, chinese",north indian,2.5,1,400,6,0.3
306978,desserts,desserts,3.3,1,300,28,0.3
18312478,"bakery, desserts",bakery,3.1,1,200,5,0.3
3979,"raw meats, fast food",raw meats,3.3,1,400,31,0.3
18336207,cafe,cafe,3.0,2,500,4,0.3
7377,"north indian, mughlai, continental",north indian,3.2,3,1100,38,0.3
307506,"raw meats, north indian, fast food",raw meats,3.3,1,350,31,0.3
3125,north indian,north indian,3.4,2,550,93,0.3
305674,"north indian, mughlai, chinese",north indian,3.3,3,1400,46,0.3
18391167,beverages,beverages,3.0,1,400,6,0.3
8727,"raw meats, fast food",raw meats,3.2,1,400,17,0.3
3980,north indian,north indian,2.6,1,350,43,0.3
312183,"chinese, cafe, fast food",chinese,3.2,2,700,32,0.3
311945,north indian,north indian,3.4,1,250,21,0.3
3126,"north indian, chinese, mughlai",north indian,3.2,3,1000,87,0.3
18475269,"continental, chinese, north indian, healthy food",continental,3.2,1,400,12,0.3
303124,"fast food, north indian",fast food,3.0,1,300,23,0.3
18034042,"chinese, fast food",chinese,3.1,1,350,50,0.3
201,"pizza, fast food",pizza,3.5,2,700,119,0.7744360902255639
303575,"burger, desserts, fast food",burger,3.6,2,600,177,0.3
410,south indian,south indian,3.6,2,500,359,0.7894736842105263
308107,north indian,north indian,3.5,1,300,53,0.3
4885,"chinese, seafood",chinese,3.7,3,1100,241,0.3
18273627,"continental, healthy food",continental,3.9,2,700,178,0.3
311539,"chinese, fast food",chinese,3.7,1,350,146,0.3
2635,"chinese, thai, seafood",chinese,3.8,2,800,145,0.3
18237962,"north indian, fast food, mughlai",north indian,3.5,2,500,26,0.3
18261486,"healthy food, fast food",healthy food,3.9,1,350,54,0.3
18423116,mithai,mithai,0.0,1,300,3,0.3
18423112,street food,street food,0.0,1,150,3,0.3
18258777,"cafe, continental",cafe,0.0,2,600,3,0.3
18491227,"north indian, rajasthani, gujarati",north indian,0.0,2,900,1,0.3
304531,north indian,north indian,0.0,1,200,2,0.3
18420433,cafe,cafe,0.0,1,400,0,0.3
17977786,fast food,fast food,0.0,1,250,3,0.3
18412868,"north indian, chinese, fast food",north indian,0.0,2,700,3,0.3
311216,bakery,bakery,0.0,1,400,2,0.3
311327,"fast food, burger",fast food,2.4,1,400,101,0.3
7372,"bakery, fast food",bakery,4.1,1,200,150,0.3
306016,cafe,cafe,3.1,1,450,44,0.3
304906,pizza,pizza,2.5,2,600,93,0.3
18447890,desserts,desserts,3.1,2,500,9,0.3
18375391,ice cream,ice cream,3.3,1,250,9,0.3
18355123,juices,juices,3.2,1,300,9,0.3
304915,"mughlai, north indian",mughlai,3.1,2,700,185,0.3
304913,"north indian, mughlai, chinese",north indian,3.1,2,800,100,0.3
304923,south indian,south indian,3.3,2,600,70,0.3
309738,chinese,chinese,2.6,3,1300,110,0.3
18261188,"cafe, tea",cafe,3.6,1,400,106,0.3
18336192,"chinese, thai, asian",chinese,3.9,3,1500,145,0.3
18277187,beverages,beverages,3.9,1,400,57,0.3
18381663,"north indian, mughlai",north indian,3.6,2,650,23,0.3
304917,"north indian, street food",north indian,3.8,2,500,158,0.3
306031,"american, fast food, salad, healthy food",american,3.8,2,500,97,0.3
18180083,fast food,fast food,3.7,1,300,21,0.3
18336213,"portuguese, african",portuguese,0.0,3,1200,3,0.3
304239,"european, italian, north indian",european,4.0,4,3500,752,0.3
18294261,"european, chinese, north indian, italian",european,4.2,4,2500,756,0.3
305240,"finger food, italian, north indian",finger food,4.0,3,1800,1700,0.3
304299,"italian, mediterranean, continental, north indian",italian,4.3,3,1600,3002,0.3
305547,cafe,cafe,3.3,3,1800,21,0.3
305545,"continental, north indian, italian",continental,3.9,4,4000,150,0.3
305549,finger food,finger food,3.5,4,3650,18,0.3
305546,"bakery, fast food",bakery,3.7,2,700,44,0.3
305548,chinese,chinese,4.2,4,4800,119,0.3
9640,"bakery, desserts, fast food",bakery,3.4,1,300,50,0.3
6200,"north indian, chinese, continental, seafood",north indian,3.4,3,1500,218,0.3
18128883,"mediterranean, continental, italian",mediterranean,3.7,3,1800,234,0.3
305810,north indian,north indian,0.0,1,100,1,0.3
4631,"south indian, andhra",south indian,4.2,1,200,3010,0.3
302682,cafe,cafe,3.2,2,650,15,0.3
2004,modern indian,modern indian,4.9,4,4000,1934,0.3
18359294,"north indian, chinese",north indian,0.0,2,600,2,0.3
18359292,italian,italian,0.0,1,300,0,0.3
18441790,"ice cream, desserts",ice cream,0.0,1,400,1,0.3
4283,"european, italian, north indian",european,4.2,4,3300,1561,0.3
18335816,ice cream,ice cream,3.0,1,200,4,0.3
17977792,"north indian, chinese",north indian,2.8,2,500,8,0.3
301214,"north indian, mughlai, chinese",north indian,3.3,2,800,50,0.3
312227,chinese,chinese,3.0,1,150,8,0.3
303860,"chinese, south indian",chinese,2.8,2,500,28,0.3
18244236,fast food,fast food,3.4,1,350,31,0.3
305577,north indian,north indian,3.0,1,200,4,0.3
18014118,"ice cream, fast food, beverages",ice cream,3.3,1,300,17,0.3
5996,"north indian, south indian, chinese, fast food",north indian,2.8,2,550,8,0.3
313487,north indian,north indian,3.2,1,350,8,0.3
313004,mughlai,mughlai,3.1,1,300,6,0.3
312942,north indian,north indian,2.7,2,500,17,0.3
309168,chinese,chinese,2.8,1,300,50,0.3
308994,"north indian, street food",north indian,3.5,1,200,29,0.3
312943,north indian,north indian,3.5,2,500,31,0.3
18455553,north indian,north indian,0.0,2,600,0,0.3
18377929,north indian,north indian,0.0,1,200,3,0.3
18472628,north indian,north indian,0.0,1,350,0,0.3
18435335,chinese,chinese,0.0,1,200,1,0.3
18435787,north indian,north indian,0.0,1,200,0,0.3
18435331,chinese,chinese,0.0,1,200,0,0.3
18364846,chinese,chinese,0.0,1,100,1,0.3
18438446,south indian,south indian,0.0,1,250,0,0.3
18446496,north indian,north indian,0.0,1,100,0,0.3
18454568,north indian,north indian,0.0,1,300,1,0.3
18421462,north indian,north indian,0.0,1,250,0,0.3
18435303,street food,street food,0.0,1,250,0,0.3
18435314,north indian,north indian,0.0,1,300,0,0.3
18435315,"chinese, north indian",chinese,0.0,1,400,3,0.3
18418234,north indian,north indian,0.0,1,300,0,0.3
18421470,"north indian, chinese",north indian,0.0,1,350,0,0.3
18472613,"seafood, mughlai, north indian",seafood,0.0,1,400,0,0.3
18435307,street food,street food,0.0,1,300,1,0.3
18378015,north indian,north indian,0.0,1,200,0,0.3
18460925,"north indian, south indian, chinese",north indian,0.0,2,800,1,0.3
9909,"north indian, chinese",north indian,4.0,3,1600,756,0.3
18423111,"burger, fast food",burger,3.4,2,500,33,0.3
18469938,"european, sushi, italian",european,3.0,4,2700,9,0.3
651,cafe,cafe,2.6,2,750,70,0.7819548872180451
17953916,fast food,fast food,3.3,1,300,70,0.3
18168168,"mughlai, north indian",mughlai,3.3,3,1000,75,0.3
7589,"fast food, beverages",fast food,3.4,1,200,36,0.3
1934,"chinese, south indian, fast food",chinese,3.1,1,250,26,0.3
4385,"chinese, thai",chinese,3.3,2,800,146,0.3
309477,"north indian, fast food, continental",north indian,3.4,3,1000,246,0.3
9835,"kashmiri, chinese, mughlai",kashmiri,3.3,2,800,89,0.3
147,"american, fast food, salad, healthy food",american,2.5,2,500,115,0.8120300751879699
18237320,"north indian, continental",north indian,3.4,4,2000,58,0.3
9980,"chinese, healthy food",chinese,2.8,1,350,78,0.3
732,fast food,fast food,3.0,1,300,67,0.7368421052631579
311515,"north indian, continental, fast food",north indian,3.4,2,850,199,0.3
309520,"bakery, desserts",bakery,3.3,1,400,19,0.3
18400736,"burger, american, fast food, italian, pizza",burger,4.5,3,1000,162,0.3
18255193,"desserts, bakery",desserts,3.6,2,600,38,0.3
311584,"pizza, italian",pizza,3.8,3,1000,697,0.3
702,ice cream,ice cream,3.6,1,300,56,0.7518796992481203
18313122,"bakery, desserts",bakery,3.8,2,500,51,0.3
309156,"bakery, desserts, fast food",bakery,3.7,2,500,130,0.3
18268706,"burger, american, fast food",burger,3.9,2,850,349,0.3
18415352,cafe,cafe,3.8,3,1000,50,0.3
3620,"european, italian",european,3.9,4,2200,347,0.3
1902,"cafe, italian, lebanese",cafe,3.5,3,1000,251,0.3
18434596,"healthy food, continental",healthy food,3.5,1,400,24,0.3
311671,"american, fast food",american,3.7,3,1000,263,0.3
2653,desserts,desserts,3.9,1,300,155,0.3
18377926,chinese,chinese,3.9,2,600,93,0.3
309820,"fast food, turkish",fast food,3.7,2,900,323,0.3
18034050,"north indian, continental, italian, finger food",north indian,3.8,3,1500,227,0.3
18382372,desserts,desserts,3.5,1,300,27,0.3
302478,"bakery, desserts",bakery,3.8,1,400,116,0.3
18466978,"continental, north indian",continental,3.5,4,2100,22,0.3
9840,"north indian, continental",north indian,3.5,3,1600,150,0.3
18279463,"fast food, american, italian",fast food,3.7,2,700,108,0.3
18317517,"mexican, italian, american",mexican,3.9,3,1100,105,0.3
1215,"north indian, mughlai",north indian,3.7,2,600,227,0.3
18241531,"british, chinese, italian",british,3.8,3,1700,244,0.3
3589,desserts,desserts,3.8,1,450,187,0.3
1056,"north indian, mughlai",north indian,3.6,3,1250,229,0.3
5797,street food,street food,3.7,1,250,84,0.3
300007,"burmese, chinese, japanese, malaysian, thai",burmese,3.8,4,2000,223,0.3
303288,cafe,cafe,3.5,2,700,187,0.3
18371438,thai,thai,3.8,3,1800,54,0.3
308766,"bakery, desserts",bakery,3.6,1,250,76,0.3
18203180,"continental, north indian, asian",continental,3.8,4,2000,85,0.3
305166,fast food,fast food,3.6,1,200,66,0.3
18291475,south indian,south indian,3.7,2,500,53,0.3
311737,cafe,cafe,3.7,1,400,48,0.3
18363391,"american, mexican, finger food",american,4.2,3,1800,107,0.3
18271497,"bakery, desserts",bakery,4.1,2,550,160,0.3
18456728,"continental, chinese, thai",continental,4.1,3,1000,22,0.3
310776,"european, asian, north indian, italian, continental, pizza",european,4.1,3,1400,826,0.3
18456764,"asian, chinese, thai",asian,4.4,2,950,42,0.3
18418209,nepalese,nepalese,4.0,2,750,62,0.3
18382342,"chinese, thai, japanese",chinese,4.2,3,1000,111,0.3
312302,healthy food,healthy food,4.0,2,600,158,0.3
18312632,asian,asian,4.1,2,850,253,0.3
18386761,"continental, italian",continental,4.1,3,1400,68,0.3
307065,"cafe, italian, continental, fast food",cafe,4.3,3,1900,1327,0.3
9834,"north indian, mughlai",north indian,4.2,2,800,237,0.3
18025105,italian,italian,4.0,2,500,51,0.3
18396409,"desserts, fast food",desserts,4.3,1,450,83,0.3
18365895,"north indian, continental",north indian,4.1,2,800,81,0.3
308865,"bakery, desserts",bakery,4.1,2,500,173,0.3
18278203,"bakery, desserts",bakery,3.1,1,350,7,0.3
305652,north indian,north indian,3.4,2,500,44,0.3
4299,"bakery, desserts, fast food",bakery,2.9,1,350,77,0.3
18423108,"cafe, fast food, continental",cafe,3.2,3,1000,12,0.3
17953926,"bakery, fast food",bakery,3.2,1,300,9,0.3
310321,"north indian, chinese, continental, italian",north indian,3.4,3,1800,35,0.3
69,"chinese, thai, seafood",chinese,3.3,3,1100,489,0.7819548872180451
202,"pizza, fast food",pizza,3.2,2,700,138,0.7894736842105263
309902,"desserts, bakery",desserts,3.0,1,400,17,0.3
1916,"mithai, street food",mithai,3.2,1,250,12,0.3
5735,"bakery, desserts, ice cream",bakery,3.4,1,300,66,0.3
2591,north indian,north indian,2.8,1,300,14,0.3
306264,"north indian, chinese, continental",north indian,3.3,3,1900,148,0.3
305817,"north indian, mughlai",north indian,3.1,2,650,99,0.3
18432940,bakery,bakery,3.4,2,500,17,0.3
311690,"north indian, italian, chinese",north indian,3.3,2,700,148,0.3
309072,"chinese, thai",chinese,3.4,2,950,77,0.3
18277002,"north indian, mughlai, chinese",north indian,3.2,2,650,25,0.3
18433883,fast food,fast food,2.9,1,300,7,0.3
301435,"south indian, north indian",south indian,2.7,2,700,134,0.3
18352256,ice cream,ice cream,3.1,1,200,10,0.3
308367,"american, fast food, salad, healthy food",american,3.3,2,500,96,0.3
309741,"finger food, north indian, italian",finger food,3.4,3,1250,90,0.3
18241869,modern indian,modern indian,4.6,4,2000,304,0.3
305125,italian,italian,3.9,3,1800,484,0.3
312270,"bakery, desserts",bakery,3.6,1,400,67,0.3
18249082,"north indian, biryani",north indian,3.8,2,700,136,0.3
18279452,"chinese, thai, fast food",chinese,3.6,2,650,120,0.3
305303,"north indian, south indian, fast food, street food, chinese, beverages, desserts, mithai",north indian,3.5,2,550,272,0.3
18354645,"cafe, tea",cafe,3.8,1,400,68,0.3
1218,chinese,chinese,3.8,3,1800,663,0.3
8429,"bakery, desserts, fast food",bakery,3.8,3,1000,594,0.3
7819,desserts,desserts,3.5,1,300,66,0.3
785,cafe,cafe,3.5,2,600,103,0.7293233082706767
312486,"north indian, bengali",north indian,3.5,2,800,139,0.3
1922,"chinese, thai",chinese,3.8,3,1000,843,0.3
7642,"bakery, fast food",bakery,3.6,1,400,113,0.3
64,italian,italian,3.8,4,2500,372,0.7142857142857143
18413250,"continental, italian",continental,3.8,3,1650,42,0.3
312787,"american, italian, mughlai, north indian",american,3.5,3,1350,140,0.3
3611,"ice cream, desserts",ice cream,3.6,1,400,173,0.3
309815,"chinese, asian, thai",chinese,3.8,2,650,312,0.3
1018,chinese,chinese,3.7,3,1800,780,0.3
8689,"north indian, mughlai",north indian,3.5,3,1200,256,0.3
18383512,"ice cream, desserts",ice cream,3.9,2,650,27,0.3
308238,"pizza, fast food",pizza,3.6,2,800,160,0.3
5944,"desserts, ice cream",desserts,3.6,1,250,36,0.3
285,north indian,north indian,3.7,3,1100,487,0.8646616541353384
304635,"healthy food, continental, juices, salad",healthy food,3.5,2,900,352,0.3
1021,"bakery, desserts, fast food",bakery,3.7,1,250,290,0.3
307532,cafe,cafe,3.5,2,700,132,0.3
1913,"north indian, chinese, south indian, seafood, chettinad",north indian,3.5,3,1500,198,0.3
311601,healthy food,healthy food,3.5,2,600,124,0.3
18254553,mexican,mexican,3.8,2,650,173,0.3
4821,"continental, north indian, italian",continental,3.6,4,2200,430,0.3
308018,"tibetan, nepalese",tibetan,3.7,3,1300,807,0.3
310342,"north indian, continental, chinese",north indian,3.8,3,1550,302,0.3
307344,"lebanese, chinese, fast food",lebanese,2.4,1,300,30,0.3
307801,italian,italian,4.1,4,3000,496,0.3
18462002,"turkish, mediterranean, middle eastern",turkish,4.3,4,2000,43,0.3
18208886,south indian,south indian,4.4,2,550,400,0.3
18435305,"north indian, italian, continental",north indian,4.4,3,1200,80,0.3
18260641,"north indian, mughlai",north indian,4.1,2,700,267,0.3
18349921,sushi,sushi,4.0,3,1000,70,0.3
18380149,continental,continental,4.0,2,900,47,0.3
2649,"bakery, desserts",bakery,4.2,2,550,1125,0.3
601,cafe,cafe,3.2,1,450,33,0.8345864661654135
18462572,"continental, north indian, asian",continental,3.2,3,1900,7,0.3
309105,"north indian, mughlai",north indian,3.5,2,700,159,0.3
18089222,"north indian, mediterranean, continental",north indian,3.6,3,1200,131,0.3
309688,"bakery, desserts",bakery,3.6,1,300,46,0.3
18334422,ice cream,ice cream,2.9,1,300,9,0.3
18365388,biryani,biryani,3.2,2,600,51,0.3
18312607,cafe,cafe,3.0,1,450,4,0.3
309322,"bakery, desserts",bakery,3.3,2,800,15,0.3
18429154,"chinese, thai, seafood",chinese,3.1,2,800,7,0.3
18336220,pizza,pizza,2.9,2,600,4,0.3
203,"pizza, fast food",pizza,2.5,2,700,238,0.6691729323308271
18414479,"north indian, fast food",north indian,2.8,2,600,13,0.3
1625,north indian,north indian,2.6,1,300,49,0.3
2899,"mughlai, north indian",mughlai,3.3,2,750,235,0.3
18180081,"north indian, fast food",north indian,3.0,1,400,5,0.3
473,south indian,south indian,2.5,1,300,191,0.6390977443609023
18355419,mexican,mexican,3.4,2,700,14,0.3
18432237,"pizza, fast food",pizza,3.3,2,500,6,0.3
259,"italian, pizza, fast food",italian,3.3,3,1000,276,0.7218045112781954
7316,"north indian, chinese",north indian,3.1,3,1500,104,0.3
18222566,"italian, north indian",italian,3.4,3,1700,267,0.3
443,"north indian, mughlai",north indian,3.4,2,600,121,0.7142857142857143
308315,"north indian, continental, chinese",north indian,3.3,3,1000,23,0.3
769,"south indian, north indian, street food, chinese, mithai",south indian,3.5,2,500,368,0.8120300751879699
312011,"bakery, desserts",bakery,3.6,2,720,38,0.3
65,"chinese, seafood, thai",chinese,3.5,3,1800,234,0.7518796992481203
9672,"burger, desserts, fast food",burger,3.7,2,600,431,0.3
472,"south indian, north indian, chinese, fast food, street food, mithai",south indian,3.5,1,450,1198,0.8045112781954887
3400,korean,korean,3.7,4,2500,303,0.3
18337744,beverages,beverages,3.5,1,250,16,0.3
18268360,"bakery, desserts, fast food",bakery,3.8,1,300,25,0.3
4096,"chinese, thai, seafood, naga",chinese,3.8,3,1200,556,0.3
18358700,cafe,cafe,3.8,2,600,95,0.3
2217,japanese,japanese,3.5,3,1500,163,0.3
18398571,cafe,cafe,3.6,1,300,42,0.3
1621,"north indian, mughlai, chinese",north indian,3.5,3,1200,181,0.3
18425177,"biryani, mughlai",biryani,0.0,1,200,0,0.3
18481289,"tea, fast food",tea,0.0,1,200,0,0.3
18424593,street food,street food,0.0,1,200,0,0.3
18383432,"bakery, desserts",bakery,0.0,1,350,3,0.3
18412904,tea,tea,0.0,1,200,0,0.3
18481294,juices,juices,0.0,1,100,0,0.3
18354330,fast food,fast food,0.0,1,200,0,0.3
304230,bakery,bakery,0.0,2,500,2,0.3
18372315,"north indian, chinese",north indian,0.0,2,850,1,0.3
18430894,"bakery, desserts",bakery,0.0,2,550,0,0.3
18250897,bakery,bakery,0.0,1,300,0,0.3
18261052,chinese,chinese,0.0,1,350,3,0.3
3468,"chinese, fast food",chinese,2.4,1,450,23,0.3
18463949,"thai, chinese",thai,4.3,3,1200,31,0.3
310949,"mithai, street food, fast food",mithai,2.8,1,250,10,0.3
18356808,cafe,cafe,3.4,2,800,34,0.3
18361758,beverages,beverages,3.0,1,400,5,0.3
312755,"north indian, fast food",north indian,3.3,1,400,30,0.3
18241525,"north indian, chinese, continental, italian",north indian,3.3,3,1000,79,0.3
313492,"north indian, chinese",north indian,3.3,1,300,27,0.3
18472658,"north indian, chinese, continental",north indian,3.1,3,1000,5,0.3
18418248,north indian,north indian,3.0,1,450,6,0.3
18427869,"raw meats, fast food, north indian",raw meats,2.9,1,150,5,0.3
310948,"raw meats, fast food",raw meats,3.0,1,300,4,0.3
18463997,fast food,fast food,3.2,3,1100,12,0.3
18337898,north indian,north indian,3.1,1,150,13,0.3
18427234,"cafe, chinese, italian",cafe,3.8,2,500,82,0.3
18382697,"healthy food, juices, salad",healthy food,3.7,1,250,37,0.3
18400720,"north indian, continental, italian",north indian,3.9,3,1000,373,0.3
3363,"north indian, mughlai, chinese",north indian,3.5,2,550,90,0.3
310592,"north indian, chinese, continental, italian",north indian,3.9,2,800,1439,0.3
18455511,north indian,north indian,0.0,2,500,1,0.3
18361763,biryani,biryani,0.0,1,350,0,0.3
18124350,"fast food, chinese",fast food,0.0,1,150,1,0.3
18408045,"north indian, finger food",north indian,0.0,2,800,1,0.3
18455515,fast food,fast food,0.0,1,200,1,0.3
18489838,"north indian, italian, chinese",north indian,0.0,1,200,1,0.3
18441835,"chinese, fast food",chinese,0.0,1,300,2,0.3
18361202,"chinese, fast food",chinese,0.0,1,250,1,0.3
18463978,fast food,fast food,0.0,1,200,0,0.3
18124389,north indian,north indian,0.0,1,100,0,0.3
18492048,"north indian, chinese, continental",north indian,0.0,2,500,0,0.3
18463985,street food,street food,0.0,1,100,0,0.3
18124352,north indian,north indian,0.0,1,100,1,0.3
9442,north indian,north indian,0.0,1,200,1,0.3
18361755,north indian,north indian,0.0,1,200,0,0.3
18455513,"north indian, mughlai",north indian,0.0,2,500,0,0.3
18481309,"north indian, continental, chinese",north indian,0.0,2,900,2,0.3
18499482,"cafe, continental, chinese",cafe,0.0,2,500,0,0.3
18446394,"fast food, street food, beverages",fast food,0.0,2,500,2,0.3
18431175,fast food,fast food,0.0,1,200,0,0.3
18375397,"cafe, fast food, italian",cafe,4.3,2,600,214,0.3
6628,"north indian, chinese",north indian,3.1,1,450,13,0.3
4079,"north indian, chinese",north indian,3.3,1,450,32,0.3
9392,"north indian, mughlai",north indian,3.3,2,600,35,0.3
9386,mithai,mithai,2.9,1,100,6,0.3
312400,"mithai, street food, north indian, south indian, chinese, fast food, beverages",mithai,3.2,2,550,63,0.3
310982,"north indian, mughlai",north indian,3.1,2,650,42,0.3
9421,"ice cream, desserts",ice cream,3.4,1,400,30,0.3
1147,"mughlai, north indian, chinese",mughlai,3.1,3,1300,155,0.3
18057825,north indian,north indian,2.6,2,650,7,0.3
18444811,"chinese, fast food",chinese,3.0,1,400,4,0.3
9366,chinese,chinese,3.4,1,300,30,0.3
18361754,"north indian, mughlai",north indian,3.0,1,400,4,0.3
18245254,"north indian, chinese",north indian,3.2,1,400,10,0.3
18219524,north indian,north indian,3.0,2,600,4,0.3
305276,bakery,bakery,3.1,1,300,11,0.3
312355,north indian,north indian,3.0,1,400,11,0.3
6599,mughlai,mughlai,3.5,2,500,106,0.3
300022,"bakery, desserts, fast food",bakery,3.8,1,350,170,0.3
6605,"fast food, street food",fast food,3.6,1,300,71,0.3
18034044,"fast food, italian",fast food,3.6,2,500,24,0.3
300946,fast food,fast food,3.6,2,500,95,0.3
18457090,"north indian, chinese, continental",north indian,3.8,1,300,35,0.3
310409,fast food,fast food,3.5,1,100,18,0.3
307228,mughlai,mughlai,3.5,1,300,32,0.3
18464633,north indian,north indian,0.0,1,400,0,0.3
18358668,"street food, chinese",street food,0.0,1,200,1,0.3
18361743,ice cream,ice cream,0.0,1,200,0,0.3
18245285,"street food, fast food",street food,0.0,1,300,3,0.3
18364336,"bakery, desserts",bakery,0.0,1,200,0,0.3
18358207,"north indian, chinese",north indian,0.0,2,500,2,0.3
312357,"north indian, continental",north indian,0.0,2,500,1,0.3
18464627,fast food,fast food,0.0,1,200,1,0.3
18431125,"north indian, chinese",north indian,0.0,2,600,1,0.3
18361741,"beverages, desserts",beverages,0.0,1,100,0,0.3
18464621,street food,street food,0.0,1,100,0,0.3
18449634,north indian,north indian,0.0,1,400,0,0.3
18361745,"raw meats, fast food",raw meats,0.0,1,400,1,0.3
18124390,north indian,north indian,0.0,1,250,3,0.3
18464637,"north indian, mughlai",north indian,0.0,2,600,0,0.3
5897,fast food,fast food,3.2,1,250,27,0.3
18381236,"bakery, desserts",bakery,3.4,2,800,17,0.3
18416840,bakery,bakery,2.7,1,300,11,0.3
18222563,"european, continental",european,3.3,3,1700,339,0.3
18449796,american,american,2.9,2,800,21,0.3
18471243,cafe,cafe,3.3,1,350,10,0.3
652,cafe,cafe,2.6,2,750,76,0.849624060150376
9841,"bakery, fast food",bakery,2.9,1,250,6,0.3
313482,"american, fast food",american,3.3,3,1000,61,0.3
308599,street food,street food,3.2,1,100,12,0.3
807,"north indian, mughlai, chinese",north indian,3.4,3,1100,195,0.6766917293233082
18423871,chinese,chinese,3.1,1,300,23,0.3
308188,south indian,south indian,3.0,1,150,8,0.3
3156,"ice cream, desserts",ice cream,3.3,1,400,65,0.3
306319,"north indian, biryani, mughlai",north indian,3.3,2,700,157,0.3
311033,"raw meats, north indian, fast food",raw meats,3.1,1,350,12,0.3
4250,chinese,chinese,3.4,3,1000,180,0.3
300607,"north indian, chinese, mughlai",north indian,2.6,2,500,16,0.3
301325,north indian,north indian,2.6,1,400,21,0.3
308277,"chinese, fast food",chinese,2.9,1,350,10,0.3
301328,"north indian, continental, fast food",north indian,2.6,2,500,114,0.3
18313482,bengali,bengali,3.3,2,800,13,0.3
18287406,mughlai,mughlai,2.9,2,800,8,0.3
18354624,fast food,fast food,3.1,1,250,4,0.3
307025,north indian,north indian,2.8,1,150,8,0.3
18469980,"bakery, desserts",bakery,3.2,2,800,8,0.3
309593,chinese,chinese,3.3,1,350,32,0.3
18252376,"ice cream, desserts",ice cream,2.9,1,300,9,0.3
312809,"north indian, mughlai, chinese",north indian,2.7,2,600,10,0.3
304546,north indian,north indian,2.8,1,350,21,0.3
301327,"north indian, chinese",north indian,3.1,2,500,21,0.3
303170,chinese,chinese,3.2,2,500,35,0.3
306658,"biryani, north indian",biryani,3.4,1,250,74,0.3
300564,"bakery, desserts, fast food",bakery,2.8,1,150,25,0.3
5630,south indian,south indian,3.1,1,450,175,0.3
306511,"north indian, chinese, fast food",north indian,2.9,2,500,13,0.3
306247,"american, fast food, salad, healthy food",american,2.8,2,500,87,0.3
18245263,"chinese, fast food",chinese,3.4,1,250,19,0.3
305040,"fast food, north indian",fast food,3.4,1,350,59,0.3
673,"fast food, burger",fast food,2.6,1,350,220,0.7518796992481203
304542,"north indian, mughlai, chinese",north indian,2.7,1,350,26,0.3
18349919,ice cream,ice cream,4.5,1,150,67,0.3
4251,"cafe, fast food, north indian",cafe,3.9,2,500,406,0.3
305736,cafe,cafe,3.5,1,450,35,0.3
308257,naga,naga,3.8,3,1300,145,0.3
18359259,ice cream,ice cream,3.6,1,200,30,0.3
18335682,bakery,bakery,3.7,2,600,18,0.3
303716,"bakery, desserts",bakery,3.8,1,300,243,0.3
18430873,"fast food, beverages",fast food,3.7,1,300,23,0.3
18440414,"continental, cafe",continental,3.7,3,1000,18,0.3
5267,south indian,south indian,3.5,1,350,95,0.3
310259,"south indian, chinese",south indian,3.5,1,300,65,0.3
18402768,"south indian, kerala",south indian,3.8,2,800,49,0.3
18418258,"north indian, continental, asian, italian",north indian,3.9,3,1200,93,0.3
18427205,fast food,fast food,0.0,1,200,1,0.3
18472618,"north indian, chinese",north indian,0.0,2,500,0,0.3
18424902,north indian,north indian,0.0,1,100,0,0.3
18427209,street food,street food,0.0,1,200,1,0.3
18336472,"chinese, north indian",chinese,0.0,1,250,0,0.3
18163900,"chinese, fast food",chinese,0.0,1,400,3,0.3
18425757,north indian,north indian,0.0,1,200,0,0.3
18427218,north indian,north indian,0.0,1,300,1,0.3
18352684,north indian,north indian,0.0,1,50,0,0.3
18423135,north indian,north indian,0.0,2,500,1,0.3
18472605,fast food,fast food,0.0,1,250,0,0.3
18224537,"desserts, bakery",desserts,0.0,2,500,2,0.3
18494204,"fast food, street food",fast food,0.0,1,150,1,0.3
18425738,north indian,north indian,0.0,1,350,0,0.3
18418229,"cafe, mexican, continental",cafe,0.0,3,1000,0,0.3
18425748,"south indian, chinese",south indian,0.0,1,300,2,0.3
18287398,fast food,fast food,0.0,1,300,3,0.3
18436439,"desserts, fast food",desserts,4.0,1,350,55,0.3
18365575,vietnamese,vietnamese,4.0,3,1000,83,0.3
307490,"italian, continental",italian,4.1,3,1850,1823,0.3
301001,"italian, north indian, continental",italian,3.3,3,1600,704,0.3
8369,"continental, american, italian",continental,3.4,3,1900,763,0.3
304296,"north indian, italian, continental, chinese",north indian,3.3,3,1200,1363,0.3
18082196,chinese,chinese,3.4,1,350,491,0.3
307931,"continental, kerala",continental,4.5,3,1400,1033,0.3
313304,"cafe, tea",cafe,3.9,1,400,454,0.3
5732,"continental, american, italian, bakery",continental,3.9,3,1900,1756,0.3
301131,"continental, asian, italian, mediterranean, burger",continental,3.8,3,1600,1845,0.3
312437,"american, continental, north indian, chinese",american,3.7,3,1200,379,0.3
301442,"mediterranean, italian, continental, spanish, north indian",mediterranean,3.7,3,1800,2247,0.3
301574,"cafe, desserts",cafe,3.9,3,1200,552,0.3
308463,"continental, tex-mex",continental,3.8,3,1800,567,0.3
304027,"north indian, chinese, thai, italian, middle eastern",north indian,3.5,3,1200,384,0.3
307330,"continental, italian",continental,3.5,4,2400,884,0.3
306334,"pizza, fast food",pizza,3.7,2,800,489,0.3
5030,"american, north indian, european, asian",american,3.7,3,1800,3697,0.3
8893,"continental, italian",continental,3.9,4,2000,1878,0.3
308322,"continental, american, asian, north indian",continental,4.3,3,1600,7931,0.3
3392,cafe,cafe,4.2,1,200,542,0.3
18408040,"european, chinese, north indian, italian",european,4.2,4,2200,278,0.3
307360,"american, british, continental",american,4.0,3,1700,969,0.3
89,south indian,south indian,4.2,2,500,1627,0.7142857142857143
18208924,north indian,north indian,4.4,3,1300,541,0.3
303092,"european, italian, cafe",european,4.1,3,1600,1199,0.3
307436,bakery,bakery,3.3,3,1000,30,0.3
306510,"continental, chinese, thai, mediterranean",continental,3.4,4,2000,174,0.3
312801,"japanese, chinese, asian, thai",japanese,3.7,3,1800,128,0.3
3293,finger food,finger food,3.4,3,1100,72,0.3
422,"north indian, kashmiri, chinese, thai, korean",north indian,3.9,4,2000,295,0.7894736842105263
3260,"finger food, north indian, chinese",finger food,2.8,4,2000,19,0.3
1267,north indian,north indian,3.9,4,2500,259,0.3
18273067,"north indian, continental, south indian, chinese",north indian,0.0,3,1000,1,0.3
18312623,north indian,north indian,0.0,2,800,0,0.3
308069,cafe,cafe,3.0,2,700,7,0.3
308068,"north indian, chinese",north indian,0.0,2,800,1,0.3
4367,"continental, north indian, italian",continental,3.3,4,3000,95,0.3
4364,"continental, chinese, japanese, north indian, thai",continental,3.0,4,2500,19,0.3
310365,finger food,finger food,3.4,4,2500,265,0.3
4366,"seafood, chinese, japanese, sushi, thai",seafood,3.7,4,4000,44,0.3
4365,cafe,cafe,3.6,4,2500,38,0.3
18419892,"finger food, italian",finger food,3.5,4,2000,14,0.3
4357,"cafe, continental, north indian",cafe,3.6,4,3500,261,0.3
3379,italian,italian,3.9,4,4500,410,0.3
3264,finger food,finger food,3.6,4,2500,49,0.3
4368,"bakery, cafe",bakery,3.8,3,1000,79,0.3
4356,"japanese, thai, sushi",japanese,3.9,4,4000,290,0.3
3378,chinese,chinese,4.0,4,4500,424,0.3
310032,north indian,north indian,3.1,3,1500,9,0.3
18481317,"ice cream, desserts",ice cream,0.0,1,300,0,0.3
18436483,"bakery, desserts",bakery,3.1,2,500,5,0.3
18245249,"north indian, mughlai, chinese, south indian",north indian,2.6,2,600,30,0.3
301448,"kerala, biryani",kerala,3.9,1,400,108,0.3
18425152,"chinese, fast food",chinese,0.0,1,300,0,0.3
312231,"south indian, north indian, chinese, mughlai",south indian,3.1,1,350,13,0.3
18057802,south indian,south indian,3.2,1,200,12,0.3
307622,"north indian, maharashtrian",north indian,3.8,1,300,266,0.3
18475283,kashmiri,kashmiri,0.0,1,300,1,0.3
18481278,north indian,north indian,0.0,1,400,0,0.3
311546,"south indian, north indian, chinese",south indian,0.0,2,800,3,0.3
1546,"north indian, chinese",north indian,2.9,1,400,36,0.3
4673,"north indian, mughlai, chinese",north indian,2.8,2,500,20,0.3
18440187,"north indian, chinese",north indian,3.0,1,400,4,0.3
304304,"north indian, continental",north indian,2.8,3,1500,68,0.3
18107859,south indian,south indian,2.9,1,300,4,0.3
303582,"fast food, desserts",fast food,3.1,1,200,26,0.3
306595,bakery,bakery,3.4,1,300,11,0.3
305348,street food,street food,3.1,1,100,18,0.3
303586,"bakery, fast food",bakery,3.2,1,200,137,0.3
18289231,chinese,chinese,2.7,1,450,8,0.3
9803,"north indian, chinese",north indian,2.8,1,350,101,0.3
3700,"north indian, south indian, chinese, fast food",north indian,2.8,2,550,103,0.3
3093,"north indian, chinese",north indian,3.1,2,950,94,0.3
308849,south indian,south indian,3.2,1,150,22,0.3
301149,"mithai, street food",mithai,2.6,1,100,16,0.3
305159,"north indian, fast food, chinese",north indian,2.7,1,450,56,0.3
6256,"north indian, mughlai, chinese",north indian,3.3,2,650,49,0.3
18258483,"north indian, chinese",north indian,3.4,1,400,60,0.3
9806,bakery,bakery,3.4,1,200,86,0.3
303590,north indian,north indian,3.2,1,350,51,0.3
311263,"north indian, mughlai",north indian,3.3,1,400,24,0.3
303592,"mithai, south indian, street food",mithai,3.5,1,150,97,0.3
18228856,"fast food, chinese",fast food,3.5,1,250,60,0.3
18308458,"desserts, ice cream",desserts,3.7,1,300,25,0.3
18378062,"north indian, chinese",north indian,0.0,1,400,3,0.3
18464687,desserts,desserts,0.0,2,500,0,0.3
18428622,"bakery, desserts",bakery,0.0,1,300,0,0.3
18432941,"north indian, chinese, mughlai",north indian,0.0,1,400,0,0.3
18264980,"chinese, south indian, fast food",chinese,0.0,1,300,1,0.3
18378025,north indian,north indian,0.0,2,500,3,0.3
18493572,"bakery, healthy food",bakery,0.0,1,350,0,0.3
18441696,north indian,north indian,0.0,2,500,0,0.3
18421488,mithai,mithai,0.0,1,250,2,0.3
308853,"bakery, desserts",bakery,0.0,1,100,2,0.3
312864,north indian,north indian,0.0,1,200,3,0.3
18492957,"bakery, desserts",bakery,0.0,1,350,0,0.3
18439029,"kerala, south indian",kerala,0.0,1,400,1,0.3
18441698,street food,street food,0.0,1,150,0,0.3
18440175,north indian,north indian,0.0,2,500,2,0.3
18258502,"bakery, fast food",bakery,0.0,1,200,0,0.3
18440143,biryani,biryani,0.0,1,300,1,0.3
18460414,"italian, fast food",italian,0.0,1,300,1,0.3
18377928,"north indian, chinese",north indian,0.0,1,400,1,0.3
6777,"north indian, chinese, mughlai",north indian,2.4,3,1200,124,0.3
8376,"pizza, fast food",pizza,2.4,2,700,113,0.3
8619,"north indian, chinese, south indian, street food, mithai",north indian,2.4,1,400,166,0.3
18228125,"bakery, desserts",bakery,4.1,2,500,71,0.3
306026,finger food,finger food,3.2,4,2000,17,0.3
302636,"bakery, desserts",bakery,3.4,3,1000,25,0.3
18376494,"desserts, ice cream",desserts,3.8,3,1200,20,0.3
2745,drinks only,drinks only,3.5,4,3500,45,0.3
2742,north indian,north indian,4.4,4,6500,2826,0.3
309548,"asian, japanese, korean, thai, chinese",asian,4.1,4,7000,188,0.3
311078,north indian,north indian,3.2,1,400,26,0.3
18144464,north indian,north indian,3.1,1,200,10,0.3
311117,"fast food, burger",fast food,3.2,2,500,25,0.3
303261,"south indian, chinese",south indian,3.5,1,300,117,0.3
18037812,fast food,fast food,2.7,1,350,11,0.3
18037793,fast food,fast food,3.1,1,100,6,0.3
301818,"chinese, fast food",chinese,2.8,1,400,9,0.3
18427235,north indian,north indian,3.1,1,300,7,0.3
307002,street food,street food,2.8,1,150,41,0.3
18037806,cafe,cafe,3.1,1,450,5,0.3
309087,chinese,chinese,3.1,1,400,13,0.3
18367977,"chinese, mughlai, north indian",chinese,2.7,2,600,6,0.3
1106,north indian,north indian,3.4,1,350,59,0.3
301857,north indian,north indian,3.1,1,300,15,0.3
302836,"desserts, street food",desserts,3.3,1,100,18,0.3
18279090,chinese,chinese,3.1,1,350,37,0.3
300502,bakery,bakery,3.2,1,200,14,0.3
18203169,"ice cream, desserts",ice cream,3.0,1,400,6,0.3
306891,"raw meats, north indian, fast food",raw meats,3.3,1,350,60,0.3
6959,"north indian, fast food",north indian,3.4,1,300,22,0.3
18282019,ice cream,ice cream,3.3,1,150,10,0.3
2399,north indian,north indian,3.4,2,600,74,0.3
5420,"ice cream, desserts",ice cream,3.4,1,200,25,0.3
8521,"north indian, chinese, continental",north indian,2.9,4,2500,14,0.3
18292455,"north indian, chinese",north indian,2.7,2,800,12,0.3
4000,mughlai,mughlai,3.0,1,400,9,0.3
18241858,hyderabadi,hyderabadi,2.6,1,300,18,0.3
310732,"north indian, biryani",north indian,3.3,1,450,68,0.3
300522,north indian,north indian,3.1,1,250,7,0.3
18408034,"desserts, ice cream",desserts,3.0,1,250,4,0.3
301803,"chinese, fast food",chinese,2.9,1,400,33,0.3
18282017,mughlai,mughlai,3.3,1,450,11,0.3
18455615,mithai,mithai,3.2,1,400,5,0.3
5400,fast food,fast food,3.2,1,100,38,0.3
300561,"north indian, mughlai",north indian,3.2,2,500,23,0.3
301823,"north indian, mughlai",north indian,3.1,2,550,14,0.3
18282009,"north indian, chinese",north indian,2.9,2,500,8,0.3
6978,north indian,north indian,3.1,1,400,9,0.3
18281946,south indian,south indian,2.9,1,250,8,0.3
6052,"north indian, chinese",north indian,2.9,2,600,57,0.3
5965,bakery,bakery,3.4,1,200,17,0.3
18381639,north indian,north indian,3.3,1,300,14,0.3
18289278,"chinese, mexican, italian",chinese,3.0,1,250,6,0.3
308716,fast food,fast food,2.9,1,300,14,0.3
306985,north indian,north indian,3.0,1,200,6,0.3
307861,north indian,north indian,2.9,1,450,16,0.3
18429381,"mughlai, chinese",mughlai,2.5,1,450,9,0.3
18366009,ice cream,ice cream,3.6,1,300,33,0.3
18415357,fast food,fast food,3.5,1,200,14,0.3
300501,"north indian, mughlai",north indian,3.7,1,300,89,0.3
307006,north indian,north indian,3.6,1,200,75,0.3
18424895,"chinese, north indian",chinese,3.7,1,300,29,0.3
18282015,"chinese, mithai",chinese,0.0,1,200,1,0.3
306974,north indian,north indian,0.0,1,300,1,0.3
18431980,desserts,desserts,0.0,1,100,2,0.3
18429401,chinese,chinese,0.0,1,350,2,0.3
301822,"chinese, mithai",chinese,0.0,1,200,3,0.3
18367979,"north indian, chinese",north indian,0.0,1,200,1,0.3
18366025,"fast food, chinese",fast food,0.0,1,350,1,0.3
18456774,"mughlai, fast food",mughlai,0.0,1,350,1,0.3
18458301,"mughlai, north indian",mughlai,0.0,1,350,1,0.3
18037794,"biryani, mughlai",biryani,0.0,1,300,3,0.3
18454474,"north indian, chinese",north indian,0.0,1,450,2,0.3
18245258,fast food,fast food,2.2,2,500,19,0.3
17977777,"north indian, chinese, continental",north indian,4.2,3,1200,621,0.3
18349901,north indian,north indian,3.1,1,400,7,0.3
18349910,mughlai,mughlai,3.4,1,200,12,0.3
304091,"north indian, mughlai",north indian,3.0,1,350,6,0.3
18420675,"desserts, beverages",desserts,3.1,1,100,5,0.3
308014,"north indian, mughlai",north indian,3.4,2,500,40,0.3
18291241,mughlai,mughlai,3.2,1,200,13,0.3
18336178,mughlai,mughlai,3.0,1,150,5,0.3
18454466,mughlai,mughlai,3.0,1,300,5,0.3
993,"mughlai, north indian",mughlai,3.8,2,600,1585,0.7518796992481203
305598,mughlai,mughlai,3.9,1,400,635,0.3
18336494,biryani,biryani,3.5,1,200,12,0.3
18340727,mughlai,mughlai,3.6,1,300,22,0.3
308001,mithai,mithai,3.8,1,100,75,0.3
18396855,"continental, north indian, mughlai, chinese",continental,3.8,2,700,40,0.3
18261688,mughlai,mughlai,0.0,1,300,0,0.3
18208922,"mithai, street food",mithai,0.0,1,100,3,0.3
18308432,mughlai,mughlai,0.0,2,600,3,0.3
18408050,north indian,north indian,0.0,1,200,2,0.3
18349897,bakery,bakery,0.0,1,100,1,0.3
18336488,"north indian, mughlai",north indian,0.0,1,400,2,0.3
18454468,north indian,north indian,0.0,1,400,0,0.3
18451575,north indian,north indian,0.0,1,400,0,0.3
18079620,"desserts, beverages",desserts,4.2,1,100,69,0.3
304617,mughlai,mughlai,4.0,1,200,115,0.3
463,"mughlai, north indian",mughlai,4.0,2,800,4689,0.7293233082706767
18291442,mughlai,mughlai,4.3,1,200,76,0.3
300430,"north indian, south indian, chinese, street food",north indian,3.3,2,500,86,0.3
533,cafe,cafe,3.3,2,650,74,0.7368421052631579
18365984,biryani,biryani,3.4,2,600,49,0.3
18057812,"north indian, chinese",north indian,3.2,2,800,84,0.3
7012,cafe,cafe,3.4,1,450,50,0.3
313194,"north indian, chinese",north indian,2.7,2,600,91,0.3
18466975,"north indian, chinese",north indian,3.3,2,700,23,0.3
8365,"pizza, fast food",pizza,3.4,2,700,88,0.3
307699,"north indian, chinese",north indian,3.0,1,400,70,0.3
305723,north indian,north indian,3.2,1,400,96,0.3
18175283,"north indian, south indian, street food, fast food, mithai",north indian,2.5,2,600,85,0.3
4018,"north indian, mughlai, chinese",north indian,3.4,2,700,60,0.3
4019,"north indian, chinese",north indian,2.7,2,600,82,0.3
482,"north indian, mughlai, chinese",north indian,2.6,3,1000,105,0.8270676691729323
355,"north indian, south indian, chinese, fast food",north indian,2.5,2,600,162,0.8195488721804511
1104,"bakery, fast food",bakery,3.2,1,350,62,0.3
300994,"bakery, fast food",bakery,3.4,1,450,66,0.3
310691,"north indian, chinese",north indian,2.5,2,700,46,0.3
303247,"italian, pizza, bakery",italian,3.4,2,700,198,0.3
311616,"american, fast food, salad, healthy food",american,3.1,2,500,69,0.3
7025,"bengali, north indian",bengali,3.4,2,500,52,0.3
301335,cafe,cafe,3.0,2,600,182,0.3
4016,"chinese, mughlai",chinese,3.3,3,1400,85,0.3
18238968,"north indian, chinese",north indian,3.4,2,800,102,0.3
18175340,"north indian, chinese, continental, fast food",north indian,3.4,1,400,69,0.3
313498,"north indian, chinese",north indian,2.7,1,450,37,0.3
18421049,"north indian, fast food, italian, asian",north indian,4.5,2,800,50,0.3
18345739,finger food,finger food,3.5,2,600,40,0.3
18261158,"north indian, chinese",north indian,3.8,3,1250,128,0.3
4010,fast food,fast food,3.8,1,350,212,0.3
309283,"burger, fast food",burger,3.6,1,300,164,0.3
17977755,bakery,bakery,3.6,1,400,70,0.3
5388,"chinese, north indian, thai",chinese,3.5,2,700,74,0.3
4723,"ice cream, desserts",ice cream,3.5,1,400,33,0.3
311889,bakery,bakery,3.6,1,400,116,0.3
311922,"american, fast food",american,3.5,2,500,62,0.3
185,"fast food, burger",fast food,3.6,2,500,179,0.6992481203007519
18268370,"italian, fast food",italian,3.6,2,700,56,0.3
4021,"north indian, mughlai",north indian,3.5,2,600,131,0.3
300527,"fast food, street food",fast food,3.6,1,300,155,0.3
18219547,"north indian, chinese, mughlai",north indian,3.5,3,1300,100,0.3
18412874,"italian, chinese, fast food, north indian",italian,3.7,1,400,32,0.3
18244719,"north indian, fast food, chinese",north indian,3.5,2,500,87,0.3
18322665,"north indian, chinese",north indian,3.7,1,450,61,0.3
7018,"bakery, fast food",bakery,1.9,1,250,66,0.3
18446409,"north indian, chinese, continental",north indian,4.3,2,700,22,0.3
7891,"mithai, street food",mithai,2.8,1,150,15,0.3
304445,north indian,north indian,2.8,1,300,30,0.3
18337922,bakery,bakery,3.1,1,400,7,0.3
18357562,north indian,north indian,2.9,1,250,4,0.3
9602,"north indian, chinese",north indian,3.2,1,400,45,0.3
310305,chinese,chinese,3.0,1,400,16,0.3
18025100,"chinese, fast food",chinese,2.8,1,450,5,0.3
18355110,"north indian, mughlai, chinese",north indian,2.7,2,500,7,0.3
18322676,"ice cream, desserts",ice cream,3.1,1,400,9,0.3
308488,"raw meats, north indian, fast food",raw meats,3.1,1,350,15,0.3
7874,"mughlai, afghani",mughlai,2.8,1,450,25,0.3
18313115,"street food, mithai",street food,3.2,1,200,10,0.3
302514,"mithai, street food",mithai,3.1,1,200,42,0.3
9573,"fast food, burger",fast food,3.4,2,500,62,0.3
7892,"bakery, fast food",bakery,2.6,1,100,17,0.3
9568,"north indian, mughlai",north indian,2.9,1,450,7,0.3
3681,"north indian, chinese, fast food",north indian,2.6,2,500,9,0.3
3337,"north indian, mughlai, south indian",north indian,3.3,2,600,140,0.3
310101,"north indian, afghani",north indian,2.6,2,600,15,0.3
7889,"bakery, desserts, fast food",bakery,3.1,1,200,16,0.3
7879,north indian,north indian,3.1,2,500,21,0.3
310469,"raw meats, fast food",raw meats,2.8,1,400,5,0.3
18449787,fast food,fast food,3.2,2,500,24,0.3
303608,"north indian, chinese",north indian,3.0,2,500,15,0.3
307785,"american, fast food, salad, healthy food",american,3.3,2,500,78,0.3
310100,"north indian, chinese",north indian,3.3,2,650,29,0.3
310468,biryani,biryani,2.9,1,400,5,0.3
3339,"north indian, mughlai",north indian,3.5,2,900,107,0.3
18369763,"pizza, fast food",pizza,3.9,2,900,55,0.3
312949,"bakery, fast food",bakery,3.6,1,150,32,0.3
3684,"north indian, chinese",north indian,3.5,2,500,32,0.3
18463963,"healthy food, continental",healthy food,3.5,1,400,19,0.3
18357554,north indian,north indian,0.0,2,600,3,0.3
310102,north indian,north indian,0.0,1,350,1,0.3
18243438,north indian,north indian,0.0,1,300,2,0.3
18419915,"north indian, mughlai, chinese",north indian,0.0,1,350,0,0.3
18479001,mughlai,mughlai,0.0,1,300,0,0.3
18419906,"chinese, south indian",chinese,0.0,1,250,0,0.3
18419911,kashmiri,kashmiri,0.0,1,250,1,0.3
18419919,mithai,mithai,0.0,1,100,0,0.3
18294233,mughlai,mughlai,0.0,1,300,0,0.3
18419901,chinese,chinese,0.0,1,300,0,0.3
18481273,afghani,afghani,0.0,1,300,0,0.3
18313119,mughlai,mughlai,0.0,2,500,0,0.3
18486830,street food,street food,0.0,1,100,0,0.3
18453186,"north indian, mughlai",north indian,0.0,2,700,1,0.3
18354663,"raw meats, fast food",raw meats,0.0,1,300,3,0.3
18419897,mughlai,mughlai,0.0,1,200,0,0.3
18481322,"chinese, fast food",chinese,0.0,1,200,0,0.3
18357557,"south indian, street food, chinese",south indian,0.0,1,300,2,0.3
18025096,north indian,north indian,0.0,1,350,1,0.3
18286922,north indian,north indian,0.0,1,400,0,0.3
18458302,north indian,north indian,0.0,1,300,0,0.3
18447302,"south indian, chinese, fast food",south indian,0.0,1,200,0,0.3
300744,"north indian, mughlai",north indian,2.3,2,800,126,0.3
8509,"north indian, chinese",north indian,4.0,3,1600,744,0.3
3338,fast food,fast food,4.1,1,200,352,0.3
18133513,"cafe, european",cafe,3.3,2,600,59,0.3
619,cafe,cafe,3.3,2,750,81,0.8120300751879699
300581,cafe,cafe,3.1,1,450,34,0.3
300577,cafe,cafe,3.4,2,600,31,0.3
6174,"north indian, chinese",north indian,3.2,4,2000,40,0.3
300593,"north indian, chinese, mughlai",north indian,3.2,2,500,40,0.3
300589,"north indian, chinese",north indian,2.9,2,550,7,0.3
261,"italian, pizza, fast food",italian,3.4,3,1000,116,0.7744360902255639
18400724,street food,street food,3.2,1,150,12,0.3
300591,north indian,north indian,3.0,1,200,5,0.3
18372578,finger food,finger food,2.7,4,3000,16,0.3
307371,"kerala, south indian",kerala,3.2,1,350,85,0.3
300584,north indian,north indian,3.0,1,400,7,0.3
18462606,"north indian, fast food, bihari",north indian,3.1,2,800,6,0.3
18357558,"north indian, continental",north indian,3.2,3,1100,11,0.3
18345728,modern indian,modern indian,4.9,4,5000,408,0.3
301301,street food,street food,3.8,1,150,47,0.3
18249111,"modern indian, north indian",modern indian,3.9,3,1200,450,0.3
308280,cafe,cafe,3.7,2,700,49,0.3
309807,"cafe, desserts, healthy food, juices",cafe,3.7,2,650,223,0.3
8451,fast food,fast food,3.7,1,200,475,0.3
3782,"italian, mediterranean",italian,3.8,3,1900,1347,0.3
18168125,"north indian, spanish, mediterranean",north indian,3.9,3,1200,555,0.3
311982,"north indian, lebanese, european, mexican",north indian,3.9,4,2100,299,0.3
182,"fast food, burger",fast food,3.8,2,500,158,0.8195488721804511
18349923,"north indian, continental",north indian,3.9,3,1200,291,0.3
311871,street food,street food,3.5,1,150,19,0.3
8911,"finger food, north indian",finger food,3.6,3,1250,1058,0.3
18398618,"north indian, south indian, street food",north indian,3.9,2,800,303,0.3
18486847,cafe,cafe,0.0,1,250,1,0.3
18394362,bakery,bakery,0.0,1,400,0,0.3
18380392,"chinese, fast food, pizza",chinese,0.0,1,250,0,0.3
18458647,"north indian, mughlai",north indian,0.0,3,1000,3,0.3
18124375,"north indian, mughlai",north indian,0.0,2,500,2,0.3
300582,"north indian, south indian",north indian,0.0,1,250,3,0.3
18306547,"american, italian, north indian, european, thai",american,4.2,3,1550,361,0.3
18424189,"north indian, italian, continental, asian",north indian,4.2,3,1350,162,0.3
899,south indian,south indian,4.2,2,500,1869,0.6466165413533834
18357911,"north indian, american, chinese",north indian,4.1,4,2000,501,0.3
7901,cafe,cafe,3.1,1,450,23,0.3
309778,north indian,north indian,3.3,1,300,33,0.3
18359262,"beverages, fast food",beverages,2.9,1,300,6,0.3
18358682,"beverages, fast food",beverages,3.0,1,200,15,0.3
18413811,chinese,chinese,3.1,1,400,4,0.3
8160,"north indian, italian, continental",north indian,2.6,3,1000,49,0.3
18240023,"continental, italian",continental,3.3,2,800,14,0.3
306038,fast food,fast food,2.8,2,500,22,0.3
18337775,fast food,fast food,3.3,1,150,15,0.3
18241514,"north indian, mughlai",north indian,2.8,2,950,26,0.3
7912,"italian, pizza, fast food",italian,2.5,2,800,47,0.3
18387753,"continental, north indian, chinese, mughlai, asian",continental,3.2,3,1000,8,0.3
9700,"american, fast food, salad, healthy food",american,2.8,2,500,67,0.3
307342,japanese,japanese,3.3,3,1500,19,0.3
301898,"north indian, fast food",north indian,3.5,1,450,49,0.3
18322937,"continental, north indian, chinese, cafe",continental,3.8,3,1000,92,0.3
18303834,cafe,cafe,3.7,2,500,78,0.3
18241883,"italian, mexican, lebanese, continental",italian,3.8,2,600,170,0.3
18285180,chinese,chinese,3.8,2,550,80,0.3
18464001,"fast food, beverages",fast food,0.0,1,200,3,0.3
7908,"south indian, north indian, chinese",south indian,2.4,2,600,76,0.3
4503,north indian,north indian,3.4,4,3500,120,0.3
4502,"european, continental, north indian",european,3.5,4,3000,202,0.3
4499,chinese,chinese,3.4,4,2500,64,0.3
4235,north indian,north indian,3.2,4,3000,24,0.3
4500,bakery,bakery,3.3,2,500,17,0.3
4234,"european, continental, north indian",european,3.6,4,3000,162,0.3
4501,"north indian, mughlai",north indian,3.5,4,2500,79,0.3
308243,fast food,fast food,3.1,1,400,43,0.3
703,"chinese, thai",chinese,2.8,3,1250,142,0.8796992481203008
18334427,beverages,beverages,3.3,1,400,10,0.3
310529,"north indian, mughlai",north indian,3.2,2,900,23,0.3
309844,ice cream,ice cream,4.5,1,150,665,0.3
306034,fast food,fast food,3.2,1,300,15,0.3
303604,"north indian, fast food",north indian,3.0,1,350,27,0.3
1505,"mithai, street food",mithai,2.7,1,150,13,0.3
303583,"north indian, chinese",north indian,3.4,1,300,53,0.3
18175324,"north indian, chinese",north indian,3.2,2,500,29,0.3
18391147,fast food,fast food,3.5,1,300,14,0.3
301130,"north indian, mughlai, chinese",north indian,3.8,2,600,414,0.3
18354985,ice cream,ice cream,0.0,1,200,1,0.3
18414503,north indian,north indian,0.0,1,400,0,0.3
7807,"north indian, south indian",north indian,2.3,1,150,44,0.3
300887,"north indian, mughlai",north indian,3.1,1,450,35,0.3
306251,finger food,finger food,3.3,4,4500,15,0.3
18144453,"bakery, desserts",bakery,3.0,1,300,6,0.3
7862,"mithai, street food",mithai,3.1,1,150,9,0.3
7857,north indian,north indian,3.3,1,150,21,0.3
2874,"raw meats, fast food",raw meats,3.1,1,200,9,0.3
18458625,north indian,north indian,3.0,2,500,4,0.3
18252369,"north indian, mughlai",north indian,3.1,2,700,13,0.3
18228895,"north indian, mughlai",north indian,3.1,2,600,21,0.3
2583,"north indian, chinese, italian",north indian,3.6,3,1550,455,0.3
304876,"north indian, italian, chinese",north indian,3.5,2,700,367,0.3
308407,"healthy food, salad",healthy food,3.8,2,600,540,0.3
18492050,"north indian, mughlai",north indian,0.0,1,400,1,0.3
18492052,"north indian, south indian, chinese, fast food, bakery, mithai",north indian,0.0,1,300,0,0.3
18449620,"north indian, continental, chinese",north indian,0.0,3,1200,0,0.3
18452403,"north indian, mughlai",north indian,0.0,1,400,1,0.3
18425740,north indian,north indian,0.0,1,100,0,0.3
18313153,"north indian, chinese",north indian,0.0,1,150,2,0.3
18435830,"lebanese, arabian, moroccan",lebanese,0.0,2,900,0,0.3
18473378,"cafe, chinese, italian",cafe,0.0,2,700,1,0.3
18452241,fast food,fast food,0.0,1,400,0,0.3
3190,"italian, continental, european, cafe",italian,4.4,3,1500,1521,0.3
3041,"bakery, desserts, fast food, beverages",bakery,4.2,1,300,729,0.3
18441798,"continental, chinese, italian, finger food",continental,4.3,3,1500,90,0.3
306505,"bakery, desserts",bakery,3.2,3,1750,17,0.3
302868,"mithai, street food",mithai,2.9,1,250,11,0.3
7383,"north indian, south indian, chinese, mithai",north indian,2.6,1,300,38,0.3
302793,"mithai, street food",mithai,2.8,1,100,9,0.3
9993,"mithai, north indian, south indian, street food",mithai,2.7,1,300,16,0.3
9985,"mithai, street food",mithai,2.9,1,150,7,0.3
18138461,south indian,south indian,3.4,1,200,41,0.3
306957,"chinese, north indian",chinese,2.6,2,550,58,0.3
7590,"mithai, street food",mithai,2.9,1,200,4,0.3
9620,cafe,cafe,2.9,1,450,33,0.3
302884,"bakery, desserts, fast food",bakery,3.1,1,200,28,0.3
309238,street food,street food,3.1,1,200,100,0.3
309609,"north indian, chinese",north indian,3.2,2,550,22,0.3
18414477,"north indian, fast food",north indian,3.0,2,600,4,0.3
9992,north indian,north indian,2.9,1,400,14,0.3
18224572,fast food,fast food,2.5,1,250,13,0.3
312594,"bakery, desserts",bakery,2.8,2,600,8,0.3
312728,"ice cream, desserts",ice cream,3.2,1,400,17,0.3
18025133,"ice cream, desserts",ice cream,3.2,1,200,8,0.3
7329,"raw meats, north indian, fast food",raw meats,3.2,1,350,26,0.3
302892,"north indian, mughlai, chinese",north indian,3.3,2,500,85,0.3
302893,"north indian, mughlai, chinese",north indian,2.8,2,500,14,0.3
309533,"fast food, north indian",fast food,3.4,1,250,25,0.3
18376487,beverages,beverages,3.2,1,400,10,0.3
302895,north indian,north indian,2.8,1,250,7,0.3
302896,south indian,south indian,2.9,1,250,10,0.3
9776,north indian,north indian,3.2,1,350,87,0.3
18245255,fast food,fast food,3.2,1,400,57,0.3
309648,"north indian, biryani",north indian,2.6,1,450,24,0.3
18285214,"mughlai, biryani",mughlai,3.0,1,400,5,0.3
302938,north indian,north indian,3.1,1,150,9,0.3
18396545,"desserts, ice cream",desserts,3.2,1,250,14,0.3
18414495,"north indian, mughlai, chinese",north indian,3.4,2,550,20,0.3
311891,"bakery, desserts",bakery,3.1,2,500,11,0.3
312372,"north indian, mughlai",north indian,3.2,1,350,12,0.3
8949,"thai, chinese, seafood",thai,3.1,2,800,70,0.3
302898,north indian,north indian,3.3,1,250,55,0.3
302710,"street food, north indian, south indian",street food,2.9,1,200,4,0.3
9998,"north indian, fast food, mughlai",north indian,3.0,1,450,10,0.3
18317229,street food,street food,2.8,1,150,10,0.3
9623,"south indian, chinese",south indian,3.0,1,250,8,0.3
3634,fast food,fast food,3.3,1,250,91,0.3
7382,"north indian, mughlai",north indian,3.3,2,700,67,0.3
1866,"north indian, chinese",north indian,3.1,2,550,92,0.3
304783,"north indian, street food",north indian,2.7,1,350,6,0.3
302811,north indian,north indian,2.6,1,450,24,0.3
308664,biryani,biryani,3.2,2,650,26,0.3
18133506,fast food,fast food,3.3,2,700,17,0.3
305293,chinese,chinese,3.4,1,400,80,0.3
2211,north indian,north indian,2.6,1,350,23,0.3
9622,"north indian, mughlai",north indian,2.7,2,550,52,0.3
18281989,fast food,fast food,3.1,1,300,11,0.3
18365855,biryani,biryani,3.6,2,600,30,0.3
309737,"chinese, thai",chinese,3.6,2,800,108,0.3
18386707,"fast food, italian, north indian, chinese",fast food,3.6,2,600,22,0.3
309338,north indian,north indian,3.7,2,750,89,0.3
18380155,"cafe, north indian, lebanese, continental",cafe,3.5,2,800,30,0.3
18372686,"italian, chinese, continental, thai, mediterranean, lebanese",italian,3.6,2,600,36,0.3
3610,"ice cream, desserts",ice cream,3.5,1,400,80,0.3
3054,"ice cream, desserts, north indian, street food",ice cream,3.8,1,200,71,0.3
311267,"pizza, fast food",pizza,3.8,2,900,492,0.3
307951,street food,street food,3.6,1,150,94,0.3
1876,"north indian, mughlai, chinese",north indian,3.6,3,1300,372,0.3
412,south indian,south indian,3.8,2,500,495,0.7293233082706767
3635,north indian,north indian,3.6,2,600,91,0.3
9654,"street food, north indian, mithai",street food,3.5,1,250,60,0.3
18354973,"north indian, chinese",north indian,3.5,2,850,23,0.3
18392883,"bakery, fast food",bakery,0.0,1,250,3,0.3
18446815,chinese,chinese,0.0,1,200,0,0.3
311014,bakery,bakery,0.0,1,200,3,0.3
4325,north indian,north indian,2.4,1,350,11,0.3
18322653,"north indian, chinese",north indian,2.3,1,400,9,0.3
9557,"bakery, fast food",bakery,2.3,1,400,19,0.3
9470,fast food,fast food,3.3,1,300,86,0.3
306491,"north indian, chinese",north indian,2.5,1,250,56,0.3
18416860,"street food, north indian, south indian, chinese",street food,3.1,1,400,10,0.3
640,cafe,cafe,3.3,1,450,82,0.849624060150376
305161,"north indian, chinese",north indian,3.3,2,650,26,0.3
306149,south indian,south indian,3.4,1,300,75,0.3
1197,"mughlai, north indian",mughlai,3.1,2,800,77,0.3
18198467,"cafe, fast food, desserts",cafe,3.4,1,450,38,0.3
311903,"pizza, fast food",pizza,3.4,2,700,36,0.3
18458665,"north indian, fast food, chinese, continental",north indian,2.9,3,1200,4,0.3
6651,cafe,cafe,2.8,2,500,25,0.3
311076,"ice cream, desserts",ice cream,3.4,1,400,41,0.3
9001,"north indian, mughlai",north indian,3.1,2,550,69,0.3
8995,"south indian, north indian, chinese",south indian,3.2,2,650,69,0.3
18489508,"north indian, fast food, italian, asian",north indian,3.3,2,800,6,0.3
7689,"fast food, beverages",fast food,3.3,1,150,49,0.3
307959,"chinese, north indian, italian, continental, fast food",chinese,3.2,2,800,145,0.3
18222571,"north indian, chinese, continental",north indian,3.3,2,650,41,0.3
310202,north indian,north indian,2.9,1,400,15,0.3
301470,"south indian, north indian, chinese",south indian,2.7,2,600,109,0.3
5433,south indian,south indian,2.7,1,300,41,0.3
18349733,"cafe, chinese, continental, italian, desserts, beverages",cafe,3.2,1,400,28,0.3
18421019,"north indian, chinese",north indian,3.4,2,750,21,0.3
18317510,"italian, fast food",italian,3.4,2,800,21,0.3
303104,"fast food, north indian",fast food,3.3,1,300,53,0.3
8991,"south indian, north indian",south indian,3.3,2,550,145,0.3
6662,north indian,north indian,3.1,2,600,24,0.3
18365889,north indian,north indian,3.5,1,200,12,0.3
18245268,beverages,beverages,3.9,1,150,55,0.3
309856,"desserts, beverages",desserts,3.8,1,300,36,0.3
309604,"fast food, beverages",fast food,3.6,1,250,108,0.3
18332062,fast food,fast food,3.7,1,250,151,0.3
6658,north indian,north indian,3.6,2,550,91,0.3
9644,"biryani, north indian, mughlai",biryani,3.7,2,650,393,0.3
18349974,"ice cream, fast food, beverages",ice cream,3.9,1,250,72,0.3
2267,"ice cream, desserts",ice cream,3.8,1,400,167,0.3
18377630,ice cream,ice cream,3.7,1,200,20,0.3
18289256,beverages,beverages,3.5,1,250,61,0.3
300849,"mithai, chinese, street food",mithai,3.8,1,200,83,0.3
6675,"bakery, chinese",bakery,3.6,1,200,62,0.3
18430598,"fast food, street food",fast food,3.7,1,300,58,0.3
303082,"street food, north indian",street food,3.7,1,100,116,0.3
18445775,"continental, chinese, north indian",continental,3.5,2,600,21,0.3
309805,"chinese, thai",chinese,3.5,2,500,133,0.3
302972,"bakery, fast food",bakery,3.9,1,200,150,0.3
7667,"beverages, fast food",beverages,3.6,1,400,261,0.3
307327,street food,street food,3.7,1,50,131,0.3
304461,fast food,fast food,3.7,1,300,234,0.3
300854,"south indian, north indian, chinese",south indian,3.5,2,800,85,0.3
306402,"mithai, street food",mithai,3.5,1,150,36,0.3
18157402,"north indian, chinese",north indian,3.8,2,500,115,0.3
2272,"american, fast food, salad, healthy food",american,3.5,2,500,143,0.3
18261675,"bakery, desserts",bakery,3.5,1,400,47,0.3
18458347,"north indian, biryani, chinese, fast food",north indian,3.8,2,950,41,0.3
307415,"chinese, north indian, italian, fast food",chinese,3.6,3,1900,346,0.3
8985,street food,street food,3.9,1,150,223,0.3
6667,north indian,north indian,3.5,1,300,97,0.3
18294234,north indian,north indian,3.6,2,500,24,0.3
18458013,chinese,chinese,3.6,1,300,25,0.3
18218265,bakery,bakery,3.5,1,100,15,0.3
18460325,mughlai,mughlai,0.0,1,400,0,0.3
18458658,"mughlai, north indian",mughlai,0.0,2,500,0,0.3
18458655,chinese,chinese,0.0,1,200,0,0.3
4227,"north indian, italian, chinese, fast food",north indian,4.2,2,600,300,0.3
18418240,"beverages, fast food",beverages,4.0,1,400,108,0.3
5083,north indian,north indian,3.1,2,700,59,0.3
302254,north indian,north indian,3.3,2,600,36,0.3
300973,north indian,north indian,3.1,2,600,62,0.3
307069,north indian,north indian,3.4,1,450,44,0.3
305289,street food,street food,4.1,1,100,187,0.3
18376493,"mughlai, fast food",mughlai,3.2,1,350,11,0.3
307989,"north indian, chinese",north indian,3.2,1,450,27,0.3
310899,"raw meats, north indian, fast food",raw meats,3.4,1,350,33,0.3
18322591,"north indian, south indian, chinese",north indian,3.4,1,300,32,0.3
18486915,"chinese, fast food, ice cream",chinese,3.3,1,200,11,0.3
302488,"north indian, mughlai, chinese",north indian,3.3,2,550,87,0.3
3173,"north indian, mughlai",north indian,2.6,2,850,192,0.3
313413,"north indian, chinese, italian",north indian,3.4,3,1000,232,0.3
307818,"north indian, mughlai, chinese, continental",north indian,3.2,3,1300,177,0.3
310332,"north indian, mediterranean, continental",north indian,3.2,3,1500,286,0.3
2295,"north indian, mughlai, chinese",north indian,3.6,2,800,306,0.3
18361742,"cafe, italian, chinese, north indian",cafe,3.5,3,1000,63,0.3
303578,north indian,north indian,3.5,2,800,159,0.3
18429394,"south indian, north indian, chinese",south indian,3.7,2,800,28,0.3
6705,"street food, mithai",street food,3.5,1,400,40,0.3
18250020,"north indian, mughlai, continental, chinese",north indian,3.7,3,1600,213,0.3
18235498,"north indian, mughlai, chinese",north indian,3.7,3,1150,160,0.3
300910,"street food, north indian",street food,3.8,1,250,300,0.3
18317477,"north indian, chinese, continental",north indian,3.8,3,1300,248,0.3
308638,fast food,fast food,3.6,1,250,109,0.3
1270,"north indian, chinese",north indian,3.5,2,750,132,0.3
18268715,"desserts, fast food, ice cream",desserts,4.0,1,250,95,0.3
312518,"ice cream, desserts",ice cream,4.0,1,300,292,0.3
304028,"south indian, north indian, chinese, street food, fast food",south indian,2.8,2,500,39,0.3
7422,"south indian, north indian",south indian,3.4,1,250,68,0.3
306096,north indian,north indian,2.9,1,200,92,0.3
7450,"north indian, chinese",north indian,3.4,2,800,51,0.3
306106,"north indian, chinese, continental, italian",north indian,3.2,3,1100,142,0.3
303963,cafe,cafe,2.6,1,450,21,0.3
18124379,"chinese, north indian, mughlai",chinese,2.5,1,450,71,0.3
310758,"chinese, north indian",chinese,3.2,2,600,71,0.3
309606,"north indian, chinese",north indian,3.4,2,600,122,0.3
2408,"north indian, chinese, mughlai",north indian,3.0,2,700,39,0.3
309560,"pizza, fast food",pizza,3.4,2,700,43,0.3
306405,"ice cream, desserts",ice cream,3.4,1,400,38,0.3
5529,"ice cream, desserts",ice cream,2.7,1,400,39,0.3
9459,"north indian, chinese",north indian,3.1,2,700,73,0.3
300359,"desserts, mithai",desserts,2.9,1,200,10,0.3
18128869,"north indian, mughlai, chinese, fast food",north indian,2.7,2,500,32,0.3
9011,south indian,south indian,2.9,1,150,36,0.3
5507,"north indian, south indian, chinese, fast food",north indian,3.3,1,450,36,0.3
303704,hyderabadi,hyderabadi,3.1,2,750,134,0.3
1924,north indian,north indian,3.3,1,350,55,0.3
300257,"north indian, mughlai",north indian,2.9,2,600,90,0.3
7534,north indian,north indian,3.2,2,500,60,0.3
1925,south indian,south indian,2.7,1,400,47,0.3
311719,north indian,north indian,3.4,1,300,43,0.3
1926,"fast food, north indian, south indian, chinese, street food, mithai",fast food,3.3,1,350,236,0.3
306392,"north indian, mughlai, chinese",north indian,2.6,3,1100,31,0.3
306338,"north indian, mughlai, chinese",north indian,2.5,2,700,38,0.3
1905,"fast food, north indian, chinese",fast food,3.1,2,800,123,0.3
300350,mithai,mithai,2.8,1,150,9,0.3
7424,"south indian, chinese, north indian",south indian,3.3,1,350,70,0.3
1906,"north indian, chinese",north indian,3.4,2,550,114,0.3
1908,"north indian, chinese",north indian,2.7,2,550,56,0.3
1618,"north indian, chinese, south indian",north indian,3.1,2,600,247,0.3
309064,south indian,south indian,3.1,1,450,90,0.3
1931,"north indian, mughlai, chinese",north indian,2.7,2,900,84,0.3
18277018,"north indian, chinese, fast food",north indian,3.3,2,650,93,0.3
18425764,"italian, chinese, north indian",italian,3.4,2,650,44,0.3
1933,south indian,south indian,3.0,1,400,27,0.3
2411,"chinese, mughlai, north indian",chinese,2.7,2,750,68,0.3
18377922,fast food,fast food,3.3,1,400,23,0.3
18138437,"european, italian, thai, chinese, north indian",european,3.2,3,1400,30,0.3
4655,"north indian, chinese",north indian,2.5,2,500,69,0.3
18289258,"tibetan, fast food",tibetan,2.6,1,350,41,0.3
18198463,"fast food, chinese",fast food,3.4,1,400,36,0.3
300347,"bakery, desserts, fast food",bakery,3.6,1,400,179,0.3
18423807,"bakery, desserts",bakery,3.5,1,450,22,0.3
300661,"north indian, mughlai",north indian,3.7,2,650,456,0.3
18349796,"north indian, european, south indian",north indian,3.6,2,900,43,0.3
306643,fast food,fast food,3.7,1,200,120,0.3
305758,"cafe, fast food, desserts",cafe,3.8,2,700,230,0.3
18240475,bakery,bakery,3.5,1,300,26,0.3
18238241,"mughlai, north indian",mughlai,3.5,2,600,27,0.3
306071,street food,street food,3.6,1,50,35,0.3
8864,north indian,north indian,3.6,2,500,76,0.3
9643,north indian,north indian,3.7,2,650,177,0.3
9016,desserts,desserts,3.6,1,150,99,0.3
300594,fast food,fast food,3.7,1,250,136,0.3
8872,"north indian, chinese",north indian,3.5,2,600,72,0.3
2407,"south indian, north indian",south indian,3.5,2,600,88,0.3
7526,"mithai, street food",mithai,3.8,1,200,100,0.3
306403,"american, fast food, salad, healthy food",american,3.6,2,500,118,0.3
1301,"gujarati, rajasthani, north indian, fast food",gujarati,3.8,2,700,603,0.3
1904,north indian,north indian,3.5,1,350,149,0.3
18322672,"continental, healthy food",continental,3.7,2,700,39,0.3
5560,chinese,chinese,3.5,1,350,109,0.3
307332,"chinese, fast food",chinese,3.5,1,350,214,0.3
311755,"chinese, fast food",chinese,3.5,1,350,64,0.3
18396684,fast food,fast food,0.0,1,200,0,0.3
18453049,north indian,north indian,0.0,1,350,1,0.3
312000,north indian,north indian,0.0,1,300,0,0.3
18203154,chinese,chinese,0.0,1,150,0,0.3
305360,cafe,cafe,2.3,1,450,32,0.3
1923,finger food,finger food,2.4,3,1000,52,0.3
8933,"fast food, north indian, mughlai",fast food,4.0,2,500,841,0.3
312003,street food,street food,4.0,1,200,74,0.3
18446504,"continental, north indian, american, italian, mexican",continental,4.3,3,1050,142,0.3
3541,"north indian, mughlai",north indian,4.5,4,2000,524,0.3
189,"fast food, burger",fast food,3.3,2,500,132,0.6616541353383458
18322651,"american, fast food",american,3.1,3,1000,18,0.3
5586,"bakery, desserts",bakery,3.3,1,300,29,0.3
303574,"north indian, chinese, mexican, lebanese, italian, fast food",north indian,2.5,2,650,120,0.3
304628,street food,street food,3.2,1,150,242,0.3
4624,"bakery, fast food",bakery,3.3,2,800,89,0.3
1614,"italian, continental, european, cafe",italian,4.5,3,1500,4986,0.3
8244,"italian, continental, european, cafe",italian,4.6,3,1500,1569,0.3
3406,"cafe, pizza, italian",cafe,3.8,3,1200,863,0.3
309576,mughlai,mughlai,3.9,2,600,157,0.3
4741,"american, italian, north indian, chinese, lebanese",american,3.6,4,2000,1428,0.3
310674,"continental, kashmiri, italian, north indian, moroccan",continental,3.6,4,2500,300,0.3
1901,"cafe, italian, lebanese",cafe,3.6,3,1000,574,0.3
813,chinese,chinese,3.7,3,1000,243,0.6917293233082706
304989,"cafe, desserts, bakery",cafe,3.8,2,700,391,0.3
300642,"bakery, desserts, fast food",bakery,3.6,2,800,29,0.3
307284,"mediterranean, american, asian",mediterranean,3.7,3,1700,395,0.3
844,"mughlai, north indian",mughlai,3.7,2,650,2860,0.6691729323308271
308337,mexican,mexican,3.6,3,1700,505,0.3
307822,"italian, european",italian,3.9,3,1400,454,0.3
3425,"american, continental, italian",american,3.8,4,2000,203,0.3
6271,mughlai,mughlai,3.7,1,400,79,0.3
312710,"seafood, chinese, japanese, vietnamese, asian, thai",seafood,3.9,3,1200,287,0.3
18255125,european,european,3.8,4,2100,199,0.3
18285728,mughlai,mughlai,3.5,1,450,17,0.3
305686,"burmese, chinese, japanese, malaysian, thai",burmese,3.9,4,2000,372,0.3
154,"american, fast food, salad, healthy food",american,3.7,2,500,188,0.6691729323308271
18361747,"cafe, tea, desserts",cafe,3.6,2,800,34,0.3
9618,"italian, french, european, cafe",italian,3.7,3,1700,774,0.3
307370,cafe,cafe,3.8,2,700,256,0.3
307802,"japanese, thai, italian, asian",japanese,3.8,4,2500,1186,0.3
307799,"chinese, thai, continental, north indian",chinese,3.8,4,2000,669,0.3
18486842,cafe,cafe,0.0,1,450,2,0.3
18419910,"european, continental, pizza",european,4.2,3,1700,113,0.3
4296,"bakery, desserts, fast food",bakery,4.0,1,400,518,0.3
2632,"asian, thai, chinese",asian,4.1,3,1600,1330,0.3
7227,"north indian, lebanese, mexican, asian, italian, american, european",north indian,4.0,3,1550,1203,0.3
18221038,"continental, american",continental,4.0,4,2000,79,0.3
313299,"cafe, european",cafe,4.2,4,2000,551,0.3
300656,"italian, european, cafe",italian,4.0,3,1650,1093,0.3
313207,"american, european",american,4.2,4,2100,578,0.3
309788,"parsi, iranian",parsi,4.2,3,1300,1914,0.3
18082237,"bakery, fast food",bakery,4.0,2,600,220,0.3
311531,"bakery, desserts",bakery,4.4,2,700,912,0.3
18273615,"finger food, italian, north indian",finger food,4.2,3,1800,436,0.3
17953908,"north indian, chinese",north indian,3.1,3,1100,10,0.3
305722,north indian,north indian,3.1,1,250,12,0.3
18430600,"mithai, north indian, south indian, chinese, bakery",mithai,3.3,1,450,13,0.3
18441800,"north indian, chinese",north indian,3.0,2,700,11,0.3
18337965,"street food, south indian, mithai",street food,3.2,1,400,19,0.3
300452,"north indian, mughlai, chinese",north indian,3.3,1,450,73,0.3
5590,cafe,cafe,3.2,1,450,23,0.3
18070502,fast food,fast food,3.2,1,150,11,0.3
312098,"chinese, north indian",chinese,3.1,2,500,10,0.3
303635,"chinese, fast food",chinese,2.6,2,550,49,0.3
302456,"north indian, chinese, continental",north indian,2.8,3,1200,15,0.3
9549,"mithai, street food",mithai,3.2,1,200,100,0.3
306488,"north indian, chinese, italian, fast food",north indian,2.7,3,1100,63,0.3
302142,"north indian, mughlai, chinese",north indian,2.7,2,800,45,0.3
18350118,"cafe, continental",cafe,3.0,2,750,4,0.3
7396,"pizza, fast food",pizza,3.3,2,700,57,0.3
18435836,"north indian, chinese",north indian,3.3,2,650,12,0.3
18277180,"biryani, mughlai",biryani,3.3,1,400,35,0.3
18366018,chinese,chinese,3.0,1,350,6,0.3
308555,"north indian, mughlai, chinese",north indian,3.4,2,700,143,0.3
306662,"raw meats, north indian, fast food",raw meats,2.7,1,350,23,0.3
310253,"north indian, chinese, continental",north indian,2.7,2,550,41,0.3
5664,north indian,north indian,3.2,1,300,29,0.3
18460329,"north indian, chinese",north indian,3.3,2,500,13,0.3
18360284,"fast food, bakery",fast food,3.2,1,350,16,0.3
9552,"north indian, mughlai",north indian,3.2,2,600,31,0.3
308156,"chinese, italian, fast food",chinese,2.7,2,550,46,0.3
308189,"lucknowi, biryani",lucknowi,3.1,1,300,9,0.3
300448,"desserts, bakery, fast food",desserts,2.8,1,300,23,0.3
311944,"raw meats, fast food",raw meats,3.1,1,400,7,0.3
9550,north indian,north indian,2.7,1,450,15,0.3
18198179,north indian,north indian,3.2,1,450,9,0.3
7400,"italian, pizza, fast food",italian,2.6,2,800,67,0.3
309289,"fast food, chinese, bakery",fast food,3.3,1,400,17,0.3
18365872,"mughlai, north indian, chinese",mughlai,2.8,2,600,4,0.3
9050,"north indian, chinese, mughlai",north indian,3.2,3,1200,74,0.3
18366011,"chinese, mughlai",chinese,3.0,2,600,5,0.3
305720,street food,street food,2.8,1,50,8,0.3
4036,"north indian, chinese",north indian,3.2,2,800,50,0.3
5658,"chinese, south indian",chinese,2.9,1,300,16,0.3
5659,north indian,north indian,3.0,2,600,20,0.3
18265677,"italian, continental",italian,3.2,4,2500,14,0.3
309998,"north indian, chinese, fast food",north indian,3.4,3,1100,74,0.3
18201995,"hyderabadi, north indian",hyderabadi,3.1,2,550,20,0.3
306245,"north indian, chinese, mughlai, continental",north indian,3.5,3,1200,133,0.3
306168,"north indian, mughlai, chinese",north indian,3.5,2,650,98,0.3
18365996,street food,street food,3.6,1,250,26,0.3
311448,bakery,bakery,3.7,2,500,68,0.3
303350,"north indian, mughlai",north indian,3.6,3,1000,283,0.3
18378056,"north indian, chinese, continental, italian",north indian,3.5,3,1200,21,0.3
9513,street food,street food,3.5,1,150,23,0.3
18303704,"north indian, chinese",north indian,3.6,2,600,55,0.3
308111,"north indian, chinese",north indian,3.5,2,750,102,0.3
312922,"chinese, fast food",chinese,2.4,2,500,20,0.3
3918,north indian,north indian,2.1,1,350,54,0.3
308784,chinese,chinese,2.4,2,800,39,0.3
2316,north indian,north indian,2.9,1,200,6,0.3
2315,north indian,north indian,3.0,1,250,15,0.3
313307,"bakery, fast food, street food",bakery,2.9,1,200,7,0.3
301208,"north indian, chinese",north indian,2.9,1,300,16,0.3
18386203,bakery,bakery,3.0,1,300,6,0.3
18258507,mughlai,mughlai,2.9,1,400,9,0.3
313091,chinese,chinese,2.9,1,350,5,0.3
313381,north indian,north indian,2.9,1,150,4,0.3
301201,"north indian, chinese",north indian,2.5,2,500,50,0.3
309496,street food,street food,3.1,1,100,12,0.3
2297,"north indian, fast food, south indian",north indian,3.2,2,500,79,0.3
305003,"desserts, street food",desserts,3.3,1,150,20,0.3
306310,"north indian, chinese, mughlai",north indian,3.2,2,650,52,0.3
18332058,"north indian, chinese, south indian",north indian,3.3,2,500,26,0.3
18128895,"fast food, north indian, south indian, chinese, bakery",fast food,3.2,1,350,11,0.3
312747,"pizza, fast food",pizza,2.9,2,700,13,0.3
6128,"pizza, fast food",pizza,3.1,2,700,75,0.3
304994,"bakery, fast food",bakery,3.3,1,150,26,0.3
313132,"north indian, chinese",north indian,2.9,2,700,10,0.3
18423095,"ice cream, desserts",ice cream,3.2,1,300,6,0.3
18378024,"mithai, north indian",mithai,3.3,2,500,12,0.3
313508,healthy food,healthy food,3.1,1,350,22,0.3
301213,north indian,north indian,3.2,1,400,30,0.3
8293,desserts,desserts,3.3,1,100,12,0.3
309495,north indian,north indian,2.6,1,400,15,0.3
305565,north indian,north indian,3.2,1,300,10,0.3
309489,"north indian, south indian",north indian,3.0,1,400,11,0.3
3772,"north indian, south indian, fast food",north indian,3.0,1,400,16,0.3
301204,mithai,mithai,3.4,1,100,15,0.3
18421495,north indian,north indian,3.1,2,600,8,0.3
306656,north indian,north indian,2.7,1,450,18,0.3
18126085,"north indian, fast food",north indian,3.1,1,400,10,0.3
308942,street food,street food,3.3,1,100,20,0.3
309254,"north indian, chinese",north indian,3.3,2,550,16,0.3
301417,north indian,north indian,3.4,2,500,39,0.3
301203,"south indian, north indian, chinese",south indian,2.9,2,800,66,0.3
18014143,north indian,north indian,3.1,1,250,7,0.3
309793,"north indian, mughlai",north indian,3.1,2,500,54,0.3
6131,"south indian, fast food, street food",south indian,3.1,2,500,44,0.3
309498,"north indian, mughlai",north indian,3.1,2,600,15,0.3
1274,"chinese, north indian",chinese,2.9,2,800,14,0.3
18431416,"chinese, mughlai, north indian",chinese,3.0,1,350,4,0.3
309481,"chinese, fast food",chinese,3.1,1,200,13,0.3
301207,"north indian, south indian, chinese, fast food",north indian,3.2,1,300,31,0.3
18409201,"north indian, chinese",north indian,3.6,2,550,22,0.3
308938,"pizza, fast food",pizza,3.5,1,450,21,0.3
18282453,"chinese, north indian",chinese,0.0,1,300,2,0.3
18434966,street food,street food,0.0,1,200,1,0.3
18349764,north indian,north indian,0.0,2,600,0,0.3
18421474,"chinese, south indian, fast food",chinese,0.0,1,200,0,0.3
18377904,north indian,north indian,0.0,1,200,0,0.3
18421482,north indian,north indian,0.0,1,200,0,0.3
18433869,pizza,pizza,0.0,1,300,0,0.3
18376495,"beverages, fast food",beverages,0.0,1,150,0,0.3
309483,north indian,north indian,0.0,2,500,2,0.3
18217428,"north indian, chinese, south indian, fast food",north indian,0.0,1,350,3,0.3
18323446,"bakery, fast food",bakery,0.0,1,400,2,0.3
18423892,healthy food,healthy food,0.0,1,350,0,0.3
18432000,"chinese, fast food",chinese,0.0,1,250,1,0.3
18261956,street food,street food,0.0,1,100,0,0.3
18378017,"raw meats, fast food",raw meats,0.0,1,350,2,0.3
18126099,fast food,fast food,0.0,1,300,2,0.3
18423101,north indian,north indian,0.0,2,550,0,0.3
18376513,north indian,north indian,0.0,1,350,0,0.3
18432218,pizza,pizza,0.0,1,350,1,0.3
18255168,north indian,north indian,0.0,1,450,2,0.3
18384143,"mughlai, north indian",mughlai,0.0,1,350,0,0.3
18222598,"bakery, fast food",bakery,0.0,1,250,0,0.3
18431979,"raw meats, street food",raw meats,0.0,1,300,0,0.3
313225,mithai,mithai,0.0,1,200,1,0.3
18423103,mithai,mithai,0.0,1,100,0,0.3
308940,north indian,north indian,0.0,1,250,1,0.3
18433871,street food,street food,0.0,1,200,0,0.3
308928,south indian,south indian,0.0,1,250,3,0.3
18469838,"chinese, italian",chinese,0.0,1,300,0,0.3
18458342,bakery,bakery,0.0,1,400,3,0.3
18382338,"bakery, fast food",bakery,3.1,1,400,10,0.3
17977751,"continental, italian, north indian",continental,3.5,4,2200,218,0.3
18382373,fast food,fast food,0.0,1,300,1,0.3
18485936,"cafe, french",cafe,0.0,3,1500,1,0.3
18415370,north indian,north indian,0.0,2,600,0,0.3
18363216,"south indian, fast food",south indian,0.0,1,300,1,0.3
18472689,fast food,fast food,0.0,1,200,0,0.3
18385727,"bakery, desserts",bakery,0.0,1,200,1,0.3
18414508,fast food,fast food,0.0,1,300,1,0.3
9571,fast food,fast food,3.4,1,250,44,0.3
313491,"cafe, chinese",cafe,3.0,2,500,7,0.3
18260714,street food,street food,3.1,1,100,4,0.3
310344,"chinese, fast food",chinese,2.7,1,250,4,0.3
9875,"mithai, north indian, chinese, street food",mithai,2.8,1,250,8,0.3
18396161,"north indian, chinese",north indian,2.7,1,400,7,0.3
9572,"chinese, fast food",chinese,3.2,1,450,56,0.3
18371289,fast food,fast food,3.3,1,150,6,0.3
18356840,"bakery, desserts",bakery,3.0,2,600,4,0.3
303784,north indian,north indian,2.6,1,100,10,0.3
9906,"chinese, north indian",chinese,3.3,2,550,40,0.3
305581,"north indian, chinese, fast food",north indian,3.4,2,700,49,0.3
9588,"desserts, ice cream",desserts,3.0,1,100,4,0.3
312798,"south indian, north indian",south indian,2.7,1,400,9,0.3
18361738,"north indian, chinese, fast food",north indian,2.6,1,450,102,0.3
9579,"north indian, street food",north indian,3.8,1,200,183,0.3
309816,"chinese, asian, thai",chinese,3.7,2,650,270,0.3
307283,north indian,north indian,3.6,2,600,75,0.3
311150,"north indian, mughlai",north indian,3.5,2,800,116,0.3
18294237,mughlai,mughlai,0.0,1,250,0,0.3
18455557,"north indian, chinese, south indian",north indian,0.0,1,250,3,0.3
18425773,south indian,south indian,0.0,1,300,3,0.3
310358,"raw meats, fast food",raw meats,0.0,1,250,2,0.3
18425161,mughlai,mughlai,0.0,1,300,1,0.3
308704,"bakery, desserts",bakery,0.0,1,300,2,0.3
18323603,"bakery, desserts",bakery,0.0,1,300,0,0.3
18025089,"north indian, chinese",north indian,0.0,2,600,2,0.3
18264993,north indian,north indian,0.0,1,400,0,0.3
18429151,chinese,chinese,0.0,1,300,0,0.3
18429161,north indian,north indian,0.0,1,150,0,0.3
18425781,street food,street food,0.0,1,100,1,0.3
18446391,"bakery, fast food",bakery,0.0,1,200,3,0.3
18481310,"north indian, chinese",north indian,0.0,1,350,1,0.3
18425777,bakery,bakery,0.0,1,300,0,0.3
18429157,south indian,south indian,0.0,1,250,1,0.3
18265712,"mughlai, north indian",mughlai,0.0,2,500,0,0.3
9599,"mithai, street food",mithai,0.0,1,150,2,0.3
18425148,north indian,north indian,0.0,1,200,0,0.3
18265724,north indian,north indian,0.0,1,200,3,0.3
18458659,bakery,bakery,0.0,1,400,0,0.3
18424905,north indian,north indian,0.0,1,400,0,0.3
18410302,north indian,north indian,0.0,2,500,0,0.3
7856,"north indian, chinese, street food, mithai",north indian,3.4,1,300,22,0.3
18365894,biryani,biryani,3.0,2,600,32,0.3
18441523,"biryani, hyderabadi",biryani,3.1,3,1000,8,0.3
18400728,"burger, fast food",burger,3.4,2,500,45,0.3
310345,"pizza, fast food",pizza,2.5,2,700,47,0.3
9596,"north indian, mughlai",north indian,3.4,2,650,59,0.3
302577,afghani,afghani,2.9,2,550,39,0.3
18334458,"mughlai, north indian",mughlai,2.9,2,650,31,0.3
4847,"italian, pizza, fast food",italian,2.8,2,800,54,0.3
2601,"north indian, street food",north indian,3.3,1,250,40,0.3
3490,"north indian, south indian, chinese",north indian,2.6,2,500,50,0.3
18349930,"north indian, chinese",north indian,3.1,2,600,18,0.3
7735,"mithai, north indian, south indian, chinese, street food",mithai,3.1,2,500,33,0.3
301239,"burger, fast food, chinese, bakery",burger,3.0,1,300,41,0.3
7861,bakery,bakery,3.5,1,200,70,0.3
491,"north indian, south indian, fast food, street food, chinese, beverages, desserts, mithai",north indian,3.7,2,550,269,0.8571428571428571
553,"north indian, south indian, chinese, street food, fast food, mithai, desserts",north indian,3.8,2,600,472,0.8421052631578947
18426285,desserts,desserts,3.8,2,500,21,0.3
18345810,"asian, thai",asian,3.7,3,1000,57,0.3
7906,"north indian, south indian, chinese",north indian,3.8,2,550,63,0.3
311593,cafe,cafe,3.5,2,550,54,0.3
18466740,"north indian, mughlai, nepalese, tibetan, korean",north indian,0.0,3,1000,2,0.3
1533,"tibetan, chinese",tibetan,3.5,2,500,515,0.3
9529,"north indian, street food",north indian,4.1,1,150,577,0.3
311466,fast food,fast food,3.4,1,300,32,0.3
5358,"fast food, south indian, chinese",fast food,3.2,1,300,23,0.3
301532,"mughlai, north indian",mughlai,3.3,2,600,23,0.3
18336529,cafe,cafe,3.3,2,500,12,0.3
301530,"north indian, fast food",north indian,3.1,2,550,20,0.3
18317975,"fast food, street food",fast food,3.3,1,200,7,0.3
18469935,"north indian, mughlai, chinese, italian",north indian,3.2,1,450,11,0.3
300874,"north indian, chinese, fast food",north indian,2.8,1,450,13,0.3
18357561,bakery,bakery,0.0,1,100,0,0.3
18445793,"chinese, south indian",chinese,0.0,1,300,0,0.3
18458348,"mithai, street food",mithai,0.0,1,300,0,0.3
18449646,"chinese, fast food",chinese,0.0,1,250,0,0.3
18445784,"north indian, chinese",north indian,0.0,2,700,0,0.3
18378861,"north indian, fast food",north indian,0.0,1,400,0,0.3
301677,"fast food, south indian",fast food,4.2,1,400,762,0.3
8537,"pizza, fast food",pizza,2.8,1,250,8,0.3
18268367,"north indian, chinese",north indian,2.6,1,400,5,0.3
18244534,"fast food, mithai, bakery",fast food,3.3,1,250,13,0.3
8517,north indian,north indian,3.1,1,400,24,0.3
310653,fast food,fast food,3.1,2,500,18,0.3
312479,chinese,chinese,2.9,1,350,13,0.3
18222593,"chinese, continental, mexican",chinese,2.8,2,500,14,0.3
2012,street food,street food,3.0,1,250,74,0.3
6265,cafe,cafe,2.7,1,450,18,0.3
9829,cafe,cafe,2.8,1,450,14,0.3
311949,"north indian, chinese",north indian,3.0,1,200,7,0.3
18421027,"fast food, beverages",fast food,3.2,1,200,15,0.3
304957,north indian,north indian,2.8,1,200,9,0.3
305948,north indian,north indian,3.1,1,100,8,0.3
306113,mithai,mithai,3.0,1,150,11,0.3
305987,"bakery, fast food, beverages",bakery,3.4,1,250,17,0.3
4935,chinese,chinese,2.9,1,250,11,0.3
313265,"pizza, fast food",pizza,2.6,2,700,46,0.3
18414470,"north indian, fast food",north indian,2.6,2,600,10,0.3
18377903,fast food,fast food,3.2,1,250,4,0.3
300729,"bakery, fast food",bakery,3.4,1,200,188,0.3
9850,bakery,bakery,3.0,1,200,9,0.3
4939,"north indian, chinese",north indian,2.6,2,500,8,0.3
18416369,"mughlai, biryani",mughlai,3.1,1,400,7,0.3
311194,"north indian, mughlai",north indian,2.7,2,500,64,0.3
1205,"north indian, mithai",north indian,3.3,1,400,61,0.3
305949,north indian,north indian,3.0,1,300,13,0.3
18400760,"north indian, chinese",north indian,2.9,2,600,7,0.3
18372696,"north indian, chinese",north indian,3.4,2,900,31,0.3
9849,"north indian, south indian",north indian,3.0,1,300,8,0.3
305298,"mithai, street food",mithai,2.8,1,200,8,0.3
18451584,"pizza, fast food",pizza,2.9,2,500,17,0.3
18291212,"south indian, fast food",south indian,2.8,1,400,34,0.3
6072,south indian,south indian,3.3,1,300,29,0.3
308253,north indian,north indian,3.1,1,350,21,0.3
18354257,"fast food, tea",fast food,2.8,1,200,7,0.3
6095,north indian,north indian,2.7,2,500,25,0.3
305942,chinese,chinese,3.4,1,300,31,0.3
18208895,"chinese, fast food",chinese,3.0,1,350,10,0.3
309190,"chinese, fast food",chinese,3.2,1,300,23,0.3
18472702,chinese,chinese,3.1,1,350,7,0.3
311331,fast food,fast food,3.1,1,250,13,0.3
18418242,"chinese, north indian",chinese,3.1,1,250,10,0.3
18365372,biryani,biryani,3.5,2,600,22,0.3
18415367,"burger, fast food",burger,3.5,2,500,66,0.3
18382755,street food,street food,3.8,1,200,70,0.3
312385,"italian, pizza",italian,3.8,2,600,270,0.3
18345730,"sushi, asian",sushi,3.7,2,800,40,0.3
312639,"cafe, pizza",cafe,3.5,2,500,54,0.3
18381652,"north indian, mughlai",north indian,0.0,2,500,3,0.3
18440186,south indian,south indian,0.0,1,250,0,0.3
18421464,fast food,fast food,0.0,1,350,0,0.3
18440394,"south indian, chinese, fast food",south indian,0.0,1,350,0,0.3
18441680,"chinese, north indian",chinese,0.0,1,300,0,0.3
6122,"mughlai, fast food, north indian",mughlai,2.4,2,800,41,0.3
584,"north indian, south indian, street food, chinese, fast food, mithai",north indian,2.1,1,400,121,0.7142857142857143
4725,"north indian, chinese",north indian,2.2,2,500,120,0.3
18070486,"chinese, north indian, fast food, italian",chinese,4.1,2,800,675,0.3
3943,finger food,finger food,3.3,4,2000,20,0.3
3246,chinese,chinese,3.5,4,5000,114,0.3
4380,cafe,cafe,3.9,4,2000,90,0.3
6600,finger food,finger food,3.5,4,3000,39,0.3
3937,continental,continental,3.8,4,4500,273,0.3
3235,"continental, european, north indian, french",continental,4.0,4,4500,189,0.3
306815,north indian,north indian,3.5,3,1000,26,0.3
5869,"north indian, chinese",north indian,2.5,2,600,66,0.3
18273623,"north indian, mughlai, chinese",north indian,3.1,2,650,15,0.3
2997,"chinese, thai",chinese,3.1,2,650,81,0.3
3371,"north indian, street food, south indian, mithai",north indian,3.3,1,400,205,0.3
3003,"north indian, mughlai",north indian,3.1,3,1000,54,0.3
3004,"pizza, fast food",pizza,2.5,2,700,81,0.3
3744,"north indian, mughlai, chinese",north indian,3.2,2,650,67,0.3
9996,"ice cream, street food",ice cream,2.9,1,150,8,0.3
2999,"north indian, mughlai, chinese",north indian,2.6,3,1000,72,0.3
9929,"bakery, desserts, fast food",bakery,3.4,1,250,51,0.3
3002,"north indian, mughlai, chinese",north indian,3.2,2,700,75,0.3
5899,fast food,fast food,2.7,1,250,27,0.3
2995,"ice cream, desserts",ice cream,3.2,1,200,15,0.3
9316,"chinese, north indian, mithai, street food",chinese,2.6,1,400,32,0.3
311766,asian,asian,3.0,3,1500,7,0.3
3493,"north indian, chinese, mughlai",north indian,2.9,1,450,49,0.3
18027962,bakery,bakery,3.1,1,400,12,0.3
1407,"north indian, mithai, street food",north indian,2.6,2,500,26,0.3
1917,"mithai, street food",mithai,3.3,1,250,25,0.3
3497,"raw meats, north indian, fast food",raw meats,2.9,1,350,12,0.3
3494,"north indian, chinese, mughlai",north indian,2.5,2,850,55,0.3
18222557,"chinese, north indian",chinese,3.2,3,1000,18,0.3
1397,"north indian, mughlai, chinese, fast food",north indian,3.4,2,700,98,0.3
18346857,fast food,fast food,3.1,1,200,8,0.3
6222,"mithai, street food",mithai,2.9,1,350,6,0.3
5727,"raw meats, fast food",raw meats,2.7,1,400,10,0.3
776,"italian, pizza, bakery",italian,3.3,2,700,171,0.7593984962406015
305604,"american, fast food, salad, healthy food",american,3.2,2,500,66,0.3
18391309,cafe,cafe,3.1,2,600,11,0.3
18255171,"japanese, french",japanese,3.1,4,2200,10,0.3
313280,ice cream,ice cream,3.6,1,300,26,0.3
18279453,"cafe, desserts, bakery",cafe,3.5,2,500,14,0.3
9315,"south indian, fast food",south indian,3.8,1,400,330,0.3
18438416,"american, italian, bakery, deli, burger, sandwich, pizza",american,3.8,3,1000,25,0.3
303753,"american, continental, italian, bakery",american,3.7,4,2000,393,0.3
7515,"desserts, middle eastern, turkish",desserts,3.9,1,300,200,0.3
308195,"mughlai, north indian",mughlai,3.5,3,1800,148,0.3
306088,"north indian, mughlai, chinese",north indian,3.8,2,600,202,0.3
307223,"desserts, bakery",desserts,3.6,1,300,58,0.3
18472648,cafe,cafe,0.0,3,1000,2,0.3
658,cafe,cafe,2.3,1,450,52,0.8345864661654135
304931,"japanese, sushi",japanese,4.1,4,2900,665,0.3
18277165,asian,asian,4.1,4,2100,278,0.3
1819,"american, fast food",american,4.1,3,1000,3495,0.3
6203,"north indian, south indian, chinese",north indian,2.8,2,500,8,0.3
5840,chinese,chinese,3.0,1,450,63,0.3
307695,street food,street food,3.3,1,400,13,0.3
307693,"chinese, thai",chinese,2.7,2,500,19,0.3
301654,"north indian, chinese",north indian,3.1,2,700,55,0.3
307696,north indian,north indian,3.1,2,550,53,0.3
6202,north indian,north indian,2.9,1,300,13,0.3
300888,north indian,north indian,2.9,1,150,7,0.3
307694,"pizza, fast food",pizza,3.2,2,500,19,0.3
311470,"asian, chinese",asian,3.7,4,2000,131,0.3
307692,"bakery, desserts, fast food",bakery,3.6,1,200,25,0.3
4924,"north indian, mughlai",north indian,3.8,3,1000,194,0.3
302742,mughlai,mughlai,3.7,1,450,162,0.3
18471330,bakery,bakery,0.0,1,400,1,0.3
6269,mithai,mithai,0.0,1,250,2,0.3
18423145,north indian,north indian,0.0,1,400,0,0.3
18444040,chinese,chinese,0.0,1,300,0,0.3
18391691,"bengali, north indian",bengali,0.0,1,300,2,0.3
1188,"european, lebanese, mediterranean",european,4.2,4,2600,2549,0.3
7353,"north indian, mithai, south indian, street food, fast food",north indian,2.7,1,400,11,0.3
7365,north indian,north indian,2.9,1,200,5,0.3
303851,"north indian, south indian, chinese",north indian,2.9,3,1000,7,0.3
9097,mithai,mithai,2.7,1,200,14,0.3
7317,"mithai, north indian, south indian, chinese, street food",mithai,2.9,2,600,6,0.3
311067,"north indian, chinese",north indian,3.0,2,550,5,0.3
305201,chinese,chinese,3.2,1,300,17,0.3
18312458,"fast food, pizza",fast food,2.5,2,600,6,0.3
7332,north indian,north indian,3.1,2,600,16,0.3
305180,chinese,chinese,3.1,1,400,12,0.3
4312,"north indian, chinese, fast food",north indian,2.9,2,600,11,0.3
18356811,"north indian, chinese, mughlai",north indian,3.1,2,700,6,0.3
7315,"north indian, chinese",north indian,2.8,2,950,17,0.3
9145,"north indian, mughlai, chinese",north indian,3.0,2,800,22,0.3
18025111,"north indian, south indian, continental, fast food",north indian,3.0,2,550,5,0.3
303958,"fast food, north indian, bakery",fast food,3.1,2,500,8,0.3
4311,"north indian, mughlai, chinese, continental, fast food",north indian,2.8,2,900,10,0.3
7309,"north indian, fast food, biryani",north indian,2.9,2,500,15,0.3
7307,"north indian, chinese",north indian,2.9,2,900,6,0.3
4315,"biryani, chinese, north indian",biryani,2.8,1,300,5,0.3
305151,"north indian, chinese",north indian,2.9,2,550,5,0.3
7366,"north indian, chinese, mughlai, south indian",north indian,3.1,3,1000,16,0.3
9141,north indian,north indian,2.9,1,200,5,0.3
18333396,"north indian, chinese",north indian,2.9,1,450,6,0.3
7363,"north indian, chinese, continental, fast food",north indian,3.9,2,700,23,0.3
305181,"mithai, street food",mithai,0.0,1,150,0,0.3
18403469,north indian,north indian,0.0,2,500,0,0.3
18416845,north indian,north indian,0.0,1,350,0,0.3
302475,north indian,north indian,0.0,1,150,1,0.3
18489805,"burger, fast food",burger,0.0,1,200,1,0.3
302473,"fast food, chinese",fast food,0.0,1,250,0,0.3
18361932,"bakery, desserts",bakery,0.0,2,600,0,0.3
18414467,north indian,north indian,0.0,1,100,0,0.3
18358665,"cafe, north indian, continental",cafe,0.0,3,1000,0,0.3
18427203,"north indian, chinese, mughlai",north indian,0.0,2,600,0,0.3
18358663,north indian,north indian,0.0,1,150,0,0.3
18489807,"north indian, mughlai, chinese",north indian,0.0,1,300,0,0.3
305183,bakery,bakery,0.0,1,300,2,0.3
305153,"north indian, chinese, fast food",north indian,0.0,2,650,0,0.3
18372674,"north indian, mughlai, chinese",north indian,0.0,2,600,2,0.3
18356797,"north indian, mithai",north indian,0.0,1,300,1,0.3
18414511,"north indian, chinese",north indian,0.0,1,350,0,0.3
18408033,street food,street food,0.0,1,150,0,0.3
18358661,north indian,north indian,0.0,1,350,0,0.3
18180072,north indian,north indian,0.0,1,100,0,0.3
18311961,north indian,north indian,0.0,1,400,3,0.3
18416830,fast food,fast food,0.0,1,450,3,0.3
18357534,kerala,kerala,0.0,1,350,0,0.3
18356819,"north indian, chinese, south indian",north indian,0.0,1,250,0,0.3
18356795,"north indian, chinese",north indian,0.0,2,500,1,0.3
18357529,bakery,bakery,0.0,1,250,2,0.3
311666,"mughlai, north indian",mughlai,0.0,2,500,0,0.3
18357541,north indian,north indian,0.0,1,300,0,0.3
312970,north indian,north indian,0.0,1,300,0,0.3
305190,"north indian, biryani",north indian,0.0,1,150,2,0.3
303149,"north indian, chinese, fast food",north indian,0.0,2,500,1,0.3
18168164,"pizza, fast food",pizza,0.0,1,250,2,0.3
18489540,"south indian, nepalese",south indian,0.0,1,450,1,0.3
18268344,north indian,north indian,0.0,2,500,1,0.3
309219,north indian,north indian,0.0,1,450,2,0.3
9129,chinese,chinese,0.0,1,300,1,0.3
18358657,mughlai,mughlai,0.0,1,300,1,0.3
312972,"north indian, biryani",north indian,0.0,1,250,2,0.3
18415377,north indian,north indian,0.0,1,150,0,0.3
18489534,north indian,north indian,0.0,1,250,0,0.3
18313112,"north indian, mughlai, chinese",north indian,0.0,3,1000,0,0.3
18416842,biryani,biryani,0.0,1,350,0,0.3
7362,north indian,north indian,0.0,1,200,0,0.3
305189,"mithai, street food",mithai,0.0,1,150,1,0.3
3286,finger food,finger food,2.7,4,2000,17,0.3
4374,"european, north indian",european,3.4,4,3200,39,0.3
4373,"north indian, continental",north indian,3.3,4,3000,57,0.3
18232577,"chinese, north indian",chinese,3.0,2,500,8,0.3
18317502,cafe,cafe,3.2,2,500,13,0.3
18410770,"naga, chinese",naga,3.1,1,450,7,0.3
18303701,"tibetan, chinese",tibetan,3.1,1,450,8,0.3
18272391,"north indian, chinese",north indian,0.0,1,300,0,0.3
18422748,chinese,chinese,0.0,1,400,1,0.3
18424643,"tibetan, south indian, north indian",tibetan,0.0,1,400,0,0.3
18481209,"cafe, north eastern",cafe,0.0,2,600,0,0.3
304280,"tibetan, chinese",tibetan,0.0,1,400,3,0.3
18272389,tibetan,tibetan,0.0,2,500,0,0.3
18261164,"north indian, chinese, tibetan",north indian,0.0,2,550,0,0.3
18391757,ice cream,ice cream,0.0,1,250,0,0.3
18273526,chinese,chinese,0.0,1,300,0,0.3
309101,"tibetan, chinese, north indian",tibetan,0.0,1,400,0,0.3
18446419,nepalese,nepalese,0.0,1,300,0,0.3
18424639,"tibetan, chinese",tibetan,0.0,1,300,0,0.3
18446411,nepalese,nepalese,0.0,1,300,0,0.3
18424646,"cafe, tibetan",cafe,0.0,1,300,0,0.3
18261162,"tibetan, chinese",tibetan,0.0,2,600,1,0.3
18273530,"north indian, south indian, fast food",north indian,0.0,1,400,0,0.3
18446424,"nepalese, tibetan",nepalese,0.0,1,300,0,0.3
18272385,chinese,chinese,0.0,1,450,3,0.3
18424635,"asian, chinese",asian,0.0,2,500,0,0.3
18272376,"north indian, fast food",north indian,0.0,1,350,0,0.3
18368943,"tibetan, chinese, north indian",tibetan,0.0,2,600,1,0.3
308286,"north indian, mughlai",north indian,3.2,2,700,93,0.3
18261723,"burger, fast food",burger,3.3,1,400,78,0.3
18463424,"cafe, chinese",cafe,3.1,1,450,7,0.3
650,cafe,cafe,2.5,1,450,52,0.7368421052631579
1037,"mexican, italian, north indian, continental, asian",mexican,3.3,3,1550,191,0.3
6377,"bakery, desserts",bakery,3.4,2,500,75,0.3
311609,"street food, north indian",street food,3.3,1,350,51,0.3
18175252,"chinese, thai",chinese,3.3,2,650,35,0.3
309448,"north indian, mughlai",north indian,3.4,2,800,297,0.3
2863,"north indian, chinese, mughlai",north indian,3.2,2,800,245,0.3
5135,"north indian, chinese, mughlai",north indian,2.7,2,650,68,0.3
300828,"north indian, chinese",north indian,3.3,2,500,105,0.3
18238307,healthy food,healthy food,3.4,1,200,45,0.3
1040,"mughlai, north indian",mughlai,3.0,2,800,183,0.3
18285199,south indian,south indian,3.0,1,200,15,0.3
303423,"north indian, fast food, chinese",north indian,2.8,1,400,75,0.3
18354972,"chinese, tibetan",chinese,3.2,1,400,17,0.3
18332076,maharashtrian,maharashtrian,3.3,1,300,20,0.3
1406,"fast food, north indian",fast food,3.4,1,300,214,0.3
308444,"north indian, chinese",north indian,2.6,2,600,146,0.3
309452,"bakery, desserts, fast food",bakery,3.4,1,250,103,0.3
310312,"fast food, beverages",fast food,3.3,2,550,250,0.3
305162,"north indian, chinese, fast food",north indian,3.4,2,800,50,0.3
18471299,chinese,chinese,3.2,1,400,14,0.3
4855,"italian, pizza, fast food",italian,2.8,2,800,120,0.3
18272382,"north indian, chinese",north indian,3.0,2,700,34,0.3
313398,"street food, north indian",street food,3.3,1,150,62,0.3
307746,"fast food, north indian, chinese",fast food,3.4,2,500,218,0.3
3043,chinese,chinese,3.4,2,800,217,0.3
301190,"american, fast food, salad, healthy food",american,2.8,2,500,183,0.3
18233599,"cafe, italian, mexican, salad, desserts",cafe,3.4,2,850,155,0.3
1036,"north indian, mughlai, chinese",north indian,2.8,2,800,198,0.3
310665,"north indian, mughlai, chinese",north indian,3.4,2,600,485,0.3
18322671,"north indian, mughlai, chinese",north indian,3.2,2,600,134,0.3
18353692,"street food, fast food",street food,3.3,1,350,37,0.3
18365877,biryani,biryani,3.6,2,600,61,0.3
310848,"north indian, mughlai, chinese",north indian,3.5,2,900,226,0.3
18398602,"north indian, chinese, mughlai",north indian,3.9,2,500,100,0.3
18376472,"biryani, hyderabadi",biryani,3.9,3,1000,113,0.3
18455531,"burger, american, fast food",burger,3.9,2,850,50,0.3
18208912,chinese,chinese,3.8,2,650,306,0.3
2586,"north indian, chinese",north indian,3.5,2,750,361,0.3
301722,"burger, desserts, fast food",burger,3.6,2,600,290,0.3
18285729,"north indian, chinese",north indian,3.7,2,800,93,0.3
305526,south indian,south indian,3.7,1,400,370,0.3
18357542,"north indian, italian",north indian,3.8,2,700,55,0.3
18291199,"italian, chinese, continental, thai, mediterranean, lebanese",italian,3.7,2,600,132,0.3
5726,"ice cream, desserts",ice cream,3.7,1,400,145,0.3
302922,"mithai, street food",mithai,3.8,1,250,45,0.3
7658,"raw meats, north indian, fast food",raw meats,3.5,1,350,52,0.3
18286490,"italian, north indian, chinese, mughlai",italian,3.7,2,500,99,0.3
7654,fast food,fast food,3.6,1,150,82,0.3
18254534,"north indian, mughlai, chinese",north indian,3.5,2,850,99,0.3
9100,"mithai, street food",mithai,3.6,1,100,114,0.3
6475,"north indian, mughlai, chinese",north indian,3.6,2,650,427,0.3
300302,"chinese, thai",chinese,3.7,2,600,408,0.3
304302,"chinese, thai",chinese,3.5,2,700,60,0.3
306166,"chinese, tibetan, japanese",chinese,3.6,2,700,412,0.3
18345755,"thai, chinese, north indian",thai,3.9,3,1500,38,0.3
9751,"bakery, fast food",bakery,3.7,1,450,137,0.3
2867,"mughlai, north indian, chinese",mughlai,3.5,2,700,259,0.3
8346,"thai, japanese",thai,3.6,3,1500,148,0.3
305871,"chinese, thai",chinese,3.6,2,850,268,0.3
18425151,continental,continental,3.9,1,400,91,0.3
998,"asian, north indian, continental",asian,3.5,3,1500,104,0.7744360902255639
452,"north indian, chinese, seafood, chettinad",north indian,3.5,3,1500,168,0.7819548872180451
18163892,"north indian, continental, asian, chinese, thai",north indian,3.6,3,1000,305,0.3
18432219,"north indian, mughlai",north indian,3.8,2,650,75,0.3
18458339,"north indian, biryani, chinese, fast food",north indian,3.7,2,950,41,0.3
18375421,"healthy food, salad",healthy food,3.5,2,800,34,0.3
209,"pizza, fast food",pizza,2.3,2,700,185,0.6616541353383458
18428394,"north indian, mughlai, chinese",north indian,2.3,1,450,18,0.3
1030,"north indian, south indian, chinese, mughlai",north indian,2.4,2,550,137,0.3
7661,"north indian, mughlai, chinese",north indian,2.0,1,400,84,0.3
6179,"lucknowi, mughlai",lucknowi,2.2,2,600,182,0.3
18446475,"north indian, mughlai",north indian,4.4,2,700,84,0.3
311161,bihari,bihari,4.0,1,300,308,0.3
313206,"north indian, fast food",north indian,4.0,2,900,153,0.3
18334452,"cafe, american, italian",cafe,4.0,2,500,244,0.3
18253111,"cafe, bakery, parsi",cafe,4.1,2,700,84,0.3
18219545,"healthy food, salad",healthy food,4.0,2,800,255,0.3
18348970,"cafe, desserts",cafe,4.3,1,300,126,0.3
18334465,"sushi, japanese, healthy food",sushi,4.0,3,1000,53,0.3
18272370,"cafe, fast food, healthy food",cafe,4.1,1,250,135,0.3
311846,chinese,chinese,3.2,1,300,10,0.3
311432,chinese,chinese,3.3,1,300,47,0.3
304972,fast food,fast food,0.0,1,100,1,0.3
18356812,bakery,bakery,0.0,2,600,2,0.3
18294392,"north indian, continental",north indian,0.0,1,300,2,0.3
308489,north indian,north indian,0.0,2,500,2,0.3
313175,"north indian, chinese",north indian,4.2,3,1200,278,0.3
301842,north indian,north indian,3.2,1,300,20,0.3
311378,"raw meats, north indian, fast food",raw meats,2.7,1,350,7,0.3
301830,"south indian, chinese",south indian,3.0,1,350,6,0.3
18323144,"biryani, kerala",biryani,3.2,1,400,13,0.3
311377,"south indian, chinese",south indian,3.1,1,300,14,0.3
301848,"mithai, street food",mithai,2.9,1,150,18,0.3
307998,"pizza, fast food",pizza,3.0,1,250,6,0.3
5940,"bakery, fast food",bakery,3.1,1,450,7,0.3
301826,chinese,chinese,3.1,1,350,10,0.3
312923,"north indian, mughlai, chinese",north indian,3.2,2,700,21,0.3
301817,north indian,north indian,3.5,1,350,25,0.3
301820,"north indian, chinese",north indian,3.5,2,600,24,0.3
18460315,"chinese, north indian",chinese,0.0,1,300,3,0.3
301809,north indian,north indian,0.0,1,200,3,0.3
18368012,"north indian, chinese",north indian,0.0,1,450,2,0.3
18429423,fast food,fast food,2.6,1,300,4,0.3
6180,"chinese, north indian",chinese,3.2,1,450,19,0.3
301108,"mithai, street food",mithai,2.9,1,150,5,0.3
8105,north indian,north indian,2.9,1,150,7,0.3
313185,"north indian, mughlai, chinese",north indian,2.8,1,350,7,0.3
8109,north indian,north indian,2.9,1,300,4,0.3
304267,"desserts, street food",desserts,2.7,1,150,20,0.3
313351,ice cream,ice cream,3.1,1,300,13,0.3
309227,"north indian, chinese, mughlai",north indian,3.2,3,1100,51,0.3
18285695,"north indian, chinese",north indian,2.7,2,500,14,0.3
18146358,north indian,north indian,3.0,1,250,8,0.3
312715,"north indian, mughlai",north indian,2.7,2,750,29,0.3
311245,chinese,chinese,2.7,1,300,11,0.3
6173,chinese,chinese,2.7,1,350,28,0.3
301353,"bakery, fast food",bakery,2.6,1,150,25,0.3
300957,"north indian, mughlai, chinese",north indian,3.2,2,650,86,0.3
312703,"fast food, chinese",fast food,2.9,1,200,6,0.3
6183,"north indian, chinese",north indian,2.7,2,500,33,0.3
301037,bakery,bakery,3.1,1,200,34,0.3
8069,"mithai, street food",mithai,3.0,1,100,8,0.3
306107,"north indian, chinese, mughlai",north indian,3.1,2,900,77,0.3
308359,"raw meats, north indian, fast food",raw meats,3.2,1,350,24,0.3
18260604,north indian,north indian,2.7,1,250,14,0.3
6185,"north indian, mughlai, chinese",north indian,2.7,2,500,46,0.3
304259,"chinese, fast food",chinese,2.6,1,350,61,0.3
300959,"biryani, hyderabadi",biryani,2.7,2,650,60,0.3
18238249,"north indian, chinese",north indian,3.0,1,400,20,0.3
309346,kerala,kerala,3.3,1,300,45,0.3
307306,bakery,bakery,2.8,1,300,8,0.3
18203881,"american, asian, north indian, mexican, south indian",american,3.3,2,500,21,0.3
18138441,"street food, desserts",street food,2.9,1,250,5,0.3
8531,"bakery, fast food",bakery,3.0,1,100,22,0.3
18267785,"north indian, chinese",north indian,2.7,2,500,5,0.3
8110,"north indian, street food",north indian,2.9,1,250,5,0.3
18281964,north indian,north indian,3.0,1,400,4,0.3
2932,"north indian, chinese",north indian,2.6,2,600,53,0.3
6182,"raw meats, fast food",raw meats,2.8,1,400,11,0.3
18324529,fast food,fast food,3.3,1,350,58,0.3
308237,"bakery, desserts, fast food",bakery,2.8,1,350,15,0.3
311894,"chinese, fast food",chinese,3.1,1,300,26,0.3
300960,"south indian, chinese",south indian,3.0,1,200,18,0.3
308222,"south indian, chettinad",south indian,2.8,2,600,49,0.3
18258510,"north indian, mughlai",north indian,3.1,1,400,7,0.3
308526,"bakery, desserts",bakery,3.1,1,250,7,0.3
301118,"north indian, chinese",north indian,3.2,2,600,23,0.3
309551,"fast food, chinese",fast food,3.1,1,400,53,0.3
9736,"asian, thai, chinese, north indian",asian,3.1,4,2000,80,0.3
18022625,"chinese, north indian, south indian",chinese,3.4,2,550,33,0.3
18420679,"bakery, desserts",bakery,3.7,1,150,39,0.3
301361,"fast food, pizza, burger",fast food,3.6,2,500,165,0.3
312991,cafe,cafe,3.7,1,250,72,0.3
18277153,fast food,fast food,3.7,2,500,49,0.3
18273548,"mexican, north indian",mexican,3.7,2,550,57,0.3
18399818,"street food, fast food, chinese, south indian, north indian",street food,3.7,1,300,65,0.3
8062,north indian,north indian,0.0,1,150,1,0.3
304254,north indian,north indian,0.0,1,200,2,0.3
18469823,"bakery, desserts",bakery,0.0,1,300,0,0.3
18057803,"bakery, desserts",bakery,0.0,1,300,0,0.3
18208900,fast food,fast food,0.0,1,250,2,0.3
18420694,"north indian, mughlai",north indian,0.0,2,500,1,0.3
18438463,chinese,chinese,0.0,1,200,0,0.3
18317329,"north indian, chinese",north indian,0.0,1,400,0,0.3
18442896,"north indian, fast food",north indian,0.0,1,150,0,0.3
18494989,"cafe, beverages",cafe,0.0,1,200,0,0.3
18432170,"fast food, chinese",fast food,0.0,1,400,1,0.3
18489526,fast food,fast food,0.0,1,300,0,0.3
18375372,bakery,bakery,0.0,1,250,1,0.3
8108,north indian,north indian,0.0,1,450,3,0.3
6237,"north indian, mughlai",north indian,0.0,2,600,2,0.3
311993,"north indian, fast food",north indian,0.0,1,200,2,0.3
18479003,"north indian, mughlai, chinese",north indian,0.0,2,550,0,0.3
18472612,"north indian, south indian, chinese",north indian,0.0,1,200,0,0.3
18357972,north indian,north indian,0.0,1,300,0,0.3
18375388,mexican,mexican,0.0,1,300,3,0.3
18292453,north indian,north indian,0.0,1,200,0,0.3
18421494,south indian,south indian,0.0,1,150,0,0.3
8033,north indian,north indian,0.0,1,100,0,0.3
18360957,"bakery, desserts",bakery,0.0,1,300,0,0.3
18281993,south indian,south indian,0.0,1,200,1,0.3
18282003,bakery,bakery,0.0,1,150,3,0.3
18421492,"north indian, biryani",north indian,0.0,1,300,0,0.3
6190,cafe,cafe,2.4,1,450,49,0.3
2017,"north indian, chinese, fast food",north indian,2.4,2,500,76,0.3
308812,chinese,chinese,2.4,1,300,36,0.3
308848,"mithai, street food",mithai,3.1,1,100,12,0.3
301056,mithai,mithai,2.8,1,100,14,0.3
301692,"bakery, fast food",bakery,3.3,1,300,48,0.3
18265707,"north indian, chinese",north indian,3.2,1,350,12,0.3
18368006,chinese,chinese,2.9,1,300,4,0.3
18225277,"chinese, fast food",chinese,3.0,1,300,7,0.3
2936,"north indian, fast food",north indian,2.7,2,500,49,0.3
18291201,"street food, fast food",street food,3.0,1,300,5,0.3
3854,"north indian, biryani",north indian,2.5,2,500,25,0.3
308831,south indian,south indian,2.8,1,250,11,0.3
301062,fast food,fast food,3.2,1,250,44,0.3
5186,"north indian, street food",north indian,2.8,1,250,8,0.3
3851,north indian,north indian,3.1,2,500,22,0.3
305357,south indian,south indian,3.3,1,300,23,0.3
2019,"north indian, chinese, south indian, fast food",north indian,2.8,1,400,69,0.3
305370,"north indian, chinese",north indian,2.6,3,1000,94,0.3
301053,"north indian, fast food",north indian,3.1,1,400,81,0.3
308844,street food,street food,3.3,1,150,16,0.3
308839,street food,street food,3.6,1,50,32,0.3
18440191,street food,street food,3.5,1,150,16,0.3
18203185,cafe,cafe,3.7,1,400,79,0.3
301047,street food,street food,3.8,1,200,94,0.3
312492,cafe,cafe,3.9,2,500,254,0.3
4672,"chinese, fast food",chinese,3.7,1,400,410,0.3
311336,"north indian, chinese, continental, fast food",north indian,3.6,1,450,100,0.3
18379056,bakery,bakery,0.0,1,300,0,0.3
18440185,"fast food, raw meats",fast food,0.0,1,350,3,0.3
18440429,north indian,north indian,0.0,1,300,0,0.3
2942,"italian, pizza, bakery",italian,2.2,2,700,119,0.3
301103,"north indian, chinese",north indian,2.6,2,700,27,0.3
18292451,"north indian, mughlai",north indian,3.1,1,450,5,0.3
9740,"north indian, continental, chinese",north indian,3.0,2,900,25,0.3
301106,"north indian, chinese",north indian,2.8,1,300,4,0.3
6225,kerala,kerala,3.0,1,300,24,0.3
301120,"chinese, fast food",chinese,3.0,1,400,30,0.3
307850,"north indian, south indian, chinese",north indian,2.8,1,400,19,0.3
18292449,"american, fast food",american,2.6,1,400,35,0.3
301116,north indian,north indian,3.3,1,450,28,0.3
8462,mithai,mithai,2.7,1,100,11,0.3
309599,"pizza, fast food",pizza,2.7,2,500,29,0.3
309499,north indian,north indian,3.0,1,200,6,0.3
300958,north indian,north indian,3.0,1,200,6,0.3
301105,chinese,chinese,2.9,1,300,9,0.3
311228,north indian,north indian,2.9,1,400,5,0.3
6226,north indian,north indian,2.8,1,250,10,0.3
311229,north indian,north indian,2.9,2,500,4,0.3
306555,"chinese, north indian",chinese,3.3,2,900,26,0.3
301110,fast food,fast food,3.0,1,150,13,0.3
304986,fast food,fast food,3.5,2,500,90,0.3
311256,north indian,north indian,0.0,1,300,3,0.3
307847,north indian,north indian,0.0,1,100,1,0.3
18376492,bakery,bakery,0.0,1,200,2,0.3
6216,north indian,north indian,0.0,1,300,1,0.3
313360,"north indian, chinese",north indian,0.0,1,200,2,0.3
18490756,"continental, italian, fast food",continental,0.0,1,300,1,0.3
18375376,mughlai,mughlai,0.0,2,500,3,0.3
18089212,biryani,biryani,0.0,1,300,1,0.3
18375395,pizza,pizza,0.0,1,300,0,0.3
18237719,"continental, north indian, south indian",continental,0.0,2,500,1,0.3
18082236,north indian,north indian,0.0,1,250,2,0.3
18375383,north indian,north indian,0.0,2,500,0,0.3
309979,"raw meats, north indian, fast food",raw meats,3.0,1,350,7,0.3
18025093,"north indian, south indian",north indian,2.9,1,400,4,0.3
307990,north indian,north indian,2.9,1,250,9,0.3
309517,"north indian, chinese",north indian,2.9,1,400,6,0.3
18489842,cafe,cafe,0.0,2,500,0,0.3
18350159,mughlai,mughlai,0.0,1,300,1,0.3
18375201,"north indian, chinese, continental",north indian,0.0,2,700,0,0.3
18025127,"bakery, desserts, fast food",bakery,0.0,1,250,2,0.3
18478990,"north indian, fast food",north indian,0.0,1,250,0,0.3
18433297,"chinese, fast food",chinese,0.0,1,200,0,0.3
18472695,"chinese, fast food",chinese,0.0,1,200,0,0.3
18415339,north indian,north indian,0.0,2,500,3,0.3
311683,chinese,chinese,0.0,1,400,1,0.3
313073,"ice cream, desserts",ice cream,0.0,1,400,3,0.3
18415338,fast food,fast food,0.0,1,200,0,0.3
18168122,south indian,south indian,0.0,1,250,0,0.3
18478992,"chinese, north indian",chinese,0.0,1,300,0,0.3
18168124,chinese,chinese,0.0,1,250,1,0.3
18414506,north indian,north indian,0.0,2,600,1,0.3
18409207,"fast food, north indian",fast food,0.0,1,300,0,0.3
6341,"fast food, burger",fast food,3.4,2,500,91,0.3
1951,"north indian, mughlai, chinese",north indian,3.2,3,1000,151,0.3
250,"italian, pizza, fast food",italian,2.8,3,1000,83,0.7368421052631579
312753,"north indian, mughlai",north indian,2.9,2,700,4,0.3
312983,north indian,north indian,3.0,2,500,4,0.3
18492029,"mughlai, north indian",mughlai,0.0,1,400,0,0.3
18489541,"mithai, south indian, street food",mithai,0.0,1,250,0,0.3
18486862,ice cream,ice cream,0.0,1,300,1,0.3
18492025,"mithai, north indian, south indian, chinese, street food, bakery",mithai,0.0,1,400,0,0.3
18352672,"north indian, fast food",north indian,0.0,1,150,0,0.3
18489825,bakery,bakery,0.0,1,200,0,0.3
18340302,"bakery, desserts",bakery,0.0,2,600,0,0.3
18489819,chinese,chinese,0.0,1,150,0,0.3
18175297,north indian,north indian,0.0,1,350,2,0.3
18034037,"raw meats, north indian, fast food",raw meats,0.0,1,350,0,0.3
18175282,"raw meats, north indian, fast food",raw meats,0.0,1,350,3,0.3
18489532,"mughlai, north indian",mughlai,0.0,1,200,0,0.3
18277178,north indian,north indian,0.0,1,200,1,0.3
18408079,north indian,north indian,0.0,2,500,2,0.3
18232989,"north indian, chinese",north indian,0.0,1,200,0,0.3
18492033,mughlai,mughlai,0.0,1,350,0,0.3
18489832,north indian,north indian,0.0,1,100,0,0.3
18467388,japanese,japanese,0.0,3,1000,0,0.3
18175299,"mithai, bakery, north indian",mithai,0.0,1,200,1,0.3
18337908,"north indian, chinese, italian",north indian,0.0,3,1200,1,0.3
18463608,fast food,fast food,0.0,1,400,2,0.3
18489836,north indian,north indian,0.0,1,250,0,0.3
18277163,north indian,north indian,0.0,1,250,2,0.3
18489545,north indian,north indian,0.0,1,200,0,0.3
18277176,"chinese, north indian, south indian",chinese,0.0,1,250,1,0.3
18175278,north indian,north indian,0.0,1,250,1,0.3
18489808,"chinese, north indian",chinese,0.0,1,200,2,0.3
18446867,bakery,bakery,0.0,2,500,0,0.3
18486879,"north indian, street food, fast food",north indian,0.0,1,200,0,0.3
18489852,north indian,north indian,0.0,1,200,0,0.3
18489804,"fast food, north indian, south indian",fast food,0.0,1,150,0,0.3
18489802,"mughlai, north indian",mughlai,0.0,1,350,0,0.3
3207,"north indian, chinese, italian, finger food",north indian,3.4,4,2000,220,0.3
4752,"north indian, european, chinese",north indian,3.4,4,2100,570,0.3
4830,"chinese, thai",chinese,3.8,3,1100,565,0.3
4341,"north indian, mughlai",north indian,3.5,4,2200,498,0.3
307237,"cafe, beverages",cafe,4.1,2,700,92,0.3
18260028,"north indian, chinese",north indian,3.2,3,1200,20,0.3
18317481,finger food,finger food,0.0,4,2000,2,0.3
18317473,finger food,finger food,0.0,3,1000,0,0.3
18317479,finger food,finger food,0.0,4,2000,0,0.3
18317476,finger food,finger food,0.0,4,2000,1,0.3
18317483,cafe,cafe,0.0,3,1000,0,0.3
312576,"chinese, fast food",chinese,3.8,1,350,727,0.3
5347,fast food,fast food,3.2,1,250,62,0.3
300945,"fast food, beverages",fast food,2.6,1,400,52,0.3
300934,mithai,mithai,3.2,1,200,16,0.3
3223,"pizza, fast food",pizza,2.8,2,700,94,0.3
307554,"ice cream, desserts",ice cream,2.9,1,400,39,0.3
967,"north indian, chinese, fast food",north indian,3.3,2,800,255,0.6917293233082706
6196,"north indian, mughlai, chinese",north indian,2.7,3,1200,47,0.3
18381220,"salad, healthy food, burger, italian, continental, chinese, north indian, beverages",salad,3.1,1,400,25,0.3
2491,chinese,chinese,3.1,2,500,16,0.3
1041,chinese,chinese,3.1,2,500,105,0.3
982,"north indian, mughlai, chinese",north indian,3.0,2,700,12,0.6766917293233082
18352186,beverages,beverages,3.1,1,400,17,0.3
9380,"mithai, south indian",mithai,3.3,1,200,32,0.3
1303,"north indian, chinese",north indian,3.4,2,850,101,0.3
18168462,"fast food, street food",fast food,3.2,1,300,8,0.3
311734,"american, fast food, salad, healthy food",american,3.4,2,500,68,0.3
2291,chinese,chinese,2.7,1,450,20,0.3
9427,street food,street food,3.7,1,100,78,0.3
5874,desserts,desserts,3.5,1,300,62,0.3
3375,"north indian, fast food, street food",north indian,3.7,1,300,142,0.3
312353,bakery,bakery,3.5,1,300,41,0.3
180,"fast food, burger",fast food,3.6,2,500,122,0.7368421052631579
18057822,pizza,pizza,3.5,1,300,20,0.3
6607,"bakery, fast food",bakery,3.7,1,300,128,0.3
18247031,"north indian, chinese, continental, italian",north indian,4.1,3,1600,155,0.3
18264447,"north indian, mughlai",north indian,3.3,2,600,28,0.3
300911,bakery,bakery,3.2,1,200,15,0.3
4090,north indian,north indian,3.2,1,400,21,0.3
5729,chinese,chinese,2.7,1,400,9,0.3
309704,"raw meats, fast food, north indian",raw meats,2.8,1,150,13,0.3
964,chinese,chinese,3.3,2,800,97,0.6842105263157895
307333,"raw meats, north indian, fast food",raw meats,3.5,1,350,38,0.3
5765,street food,street food,3.8,1,250,234,0.3
18037821,bakery,bakery,0.0,1,300,3,0.3
18400738,"north indian, chinese, continental, italian",north indian,4.3,3,1200,113,0.3
307730,north indian,north indian,3.4,1,400,33,0.3
305251,cafe,cafe,3.1,2,650,18,0.3
312087,ice cream,ice cream,3.1,1,300,6,0.3
18070503,"street food, south indian, chinese",street food,2.7,2,500,31,0.3
18454460,"burger, fast food",burger,3.3,2,500,19,0.3
18419902,"chinese, fast food",chinese,3.2,1,300,13,0.3
307356,pizza,pizza,2.9,2,800,48,0.3
8580,desserts,desserts,3.1,1,300,25,0.3
18324914,south indian,south indian,3.2,1,400,13,0.3
300473,"north indian, mughlai",north indian,3.3,2,700,79,0.3
306250,"north indian, mughlai",north indian,3.2,2,600,32,0.3
18356784,beverages,beverages,3.3,1,400,11,0.3
8373,"american, fast food",american,2.6,2,500,87,0.3
308101,"north indian, street food",north indian,3.3,1,350,28,0.3
8840,"american, fast food, salad, healthy food",american,2.6,2,500,69,0.3
18228870,"tibetan, chinese",tibetan,3.2,1,350,41,0.3
7066,"chinese, thai",chinese,3.5,3,1100,120,0.3
305479,"burger, desserts, fast food",burger,3.5,2,600,107,0.3
8845,"ice cream, desserts",ice cream,3.5,1,400,33,0.3
7509,"finger food, north indian",finger food,3.8,3,1200,371,0.3
302715,"north indian, italian, chinese",north indian,2.4,3,1000,96,0.3
18241509,"cafe, tea",cafe,4.1,1,400,60,0.3
18277003,"chinese, north indian, fast food, italian",chinese,4.1,2,800,137,0.3
7547,"mughlai, north indian, chinese",mughlai,2.6,2,700,34,0.3
301236,"chinese, fast food",chinese,2.9,1,250,22,0.3
18082630,north indian,north indian,3.3,2,750,27,0.3
7548,"north indian, mughlai",north indian,3.6,2,600,62,0.3
310419,"bakery, desserts, fast food",bakery,3.5,1,350,57,0.3
4634,north indian,north indian,3.1,1,300,15,0.3
18228874,"north indian, fast food",north indian,3.1,2,700,17,0.3
18433904,bakery,bakery,3.2,1,400,10,0.3
312145,"fast food, burger",fast food,3.1,1,300,21,0.3
304585,"chinese, north indian",chinese,2.5,2,500,20,0.3
312916,street food,street food,3.1,1,150,7,0.3
313006,"north indian, mughlai",north indian,3.0,2,500,5,0.3
305861,ice cream,ice cream,3.2,1,150,7,0.3
9026,"north indian, mughlai",north indian,3.4,2,700,57,0.3
309178,"bakery, fast food",bakery,3.2,1,300,31,0.3
18249097,north indian,north indian,3.0,2,600,6,0.3
308880,"north indian, mughlai, fast food",north indian,2.9,2,550,8,0.3
18382113,mughlai,mughlai,3.0,2,500,4,0.3
18241861,"north indian, chinese, fast food",north indian,3.0,2,900,8,0.3
310162,"chinese, north indian",chinese,3.1,2,500,9,0.3
303589,"bakery, desserts",bakery,2.9,1,200,5,0.3
311459,"north indian, fast food",north indian,3.4,1,400,25,0.3
9053,street food,street food,3.8,1,100,85,0.3
312893,"north indian, chinese",north indian,3.5,2,500,53,0.3
18273640,fast food,fast food,3.7,1,200,39,0.3
308130,ice cream,ice cream,3.7,1,150,39,0.3
5663,"seafood, north indian",seafood,3.6,2,700,99,0.3
18247005,south indian,south indian,3.6,1,400,20,0.3
18449827,fast food,fast food,0.0,1,200,0,0.3
18342574,north indian,north indian,0.0,2,500,0,0.3
18391689,street food,street food,0.0,1,250,0,0.3
304573,"fast food, chinese",fast food,0.0,1,350,0,0.3
304586,north indian,north indian,0.0,1,200,2,0.3
18449629,"ice cream, desserts",ice cream,0.0,1,400,0,0.3
18451179,"chinese, fast food",chinese,0.0,1,300,0,0.3
18451158,"burger, pizza, fast food",burger,0.0,1,250,0,0.3
18451166,"chinese, fast food",chinese,0.0,1,250,0,0.3
18238245,"north indian, chinese",north indian,0.0,2,500,1,0.3
308110,north indian,north indian,0.0,1,400,0,0.3
312213,"north indian, chinese",north indian,0.0,2,600,3,0.3
18410370,street food,street food,0.0,1,100,0,0.3
18236975,north indian,north indian,0.0,2,500,0,0.3
18471517,"asian, north indian, mughlai",asian,0.0,2,700,1,0.3
304469,mithai,mithai,0.0,1,100,0,0.3
18451144,fast food,fast food,0.0,1,200,0,0.3
4084,fast food,fast food,2.9,1,200,4,0.3
310947,mithai,mithai,3.0,1,100,5,0.3
310989,bakery,bakery,2.9,1,200,5,0.3
18358295,fast food,fast food,3.0,1,300,4,0.3
18317756,"north indian, chinese",north indian,3.1,1,300,8,0.3
310936,"ice cream, desserts",ice cream,3.1,1,300,9,0.3
308796,"raw meats, north indian, fast food",raw meats,3.1,1,350,14,0.3
18460320,lebanese,lebanese,3.0,1,200,6,0.3
18241893,mughlai,mughlai,3.0,1,350,4,0.3
18363053,"north indian, south indian, chinese",north indian,3.0,1,400,4,0.3
310997,"south indian, chinese",south indian,2.7,1,450,11,0.3
6629,street food,street food,3.1,1,100,12,0.3
302685,"south indian, chinese, fast food, mithai",south indian,2.8,1,200,11,0.3
18241860,fast food,fast food,3.1,1,250,7,0.3
2920,fast food,fast food,3.1,1,200,10,0.3
18238281,beverages,beverages,3.1,1,150,6,0.3
18204485,"north indian, chinese",north indian,3.0,1,400,4,0.3
18126086,"north indian, chinese",north indian,3.1,2,500,8,0.3
9031,north indian,north indian,3.0,1,100,14,0.3
18254532,north indian,north indian,3.0,1,200,11,0.3
18380219,"chinese, north indian",chinese,3.1,2,700,5,0.3
18258473,chinese,chinese,2.6,1,250,6,0.3
303602,"chinese, tibetan",chinese,2.9,1,400,11,0.3
18396163,"north indian, mughlai",north indian,3.5,1,400,14,0.3
18485962,north indian,north indian,0.0,1,100,0,0.3
18421485,north indian,north indian,0.0,1,100,0,0.3
18363044,"mithai, street food",mithai,0.0,1,100,0,0.3
18424171,"north indian, chinese, south indian",north indian,0.0,1,300,0,0.3
18363051,"north indian, mughlai",north indian,0.0,1,400,1,0.3
18449788,north indian,north indian,0.0,1,200,3,0.3
18466410,street food,street food,0.0,1,50,0,0.3
18107851,bakery,bakery,0.0,1,300,1,0.3
18466408,north indian,north indian,0.0,1,400,0,0.3
18466400,north indian,north indian,0.0,1,300,0,0.3
18361765,north indian,north indian,0.0,1,200,0,0.3
18424169,"north indian, mughlai, chinese",north indian,0.0,2,700,1,0.3
18449653,north indian,north indian,0.0,1,100,0,0.3
18449786,north indian,north indian,0.0,1,100,0,0.3
18466675,north indian,north indian,0.0,1,200,0,0.3
18449647,fast food,fast food,0.0,1,300,0,0.3
18361779,north indian,north indian,0.0,1,100,0,0.3
18363048,chinese,chinese,0.0,1,200,1,0.3
310954,mughlai,mughlai,0.0,1,250,1,0.3
312413,north indian,north indian,0.0,1,200,0,0.3
18361767,north indian,north indian,0.0,1,150,0,0.3
18421473,chinese,chinese,0.0,1,300,1,0.3
310995,chinese,chinese,0.0,1,250,2,0.3
18421475,"north eastern, north indian, chinese",north eastern,0.0,1,150,1,0.3
18418268,north indian,north indian,0.0,1,100,1,0.3
18421459,"south indian, chinese",south indian,0.0,1,200,0,0.3
18361771,north indian,north indian,0.0,1,300,0,0.3
18241864,north indian,north indian,0.0,1,100,0,0.3
18449657,north indian,north indian,0.0,2,500,0,0.3
18396177,"italian, fast food",italian,0.0,1,350,0,0.3
18449639,"north indian, chinese",north indian,0.0,1,300,0,0.3
18357954,north indian,north indian,0.0,1,300,0,0.3
310965,north indian,north indian,0.0,1,150,2,0.3
18418278,north indian,north indian,0.0,1,100,1,0.3
18449664,north indian,north indian,0.0,1,200,0,0.3
18480435,fast food,fast food,0.0,1,100,3,0.3
311009,north indian,north indian,0.0,2,500,3,0.3
310988,"street food, north indian",street food,0.0,1,50,0,0.3
18421461,juices,juices,0.0,1,100,0,0.3
310952,fast food,fast food,0.0,1,50,0,0.3
18449667,north indian,north indian,0.0,1,200,0,0.3
18449661,north indian,north indian,0.0,1,100,0,0.3
18449643,"beverages, fast food",beverages,0.0,1,150,0,0.3
300791,fast food,fast food,0.0,1,200,1,0.3
300264,biryani,biryani,2.8,1,250,22,0.3
18425751,north indian,north indian,3.2,1,350,11,0.3
7388,"fast food, street food, chinese",fast food,2.9,1,250,8,0.3
311485,"raw meats, north indian, fast food",raw meats,2.9,1,350,10,0.3
2870,"chinese, fast food",chinese,3.3,1,400,86,0.3
18397908,"north eastern, north indian",north eastern,3.0,3,1000,6,0.3
312765,"chinese, north indian",chinese,3.2,2,500,12,0.3
5879,"north indian, mughlai, chinese",north indian,3.4,2,600,135,0.3
304621,"mithai, street food",mithai,3.3,1,200,16,0.3
18472788,cafe,cafe,2.9,2,500,4,0.3
309510,"fast food, pizza",fast food,2.9,1,350,10,0.3
300259,fast food,fast food,2.8,1,200,7,0.3
310430,"north indian, mughlai",north indian,2.8,2,700,17,0.3
300273,chinese,chinese,2.7,1,250,16,0.3
7393,"south indian, north indian, fast food",south indian,2.8,1,250,12,0.3
311451,"american, fast food, salad, healthy food",american,3.4,2,500,78,0.3
7240,chinese,chinese,2.9,1,400,20,0.3
300268,"north indian, chinese",north indian,2.7,2,650,66,0.3
310328,"chinese, thai",chinese,3.5,1,400,27,0.3
309471,"chinese, north indian",chinese,3.5,1,400,21,0.3
18383522,"bakery, desserts",bakery,3.7,2,550,21,0.3
18424615,"mithai, street food",mithai,0.0,1,100,1,0.3
18425758,"mithai, street food",mithai,0.0,1,150,2,0.3
18425178,"awadhi, mughlai",awadhi,0.0,1,100,0,0.3
18354994,"chinese, north indian",chinese,0.0,1,400,0,0.3
18146362,"continental, chinese, north indian",continental,0.0,1,400,3,0.3
18425175,chinese,chinese,0.0,1,300,0,0.3
18225831,bakery,bakery,0.0,1,300,3,0.3
18354988,"north indian, chinese",north indian,0.0,1,300,0,0.3
18425772,fast food,fast food,0.0,1,100,0,0.3
18354998,north indian,north indian,0.0,1,100,0,0.3
18354992,street food,street food,0.0,1,200,1,0.3
309509,chinese,chinese,0.0,1,300,1,0.3
18423905,north indian,north indian,0.0,1,200,0,0.3
18357566,"bakery, desserts",bakery,0.0,1,200,2,0.3
18425768,bakery,bakery,0.0,1,100,0,0.3
18025119,mughlai,mughlai,0.0,1,300,0,0.3
18472683,south indian,south indian,0.0,1,400,0,0.3
18425739,bakery,bakery,0.0,1,100,1,0.3
18468524,"chinese, continental, north indian",chinese,0.0,1,250,0,0.3
18354996,chinese,chinese,0.0,2,500,0,0.3
18229077,tibetan,tibetan,0.0,1,300,2,0.3
300275,"north indian, chinese",north indian,2.3,2,500,32,0.3
9251,north indian,north indian,2.9,1,150,4,0.3
18471235,north indian,north indian,0.0,1,250,0,0.3
306695,mithai,mithai,0.0,1,100,1,0.3
9281,mithai,mithai,0.0,1,200,1,0.3
18432222,"tibetan, chinese",tibetan,0.0,1,400,0,0.3
18471254,"north indian, fast food",north indian,0.0,1,200,0,0.3
18371414,"mughlai, north indian",mughlai,0.0,1,300,0,0.3
306678,mithai,mithai,0.0,1,100,0,0.3
18371416,"bakery, chinese",bakery,0.0,1,200,0,0.3
18361199,"mithai, south indian, street food",mithai,0.0,1,200,0,0.3
312620,"desserts, fast food",desserts,0.0,1,150,1,0.3
18432206,chinese,chinese,0.0,2,500,1,0.3
311394,bakery,bakery,0.0,1,250,2,0.3
18471270,"fast food, mughlai",fast food,0.0,1,350,0,0.3
313349,"north indian, chinese",north indian,0.0,1,400,3,0.3
18359302,"chinese, fast food",chinese,0.0,1,250,0,0.3
18352287,chinese,chinese,0.0,1,300,0,0.3
9262,"chinese, fast food",chinese,0.0,1,300,2,0.3
18469981,north indian,north indian,0.0,1,250,0,0.3
18349922,"north indian, chinese, south indian",north indian,0.0,1,400,1,0.3
18432214,mughlai,mughlai,0.0,1,400,0,0.3
310357,"south indian, fast food, north indian, chinese",south indian,0.0,1,250,2,0.3
18429155,"raw meats, north indian, fast food",raw meats,0.0,1,350,0,0.3
18471319,"bakery, chinese",bakery,0.0,1,250,0,0.3
18471263,"chinese, fast food, north indian",chinese,0.0,1,350,0,0.3
18432200,north indian,north indian,0.0,2,700,0,0.3
18430911,"chinese, fast food",chinese,0.0,1,300,0,0.3
18354672,north indian,north indian,0.0,1,150,0,0.3
18352275,chinese,chinese,0.0,1,250,0,0.3
303500,"mithai, street food",mithai,0.0,1,100,2,0.3
18431998,"fast food, north indian",fast food,0.0,1,200,0,0.3
18430900,bakery,bakery,0.0,1,400,0,0.3
18313125,"north indian, chinese, street food",north indian,0.0,1,200,0,0.3
18430579,chinese,chinese,0.0,1,300,0,0.3
8957,north indian,north indian,0.0,1,200,1,0.3
9635,"street food, south indian, mithai",street food,0.0,1,200,2,0.3
18352288,"fast food, south indian, mithai",fast food,0.0,1,400,0,0.3
18349914,"pizza, fast food, bakery",pizza,0.0,1,200,1,0.3
18430569,"north indian, mughlai",north indian,0.0,2,800,0,0.3
18361211,chinese,chinese,0.0,1,150,0,0.3
18471287,fast food,fast food,0.0,1,200,0,0.3
304393,north indian,north indian,0.0,1,250,2,0.3
18361217,north indian,north indian,0.0,1,250,0,0.3
5483,north indian,north indian,0.0,1,150,2,0.3
9271,north indian,north indian,0.0,1,50,0,0.3
304610,north indian,north indian,0.0,1,300,0,0.3
303537,"mithai, chinese",mithai,0.0,1,150,1,0.3
18430576,mughlai,mughlai,0.0,1,200,0,0.3
304405,"mithai, street food",mithai,0.0,1,100,0,0.3
18471313,mughlai,mughlai,0.0,1,300,0,0.3
306710,north indian,north indian,0.0,1,100,0,0.3
18430570,street food,street food,0.0,1,150,0,0.3
303497,north indian,north indian,0.0,1,150,0,0.3
18270343,"north indian, chinese, continental",north indian,0.0,2,600,1,0.3
18361200,"north indian, chinese",north indian,0.0,1,300,0,0.3
18261678,north indian,north indian,0.0,1,350,1,0.3
18317507,north indian,north indian,0.0,1,350,1,0.3
9269,north indian,north indian,0.0,1,400,2,0.3
18363067,mithai,mithai,0.0,1,200,1,0.3
18371421,chinese,chinese,0.0,1,150,1,0.3
304809,mithai,mithai,0.0,1,100,0,0.3
304769,"mithai, street food",mithai,0.0,1,100,1,0.3
304803,"mithai, street food",mithai,0.0,1,100,1,0.3
18261151,"north indian, chinese, mughlai",north indian,0.0,1,400,0,0.3
18464636,fast food,fast food,0.0,1,250,0,0.3
18017260,north indian,north indian,0.0,1,300,0,0.3
304753,"fast food, bakery",fast food,0.0,1,200,0,0.3
18464641,north indian,north indian,0.0,1,350,0,0.3
304822,"mithai, street food",mithai,0.0,1,100,0,0.3
18312665,north indian,north indian,0.0,2,650,0,0.3
9181,"bakery, pizza",bakery,0.0,1,100,0,0.3
18435332,"mithai, street food, north indian",mithai,0.0,1,450,0,0.3
18261710,"chinese, north indian",chinese,0.0,1,400,0,0.3
18312662,street food,street food,0.0,1,100,0,0.3
18322599,"north indian, south indian, chinese",north indian,0.0,1,350,0,0.3
9226,"bakery, desserts",bakery,0.0,1,100,0,0.3
18434072,"north indian, chinese",north indian,0.0,1,200,0,0.3
305699,north indian,north indian,0.0,1,100,0,0.3
9194,bakery,bakery,0.0,1,100,0,0.3
304888,"south indian, pizza, chinese",south indian,0.0,1,150,0,0.3
306177,north indian,north indian,0.0,1,200,0,0.3
18261708,"north indian, chinese",north indian,0.0,1,400,0,0.3
9173,mithai,mithai,0.0,1,100,0,0.3
304831,north indian,north indian,0.0,1,200,0,0.3
9176,north indian,north indian,0.0,1,100,1,0.3
18233572,"north indian, chinese",north indian,0.0,1,250,1,0.3
18464649,"chinese, bakery",chinese,0.0,1,300,0,0.3
18375389,"italian, fast food, south indian",italian,0.0,1,300,0,0.3
18466387,"street food, fast food",street food,0.0,1,250,0,0.3
304782,north indian,north indian,0.0,1,150,0,0.3
18261719,"south indian, north indian, chinese",south indian,0.0,1,350,0,0.3
18466389,biryani,biryani,0.0,1,250,0,0.3
18378051,north indian,north indian,0.0,1,350,0,0.3
7484,north indian,north indian,0.0,1,150,1,0.3
18464634,"chinese, fast food",chinese,0.0,1,250,0,0.3
18464647,"fast food, north indian",fast food,0.0,1,200,0,0.3
18371391,street food,street food,0.0,1,100,0,0.3
18017240,north indian,north indian,0.0,1,200,1,0.3
18464640,pizza,pizza,0.0,1,350,0,0.3
18261161,"north indian, mughlai",north indian,0.0,1,400,0,0.3
18464638,"north indian, fast food",north indian,0.0,1,300,0,0.3
302694,mithai,mithai,3.0,1,150,8,0.3
18358184,"north indian, mughlai",north indian,3.4,2,500,23,0.3
8715,"south indian, street food, desserts",south indian,3.0,1,200,7,0.3
641,cafe,cafe,2.6,1,450,23,0.5939849624060151
308033,chinese,chinese,2.9,1,300,4,0.3
307099,"desserts, bakery",desserts,3.2,1,150,15,0.3
18312575,"south indian, north indian",south indian,3.0,2,500,4,0.3
18312652,"north indian, south indian, chinese",north indian,3.1,1,350,13,0.3
310666,"chinese, north indian",chinese,2.8,2,750,8,0.3
7434,"desserts, ice cream, fast food",desserts,3.0,1,200,7,0.3
305859,bakery,bakery,3.0,1,200,4,0.3
308037,"raw meats, north indian, fast food",raw meats,3.2,1,350,16,0.3
18435837,fast food,fast food,3.2,1,300,10,0.3
18441658,street food,street food,3.4,1,150,13,0.3
558,"north indian, chinese, fast food",north indian,2.8,2,900,12,0.7894736842105263
300485,north indian,north indian,2.8,1,250,12,0.3
7416,north indian,north indian,3.3,1,150,30,0.3
301927,north indian,north indian,3.1,1,100,10,0.3
18288199,"continental, european, north indian",continental,3.1,3,1100,15,0.3
301931,south indian,south indian,2.8,1,150,12,0.3
311385,"chinese, north indian",chinese,2.6,2,600,32,0.3
18175322,"north indian, mughlai",north indian,3.0,1,120,7,0.3
7419,north indian,north indian,2.8,1,200,20,0.3
9280,desserts,desserts,3.1,1,150,21,0.3
18241874,"north indian, mughlai, awadhi",north indian,3.2,1,350,14,0.3
303250,"fast food, north indian",fast food,2.8,1,300,14,0.3
313163,"bakery, desserts",bakery,0.0,1,200,0,0.3
18398504,mithai,mithai,0.0,1,100,0,0.3
301932,"desserts, street food",desserts,0.0,1,200,1,0.3
18312572,north indian,north indian,0.0,1,200,0,0.3
18371399,"bengali, chinese",bengali,0.0,1,150,0,0.3
18431177,biryani,biryani,0.0,1,200,0,0.3
18371405,"fast food, chinese",fast food,0.0,1,150,0,0.3
312926,chinese,chinese,0.0,1,300,1,0.3
18349241,north indian,north indian,0.0,1,200,0,0.3
18431181,chinese,chinese,0.0,1,300,0,0.3
18431187,chinese,chinese,0.0,1,400,0,0.3
18393288,"raw meats, fast food",raw meats,0.0,1,300,0,0.3
8718,"fast food, desserts",fast food,0.0,1,150,2,0.3
18462571,"chinese, fast food",chinese,0.0,1,200,0,0.3
18460302,north indian,north indian,0.0,1,300,0,0.3
18431183,north indian,north indian,0.0,1,250,1,0.3
301925,north indian,north indian,0.0,1,100,1,0.3
301885,north indian,north indian,0.0,1,300,3,0.3
18295497,"mithai, street food",mithai,0.0,1,100,2,0.3
18460299,chinese,chinese,0.0,1,300,0,0.3
1973,"north indian, fast food",north indian,0.0,2,600,2,0.3
18369770,chinese,chinese,0.0,1,150,0,0.3
312848,north indian,north indian,0.0,1,250,0,0.3
18474850,"raw meats, fast food, north indian",raw meats,0.0,1,150,0,0.3
18429186,mughlai,mughlai,0.0,1,250,0,0.3
18312656,chinese,chinese,0.0,1,250,2,0.3
18416741,fast food,fast food,0.0,1,300,0,0.3
18425182,"chinese, fast food",chinese,0.0,1,350,1,0.3
18464625,"chinese, north eastern",chinese,0.0,1,350,0,0.3
18435330,fast food,fast food,0.0,1,250,0,0.3
18435326,"chinese, fast food, bakery",chinese,0.0,2,500,0,0.3
18464648,"chinese, north indian",chinese,0.0,1,300,0,0.3
18464629,"chinese, north indian",chinese,0.0,1,300,0,0.3
18435322,fast food,fast food,0.0,1,450,0,0.3
18014151,"north indian, chinese, south indian",north indian,0.0,2,500,0,0.3
18375378,"north indian, south indian",north indian,0.0,1,400,0,0.3
310408,"north indian, mughlai",north indian,2.7,1,400,38,0.3
1185,"american, tex-mex, italian, mexican, north indian",american,2.8,3,1900,105,0.3
5536,north indian,north indian,2.8,1,150,11,0.3
18393213,"mithai, north indian, street food, chinese, south indian, indian",mithai,2.9,1,450,4,0.3
308336,cafe,cafe,3.1,1,450,13,0.3
637,cafe,cafe,3.0,1,450,38,0.6917293233082706
313159,"ice cream, beverages, fast food",ice cream,3.2,1,300,9,0.3
3608,"pizza, fast food",pizza,3.0,2,700,71,0.3
3636,"north indian, street food",north indian,3.0,1,150,12,0.3
312790,north indian,north indian,3.1,1,200,8,0.3
5537,"north indian, street food, fast food",north indian,3.1,1,250,14,0.3
308347,north indian,north indian,3.2,1,200,14,0.3
2602,"south indian, chinese",south indian,3.1,1,250,11,0.3
3638,"north indian, chinese",north indian,3.0,1,250,27,0.3
18017281,"north indian, south indian, fast food",north indian,3.4,1,400,29,0.3
3607,south indian,south indian,2.5,1,450,94,0.3
3069,"north indian, chinese",north indian,3.1,3,1000,14,0.3
18268390,"finger food, italian, middle eastern",finger food,3.7,4,4700,142,0.3
196,"fast food, burger",fast food,3.7,2,500,177,0.8345864661654135
5487,north indian,north indian,3.9,1,200,104,0.3
308331,"italian, pizza, fast food",italian,3.6,2,800,103,0.3
18126080,"south indian, north indian, chinese",south indian,3.6,2,800,58,0.3
148,"american, fast food, salad, healthy food",american,3.6,2,500,142,0.706766917293233
18412898,mughlai,mughlai,0.0,1,250,2,0.3
5528,north indian,north indian,0.0,1,150,1,0.3
17953929,"north indian, fast food",north indian,0.0,2,550,1,0.3
18355121,north indian,north indian,0.0,1,400,0,0.3
9210,north indian,north indian,0.0,1,200,1,0.3
2703,north indian,north indian,0.0,1,400,1,0.3
18478963,north indian,north indian,0.0,1,200,0,0.3
2232,"north indian, mughlai",north indian,2.4,3,1000,184,0.3
2775,"bengali, seafood",bengali,4.4,3,1400,1293,0.3
311623,finger food,finger food,2.8,3,1800,21,0.3
311077,north indian,north indian,3.1,1,300,110,0.3
492,"north indian, south indian, fast food, street food, chinese, beverages, desserts, mithai",north indian,3.4,2,550,89,0.8120300751879699
304030,cafe,cafe,3.3,1,450,32,0.3
18366028,"fast food, italian, pizza",fast food,3.4,2,500,42,0.3
18168143,desserts,desserts,3.3,1,300,32,0.3
18294246,"north indian, fast food",north indian,3.4,1,450,24,0.3
2370,"south indian, chinese",south indian,2.8,1,300,23,0.3
3893,"pizza, fast food",pizza,3.4,2,700,85,0.3
5366,"north indian, mughlai",north indian,2.9,2,550,45,0.3
18037828,"fast food, beverages",fast food,3.4,1,300,80,0.3
2377,"north indian, south indian, fast food",north indian,2.7,1,300,66,0.3
18384151,"burger, fast food",burger,3.2,1,400,31,0.3
2966,"north indian, mughlai",north indian,2.7,3,1000,261,0.3
257,"italian, pizza, fast food",italian,3.3,3,1000,211,0.7969924812030075
2380,"north indian, fast food, chinese",north indian,3.4,1,350,84,0.3
18285222,fast food,fast food,3.4,1,450,49,0.3
309463,"north indian, chinese",north indian,3.4,2,500,80,0.3
18219550,"cafe, chinese",cafe,3.4,2,600,60,0.3
3230,"american, fast food, salad, healthy food",american,3.4,2,500,131,0.3
309542,"north indian, italian, chinese, thai",north indian,3.4,3,1400,391,0.3
2965,"fast food, chinese",fast food,3.9,1,350,813,0.3
3372,street food,street food,3.7,1,200,459,0.3
312223,"burger, fast food",burger,3.6,2,500,426,0.3
8828,cafe,cafe,3.5,1,450,50,0.3
2524,"fast food, chinese",fast food,3.6,1,350,69,0.3
18458640,fast food,fast food,3.8,1,300,22,0.3
2532,"ice cream, desserts",ice cream,3.6,1,400,87,0.3
5368,"fast food, north indian, beverages",fast food,3.8,1,400,201,0.3
18272383,"fast food, burger",fast food,3.6,1,450,139,0.3
18332018,chinese,chinese,3.8,1,400,121,0.3
18423901,"desserts, beverages",desserts,3.8,1,200,23,0.3
1969,"north indian, chinese",north indian,3.7,3,1200,151,0.3
18455548,chinese,chinese,3.8,1,450,29,0.3
310126,fast food,fast food,3.5,1,400,82,0.3
5291,"north indian, chinese, street food",north indian,3.5,1,150,34,0.3
3522,"fast food, beverages",fast food,3.8,2,500,99,0.3
18345519,"fast food, beverages",fast food,3.9,1,400,155,0.3
305967,cafe,cafe,3.7,2,700,294,0.3
18432015,cafe,cafe,3.6,1,300,22,0.3
18204820,north indian,north indian,3.8,3,1400,457,0.3
18361244,bakery,bakery,3.5,1,250,13,0.3
9561,"north indian, chinese",north indian,4.1,3,1600,937,0.3
18466059,"fast food, beverages",fast food,4.0,2,500,20,0.3
18361780,"north indian, chinese, continental",north indian,4.2,3,1000,42,0.3
18208880,"cafe, tea",cafe,4.1,1,400,156,0.3
307620,"north indian, chinese, italian, mexican, lebanese",north indian,4.0,3,1650,537,0.3
302242,"north indian, chinese, italian, lebanese, mexican",north indian,4.0,3,1200,277,0.3
310348,"north indian, continental, chinese, fast food",north indian,2.7,4,2500,24,0.3
309680,"north indian, mughlai",north indian,2.9,2,700,8,0.3
1508,"bakery, desserts, fast food",bakery,3.2,1,350,88,0.3
18312565,"thai, chinese",thai,3.0,2,800,5,0.3
311553,"fast food, north indian",fast food,3.3,2,500,47,0.3
7720,"north indian, mughlai, chinese",north indian,3.3,2,650,62,0.3
308332,"north indian, fast food, chinese, mithai",north indian,2.7,1,400,16,0.3
306331,"bakery, desserts",bakery,2.9,2,700,4,0.3
18303863,"north indian, mughlai",north indian,2.7,2,600,15,0.3
212,"pizza, fast food",pizza,2.8,2,700,95,0.6466165413533834
304183,"north indian, south indian, chinese, mithai",north indian,2.8,1,350,14,0.3
1915,"mithai, street food",mithai,3.0,1,250,7,0.3
5901,"raw meats, north indian, fast food",raw meats,3.0,1,350,12,0.3
311824,"pizza, fast food",pizza,3.1,1,450,7,0.3
18376488,beverages,beverages,3.3,1,400,13,0.3
300013,north indian,north indian,2.9,2,500,9,0.3
181,"fast food, burger",fast food,3.4,2,500,127,0.8571428571428571
18277019,"north indian, chinese, fast food",north indian,3.1,2,550,10,0.3
7721,"north indian, mughlai",north indian,2.9,2,800,44,0.3
308334,"north indian, chinese",north indian,2.9,2,700,28,0.3
309675,"biryani, north indian",biryani,2.9,1,350,5,0.3
300020,"north indian, mughlai",north indian,2.9,2,550,6,0.3
7717,"south indian, chinese",south indian,2.7,1,200,14,0.3
303547,"biryani, mughlai",biryani,3.2,1,250,27,0.3
18228903,"chinese, japanese, thai",chinese,2.8,2,750,4,0.3
18428200,"bakery, desserts",bakery,3.0,2,600,8,0.3
18144480,"north indian, mughlai, chinese",north indian,2.8,2,800,21,0.3
302945,"kerala, biryani",kerala,3.6,1,400,129,0.3
18471283,"cafe, healthy food, continental",cafe,3.5,2,800,29,0.3
18337892,"north indian, mughlai, chinese",north indian,3.8,2,700,17,0.3
267,"italian, pizza, fast food",italian,3.9,2,800,189,0.6917293233082706
18424893,"sushi, asian",sushi,3.5,2,800,30,0.3
306526,"bakery, desserts",bakery,3.6,1,350,52,0.3
18133511,north indian,north indian,0.0,1,200,1,0.3
18456744,"turkish, arabian, moroccan, lebanese",turkish,0.0,1,400,0,0.3
303559,north indian,north indian,0.0,1,250,2,0.3
18352261,fast food,fast food,0.0,1,150,2,0.3
310692,bakery,bakery,0.0,1,300,2,0.3
18313141,cafe,cafe,0.0,1,450,2,0.3
312446,"bakery, desserts",bakery,0.0,1,300,1,0.3
18245296,"bakery, desserts",bakery,0.0,1,300,2,0.3
18254540,pizza,pizza,0.0,1,450,2,0.3
18354644,north indian,north indian,0.0,1,100,0,0.3
7684,north indian,north indian,0.0,1,100,3,0.3
18180047,"north indian, mughlai, chinese",north indian,0.0,2,700,2,0.3
18366586,"chinese, indian",chinese,0.0,2,500,1,0.3
112,"chinese, seafood, asian",chinese,4.2,3,1800,391,0.7819548872180451
1903,"cafe, italian, lebanese",cafe,3.2,3,1000,36,0.3
300710,mughlai,mughlai,3.4,1,300,38,0.3
308065,"north indian, fast food",north indian,2.9,1,350,10,0.3
18441549,bakery,bakery,3.1,1,350,7,0.3
3685,"north indian, mughlai",north indian,3.2,1,350,40,0.3
303599,"mughlai, biryani",mughlai,3.9,1,300,251,0.3
462,"mughlai, north indian",mughlai,3.7,2,800,360,0.6390977443609023
18474567,north indian,north indian,0.0,1,350,2,0.3
18434504,mughlai,mughlai,0.0,1,400,0,0.3
680,"fast food, north indian, south indian",fast food,2.2,1,350,251,0.8045112781954887
18222581,north indian,north indian,3.3,1,250,27,0.3
18432628,north indian,north indian,0.0,2,500,0,0.3
18357551,"chinese, south indian",chinese,0.0,1,300,0,0.3
18360900,north indian,north indian,0.0,1,300,0,0.3
18358168,"fast food, beverages",fast food,0.0,1,250,0,0.3
18472680,bakery,bakery,0.0,1,300,0,0.3
18409180,"fast food, north indian",fast food,0.0,1,300,0,0.3
18429188,"north indian, chinese, south indian",north indian,0.0,1,300,0,0.3
310164,north indian,north indian,3.0,2,500,10,0.3
7712,"mughlai, north indian, chinese",mughlai,3.2,2,500,18,0.3
18311948,"north indian, fast food",north indian,3.0,2,700,6,0.3
7483,"bakery, desserts",bakery,3.5,1,400,26,0.3
18355004,"fast food, beverages",fast food,0.0,1,100,0,0.3
18291238,healthy food,healthy food,0.0,2,600,2,0.3
18472436,"chinese, thai",chinese,3.1,3,1100,5,0.3
9037,"north indian, street food, south indian, fast food, chinese",north indian,2.6,2,500,55,0.3
18391581,"healthy food, juices",healthy food,3.1,1,200,8,0.3
7077,cafe,cafe,2.6,2,750,29,0.3
306586,pizza,pizza,3.2,2,800,69,0.3
306495,"pizza, fast food",pizza,3.3,2,700,69,0.3
9061,south indian,south indian,3.2,2,500,36,0.3
18357946,"burger, desserts, fast food",burger,3.4,2,600,36,0.3
308991,"ice cream, desserts",ice cream,3.3,1,200,18,0.3
7071,"desserts, ice cream",desserts,2.7,1,250,17,0.3
18282040,beverages,beverages,3.2,1,400,19,0.3
8379,"american, fast food",american,2.6,2,500,47,0.3
9040,"desserts, ice cream",desserts,3.3,1,150,18,0.3
18367984,fast food,fast food,2.8,1,400,6,0.3
4455,chinese,chinese,2.6,2,800,71,0.3
4454,"north indian, mughlai",north indian,2.6,2,700,46,0.3
4560,cafe,cafe,3.6,2,600,53,0.3
4563,"ice cream, desserts",ice cream,3.9,1,400,51,0.3
5062,"continental, north indian, italian",continental,3.7,3,1600,792,0.3
4568,italian,italian,3.8,4,2000,601,0.3
4566,"american, fast food, salad, healthy food",american,3.5,2,500,65,0.3
18383434,"ice cream, beverages",ice cream,3.9,1,250,31,0.3
308972,beverages,beverages,3.5,1,250,35,0.3
307560,"ice cream, desserts",ice cream,0.0,1,200,0,0.3
18336478,"italian, continental, fast food, north indian",italian,0.0,3,1000,3,0.3
309004,fast food,fast food,0.0,1,100,1,0.3
18492109,"european, american, street food",european,0.0,1,400,1,0.3
6283,"north indian, mughlai",north indian,2.9,1,400,5,0.3
6356,"north indian, chinese, finger food",north indian,2.8,2,600,6,0.3
18356800,finger food,finger food,3.1,2,600,14,0.3
18253103,"north indian, street food, fast food, chinese, south indian, mithai",north indian,3.0,2,500,4,0.3
304152,cafe,cafe,2.7,1,450,16,0.3
18287392,cafe,cafe,3.4,1,350,21,0.3
3116,"cafe, north indian, fast food",cafe,3.2,2,600,38,0.3
308620,"north indian, chinese",north indian,2.8,3,1100,8,0.3
300608,chinese,chinese,2.9,1,200,4,0.3
302162,"north indian, fast food, chinese, japanese, asian, italian",north indian,2.9,2,900,32,0.3
308187,"pizza, fast food",pizza,3.1,2,700,29,0.3
8292,"cafe, fast food, asian, italian",cafe,2.8,2,700,19,0.3
307114,"north indian, chinese, tibetan, italian, fast food",north indian,3.2,2,550,18,0.3
18408059,"chinese, thai, seafood, north indian, italian",chinese,3.0,2,600,5,0.3
308614,"north indian, chinese, south indian",north indian,2.9,2,500,11,0.3
304217,"north indian, bengali",north indian,2.9,1,300,7,0.3
302724,"north indian, chinese",north indian,2.9,2,850,8,0.3
5799,south indian,south indian,2.9,1,250,4,0.3
3117,"north indian, chinese, continental",north indian,2.8,2,800,17,0.3
300639,north indian,north indian,3.0,1,200,8,0.3
18384879,biryani,biryani,3.0,1,200,6,0.3
18481280,fast food,fast food,3.0,1,250,4,0.3
300635,"street food, mithai",street food,3.0,1,200,9,0.3
302159,"north indian, chinese, fast food",north indian,3.2,1,400,18,0.3
18204494,"north indian, chinese, continental",north indian,3.0,2,900,10,0.3
305135,"north indian, continental",north indian,3.1,3,1000,17,0.3
302155,"north indian, chinese, fast food",north indian,3.1,1,300,28,0.3
3119,"north indian, chinese, continental, italian",north indian,2.9,2,800,32,0.3
3254,"chinese, continental, north indian",chinese,3.0,2,700,22,0.3
302272,north indian,north indian,2.8,2,800,18,0.3
300616,"fast food, chinese, mithai, street food",fast food,2.9,1,200,4,0.3
5796,"north indian, chinese, italian, continental",north indian,3.2,2,700,679,0.3
310595,"north indian, mughlai, chinese",north indian,2.7,3,1000,19,0.3
303788,"fast food, continental, italian, bakery",fast food,3.2,2,600,22,0.3
305490,north indian,north indian,3.0,2,500,5,0.3
300620,north indian,north indian,3.3,1,300,25,0.3
18218076,mughlai,mughlai,3.1,1,350,6,0.3
308682,"italian, pizza, fast food",italian,2.8,2,800,26,0.3
18198465,"continental, fast food",continental,3.1,3,1300,14,0.3
311879,"north indian, chinese",north indian,3.2,1,200,12,0.3
1888,"north indian, mughlai",north indian,2.7,2,500,37,0.3
301191,"north indian, chinese, fast food",north indian,2.9,2,600,9,0.3
6345,"north indian, mughlai",north indian,2.8,2,800,8,0.3
18272388,street food,street food,3.1,1,100,5,0.3
6355,"south indian, north indian",south indian,2.9,1,300,8,0.3
300571,"south indian, north indian",south indian,2.7,1,250,7,0.3
302173,north indian,north indian,2.7,1,200,12,0.3
5801,"chinese, italian, north indian",chinese,3.4,2,600,37,0.3
18261165,"north indian, chinese, continental, thai",north indian,3.0,2,850,8,0.3
302188,"continental, north indian, chinese",continental,3.2,3,1400,18,0.3
18017258,"north indian, continental",north indian,2.8,2,600,10,0.3
3094,"north indian, mughlai, chinese",north indian,3.0,2,900,11,0.3
3118,north indian,north indian,3.0,2,600,16,0.3
6359,"north indian, chinese, continental",north indian,2.9,2,550,7,0.3
18252250,north indian,north indian,2.8,1,200,4,0.3
5949,north indian,north indian,2.7,3,1100,13,0.3
18409188,"street food, north indian, south indian, mithai",street food,3.5,1,400,27,0.3
5753,north indian,north indian,3.5,1,400,39,0.3
18354666,"cafe, italian",cafe,0.0,2,600,3,0.3
305025,beverages,beverages,0.0,1,100,1,0.3
311468,street food,street food,0.0,1,100,1,0.3
18381669,"north indian, chinese",north indian,0.0,3,1000,2,0.3
18273527,north indian,north indian,2.2,1,400,16,0.3
6075,street food,street food,4.3,1,100,1317,0.3
306750,"chinese, fast food",chinese,2.9,1,300,5,0.3
306739,chinese,chinese,2.9,1,200,5,0.3
18312564,"fast food, pizza",fast food,3.0,2,600,7,0.3
306741,"north indian, mughlai, chinese",north indian,2.9,1,400,4,0.3
9974,"north indian, mughlai",north indian,2.9,1,400,7,0.3
300529,"street food, desserts",street food,3.0,1,200,10,0.3
312169,"pizza, fast food",pizza,2.7,2,650,8,0.3
301783,"desserts, street food",desserts,2.9,1,100,5,0.3
9218,north indian,north indian,2.8,1,200,6,0.3
301994,north indian,north indian,3.0,1,450,5,0.3
306729,north indian,north indian,3.0,1,150,6,0.3
9207,"mithai, street food",mithai,2.8,1,100,6,0.3
306743,"mithai, street food",mithai,0.0,1,100,2,0.3
306733,north indian,north indian,0.0,1,150,2,0.3
302042,mithai,mithai,0.0,1,100,2,0.3
18231755,"mithai, street food, north indian, south indian",mithai,0.0,1,200,1,0.3
18228878,north indian,north indian,0.0,1,300,0,0.3
302011,mithai,mithai,0.0,1,100,1,0.3
18366001,north indian,north indian,0.0,1,200,0,0.3
18368020,north indian,north indian,0.0,1,200,1,0.3
301786,fast food,fast food,0.0,1,200,0,0.3
302221,"mithai, street food",mithai,0.0,1,100,1,0.3
302175,north indian,north indian,0.0,1,350,2,0.3
18431171,"north indian, mughlai, chinese",north indian,0.0,2,600,1,0.3
17989108,north indian,north indian,0.0,1,150,0,0.3
18449798,"pizza, fast food",pizza,0.0,2,700,1,0.3
313287,"desserts, ice cream, fast food",desserts,0.0,1,200,1,0.3
312161,"ice cream, bakery",ice cream,0.0,1,200,0,0.3
18368003,north indian,north indian,0.0,1,100,0,0.3
312153,chinese,chinese,0.0,1,200,2,0.3
18449651,chinese,chinese,0.0,2,600,2,0.3
18431159,mughlai,mughlai,0.0,1,450,1,0.3
18350870,"pizza, fast food",pizza,0.0,2,500,1,0.3
302002,street food,street food,0.0,1,100,1,0.3
312146,street food,street food,0.0,1,150,3,0.3
18431173,"north indian, south indian, chinese",north indian,0.0,1,400,0,0.3
18372324,chinese,chinese,0.0,1,250,0,0.3
18445631,"chinese, fast food",chinese,0.0,1,200,1,0.3
18431151,mughlai,mughlai,0.0,1,350,1,0.3
18378581,"chinese, north indian",chinese,0.0,1,350,0,0.3
18406823,fast food,fast food,0.0,1,150,0,0.3
301867,bakery,bakery,0.0,1,100,3,0.3
306657,pizza,pizza,0.0,1,200,0,0.3
306747,street food,street food,0.0,1,100,1,0.3
18376478,"north indian, chinese",north indian,0.0,2,500,2,0.3
301775,"pizza, fast food",pizza,0.0,2,500,2,0.3
313012,"pizza, fast food",pizza,0.0,2,500,2,0.3
18466429,north indian,north indian,0.0,1,100,0,0.3
18222029,"north indian, fast food, mithai",north indian,0.0,1,200,1,0.3
302782,"mithai, street food",mithai,0.0,1,100,1,0.3
18440259,north indian,north indian,0.0,2,500,3,0.3
18369764,"north indian, mughlai, chinese",north indian,0.0,2,550,0,0.3
17989110,north indian,north indian,0.0,1,400,1,0.3
18369751,north indian,north indian,0.0,1,200,1,0.3
302046,biryani,biryani,0.0,1,200,1,0.3
18431105,"bakery, fast food",bakery,0.0,1,400,0,0.3
18489651,"north indian, chinese",north indian,0.0,2,500,1,0.3
306749,fast food,fast food,0.0,1,200,3,0.3
308128,street food,street food,0.0,1,100,1,0.3
306653,street food,street food,0.0,1,50,1,0.3
18433910,"burger, fast food",burger,3.2,2,500,10,0.3
18435287,"cafe, tea",cafe,3.2,1,400,4,0.3
18433897,"chinese, thai",chinese,0.0,2,900,2,0.3
18435820,pizza,pizza,0.0,2,600,0,0.3
18435289,"pizza, fast food",pizza,0.0,2,700,0,0.3
18438424,"burger, desserts, fast food",burger,0.0,2,600,0,0.3
18435290,beverages,beverages,0.0,1,400,2,0.3
18433864,"mughlai, north indian",mughlai,0.0,2,650,1,0.3
18435829,"chinese, fast food",chinese,0.0,1,350,0,0.3
7618,"fast food, north indian",fast food,3.3,1,400,46,0.3
3637,"north indian, mughlai",north indian,3.4,2,550,66,0.3
302277,bakery,bakery,3.1,2,700,11,0.3
18216942,"chinese, thai",chinese,4.3,2,900,108,0.3
5784,"ice cream, desserts",ice cream,3.3,1,400,39,0.3
5783,ice cream,ice cream,3.5,1,300,39,0.3
800,"north indian, mughlai, chinese",north indian,3.6,3,1500,447,0.7518796992481203
73,"chinese, thai, japanese",chinese,3.9,3,1200,768,0.8345864661654135
308537,"ice cream, desserts",ice cream,3.8,1,200,154,0.3
803,"north indian, mughlai, chinese",north indian,3.8,3,1700,337,0.6766917293233082
103,north indian,north indian,3.8,3,1200,600,0.7368421052631579
18421051,north indian,north indian,4.4,3,1600,64,0.3
799,"north indian, mughlai",north indian,4.4,3,1500,4373,0.7218045112781954
801,north indian,north indian,4.1,3,1500,1157,0.7669172932330827
308845,street food,street food,2.9,1,250,5,0.3
306826,"south indian, chinese",south indian,2.9,1,350,4,0.3
18432030,"north indian, chinese",north indian,0.0,1,350,0,0.3
18466825,south indian,south indian,0.0,1,300,1,0.3
18491638,south indian,south indian,0.0,1,300,1,0.3
18499474,"pizza, fast food",pizza,0.0,2,700,0,0.3
18440169,"north indian, chinese",north indian,0.0,1,250,0,0.3
18393448,"beverages, healthy food",beverages,0.0,1,250,0,0.3
18294222,"street food, chinese",street food,0.0,1,200,0,0.3
18232109,biryani,biryani,0.0,2,500,0,0.3
303468,mithai,mithai,0.0,1,250,1,0.3
18289272,north indian,north indian,0.0,1,200,0,0.3
18440436,biryani,biryani,0.0,1,350,0,0.3
18372299,pizza,pizza,0.0,2,600,0,0.3
18244429,north indian,north indian,0.0,1,200,0,0.3
18449949,north indian,north indian,0.0,1,150,0,0.3
311199,north indian,north indian,0.0,1,300,3,0.3
300801,"mughlai, fast food",mughlai,0.0,1,300,1,0.3
18293989,bakery,bakery,0.0,1,250,0,0.3
18440163,"mughlai, north indian",mughlai,0.0,1,350,0,0.3
18303817,fast food,fast food,2.7,1,350,30,0.3
312913,"pizza, fast food",pizza,2.9,2,500,38,0.3
5645,"chinese, north indian",chinese,2.8,1,400,53,0.3
312387,"bakery, fast food",bakery,3.1,1,250,15,0.3
5594,cafe,cafe,3.3,1,450,40,0.3
18175309,bakery,bakery,3.3,1,350,14,0.3
312990,"north indian, mughlai, chinese",north indian,3.3,2,600,49,0.3
18233577,"ice cream, desserts",ice cream,3.3,1,200,21,0.3
309836,bakery,bakery,3.2,1,300,9,0.3
7692,"chinese, fast food",chinese,2.9,1,300,44,0.3
18224548,pizza,pizza,3.1,2,500,24,0.3
213,"pizza, fast food",pizza,3.2,2,700,111,0.8872180451127819
7488,"raw meats, north indian, fast food",raw meats,3.3,1,350,51,0.3
18356817,"fast food, italian, pizza",fast food,3.4,1,300,23,0.3
1987,"mithai, street food",mithai,3.4,1,100,46,0.3
18241871,"chinese, thai",chinese,3.2,2,700,50,0.3
300337,fast food,fast food,3.2,1,150,34,0.3
18232113,north indian,north indian,3.4,1,400,27,0.3
303018,north indian,north indian,3.1,1,300,27,0.3
300318,north indian,north indian,2.9,2,600,37,0.3
18070479,"north indian, chinese, fast food",north indian,3.3,2,500,31,0.3
9956,"fast food, burger",fast food,3.3,2,500,94,0.3
5652,south indian,south indian,3.2,1,250,37,0.3
7330,"south indian, fast food",south indian,3.0,1,300,43,0.3
4801,north indian,north indian,3.4,2,700,46,0.3
9853,"pizza, fast food",pizza,3.4,2,800,75,0.3
308929,"italian, pizza, fast food",italian,3.1,2,800,58,0.3
300344,fast food,fast food,2.7,1,200,36,0.3
18372287,"bakery, desserts, fast food",bakery,2.7,1,450,16,0.3
18198449,"north indian, south indian, chinese",north indian,3.3,1,400,31,0.3
300343,"north indian, chinese",north indian,3.4,2,650,39,0.3
300323,"desserts, fast food, chinese",desserts,3.2,1,350,92,0.3
2366,"north indian, chinese",north indian,2.5,2,600,78,0.3
300334,street food,street food,2.6,1,150,49,0.3
300321,"north indian, mughlai",north indian,3.2,1,450,49,0.3
5655,"south indian, chinese",south indian,3.4,1,250,35,0.3
7274,"south indian, chinese",south indian,2.7,1,250,27,0.3
9670,"south indian, north indian, chinese",south indian,3.2,2,800,95,0.3
311957,chinese,chinese,3.4,1,200,65,0.3
1990,"chinese, fast food",chinese,2.8,1,300,29,0.3
18279470,"north indian, chinese, fast food",north indian,3.2,2,550,32,0.3
307965,mughlai,mughlai,3.6,2,500,40,0.3
18336183,"biryani, north indian",biryani,3.8,1,400,63,0.3
18472416,north indian,north indian,3.5,2,700,18,0.3
306636,"fast food, street food",fast food,3.6,1,300,52,0.3
300335,"north indian, mughlai",north indian,3.5,1,350,107,0.3
311379,"north indian, mughlai",north indian,3.8,2,550,105,0.3
18379474,north indian,north indian,3.6,2,600,29,0.3
309307,street food,street food,3.5,1,200,75,0.3
312425,fast food,fast food,3.5,1,400,76,0.3
7291,"bakery, fast food",bakery,3.6,1,300,108,0.3
18163915,"north indian, chinese, fast food",north indian,3.6,2,600,75,0.3
18233583,"biryani, north indian",biryani,2.1,1,300,68,0.3
310630,"chinese, fast food",chinese,2.2,1,400,43,0.3
7271,"north indian, chinese, mughlai",north indian,2.1,2,700,45,0.3
18138442,"american, fast food, salad, healthy food",american,2.3,2,500,31,0.3
308559,"north indian, continental, chinese",north indian,3.1,3,1200,18,0.3
18358841,"fast food, desserts",fast food,2.8,1,400,15,0.3
18397140,"north indian, mughlai, chinese",north indian,3.0,2,500,5,0.3
18168171,"chinese, north indian",chinese,2.8,1,450,55,0.3
18458961,north indian,north indian,3.2,1,400,12,0.3
18208914,"bakery, desserts, fast food",bakery,3.4,2,500,27,0.3
18231410,"bakery, desserts",bakery,3.7,1,300,59,0.3
18037850,"ice cream, desserts",ice cream,3.5,1,400,65,0.3
307501,"north indian, kashmiri, mughlai",north indian,2.6,4,2000,67,0.3
3362,"north indian, chinese, seafood",north indian,3.4,3,1100,67,0.3
18424879,chinese,chinese,2.8,1,300,7,0.3
18363074,north indian,north indian,3.1,1,100,4,0.3
18386078,bakery,bakery,3.0,1,300,4,0.3
313146,"north indian, chinese",north indian,3.2,1,350,9,0.3
3967,"north indian, mughlai",north indian,2.6,2,650,113,0.3
18378050,"continental, italian, north indian, lebanese",continental,2.8,3,1600,27,0.3
309685,"street food, south indian",street food,2.8,1,400,63,0.3
8940,north indian,north indian,3.2,2,650,29,0.3
300672,"north indian, south indian, chinese, fast food",north indian,3.2,2,500,161,0.3
313355,"north indian, mughlai, chinese",north indian,3.2,1,400,38,0.3
2958,"north indian, mughlai",north indian,2.5,2,600,75,0.3
304093,"north indian, mughlai",north indian,3.2,2,600,45,0.3
6453,chinese,chinese,2.9,1,450,60,0.3
18456456,"north indian, chinese, continental, thai",north indian,3.3,3,1000,10,0.3
18306511,"bakery, fast food, chinese",bakery,3.4,1,250,33,0.3
214,"pizza, fast food",pizza,3.2,2,700,73,0.8421052631578947
3892,"pizza, fast food",pizza,2.6,2,700,65,0.3
300873,"chinese, fast food",chinese,3.3,1,400,72,0.3
307419,"north indian, chinese",north indian,2.5,2,600,7,0.3
5862,"ice cream, desserts",ice cream,3.1,1,400,36,0.3
18477957,"ice cream, desserts",ice cream,2.9,1,400,6,0.3
18398575,"mithai, street food",mithai,3.0,1,200,5,0.3
1123,"ice cream, desserts",ice cream,3.1,1,150,41,0.3
313443,"north indian, mughlai",north indian,2.8,2,500,20,0.3
306816,"ice cream, desserts",ice cream,3.1,1,200,12,0.3
312471,"desserts, bakery, fast food",desserts,3.1,1,400,25,0.3
194,"fast food, burger",fast food,3.3,2,500,58,0.7894736842105263
1959,"north indian, mughlai",north indian,2.8,2,600,49,0.3
17977763,fast food,fast food,3.2,1,350,31,0.3
8941,"north indian, chinese",north indian,3.2,1,400,39,0.3
308607,"chinese, fast food",chinese,2.7,2,500,43,0.3
313442,"chinese, fast food",chinese,2.7,2,500,7,0.3
18358201,"chinese, italian, continental",chinese,3.1,2,600,15,0.3
5392,"north indian, chinese",north indian,3.3,1,400,110,0.3
312334,"north indian, chinese",north indian,3.3,2,550,31,0.3
18396440,"north indian, mughlai, chinese",north indian,2.6,2,500,4,0.3
3966,north indian,north indian,2.6,2,750,48,0.3
304389,chinese,chinese,2.9,1,400,9,0.3
18175260,"north indian, chinese, italian",north indian,3.3,2,600,24,0.3
18057827,"north indian, mughlai",north indian,2.7,1,400,8,0.3
8961,"north indian, mughlai",north indian,3.1,2,600,26,0.3
312327,chinese,chinese,3.1,1,400,13,0.3
306809,"north indian, fast food",north indian,3.2,2,500,158,0.3
9792,"north indian, mughlai",north indian,3.0,2,600,80,0.3
18218787,"cafe, north indian, chinese",cafe,3.4,2,600,25,0.3
311512,"american, fast food, salad, healthy food",american,3.3,2,500,77,0.3
18421020,"north indian, continental, chinese",north indian,3.4,3,1000,21,0.3
308364,"bakery, desserts",bakery,3.0,1,400,7,0.3
307276,"bakery, fast food, chinese",bakery,3.3,1,300,85,0.3
18350101,north indian,north indian,3.3,2,500,128,0.3
18361220,"chinese, fast food",chinese,3.0,1,250,4,0.3
311576,fast food,fast food,3.0,1,100,5,0.3
300836,"street food, north indian",street food,3.3,1,300,34,0.3
18265418,"north indian, chinese, fast food",north indian,3.1,2,600,19,0.3
18017253,"bakery, desserts, fast food",bakery,3.7,1,350,71,0.3
300872,mithai,mithai,3.9,1,100,91,0.3
3333,"mithai, street food",mithai,3.5,1,250,26,0.3
6451,"south indian, chinese",south indian,3.6,1,300,93,0.3
6454,"raw meats, north indian, fast food",raw meats,3.6,1,350,68,0.3
18476960,"chinese, continental",chinese,3.6,1,350,40,0.3
18398592,"hyderabadi, fast food",hyderabadi,3.9,1,300,63,0.3
18265676,"continental, north indian",continental,3.9,2,600,92,0.3
3080,"mughlai, north indian, chinese",mughlai,3.6,2,700,103,0.3
313173,"fast food, healthy food",fast food,3.7,2,600,105,0.3
18476896,bakery,bakery,3.5,1,300,10,0.3
306011,street food,street food,3.7,1,100,57,0.3
4683,north indian,north indian,3.6,2,500,79,0.3
18222572,"bakery, fast food",bakery,3.9,1,300,72,0.3
18464054,fast food,fast food,3.6,1,400,27,0.3
8964,bakery,bakery,3.5,1,200,33,0.3
18322667,"chinese, beverages",chinese,3.5,1,350,32,0.3
311209,"north indian, biryani, chinese, fast food",north indian,3.6,2,950,379,0.3
6449,street food,street food,3.5,1,100,98,0.3
18363081,"fast food, desserts, beverages",fast food,0.0,1,450,0,0.3
18451571,north indian,north indian,0.0,1,200,0,0.3
18359282,chinese,chinese,0.0,1,250,0,0.3
18361222,mughlai,mughlai,0.0,1,400,0,0.3
18358182,"pizza, fast food",pizza,0.0,1,200,3,0.3
18361223,"south indian, chinese",south indian,0.0,1,200,2,0.3
18451573,"desserts, beverages",desserts,0.0,1,200,2,0.3
18396396,fast food,fast food,0.0,1,200,1,0.3
312763,chinese,chinese,2.4,1,300,69,0.3
307444,"north indian, mithai, south indian, street food, chinese",north indian,2.4,2,500,37,0.3
305398,"south indian, north indian, chinese",south indian,2.3,2,600,131,0.3
302815,biryani,biryani,3.3,1,300,100,0.3
305525,"north indian, south indian, bihari",north indian,4.5,3,1200,2213,0.3
313481,"chinese, fast food",chinese,3.2,2,600,17,0.3
18359287,chinese,chinese,3.1,1,150,9,0.3
18199151,"bakery, desserts",bakery,3.0,2,500,4,0.3
311162,fast food,fast food,3.3,1,200,13,0.3
18204823,"ice cream, desserts",ice cream,3.0,1,400,12,0.3
302465,"street food, mithai",street food,2.8,1,150,24,0.3
18359296,"north indian, mughlai, chinese",north indian,3.2,4,2400,11,0.3
300925,chinese,chinese,2.8,1,350,12,0.3
307026,"chinese, north indian",chinese,3.2,2,550,19,0.3
18352220,"bakery, desserts",bakery,0.0,1,300,0,0.3
18359300,bakery,bakery,0.0,1,200,0,0.3
18445759,north indian,north indian,0.0,1,200,2,0.3
18435210,"north indian, chinese",north indian,0.0,1,400,0,0.3
18430914,beverages,beverages,0.0,1,400,3,0.3
18216703,chinese,chinese,0.0,1,300,0,0.3
18359285,beverages,beverages,0.0,1,250,0,0.3
18359289,"south indian, north indian",south indian,0.0,1,250,1,0.3
18057816,"asian, north indian, japanese",asian,2.9,3,1800,48,0.3
18303432,"north indian, mughlai",north indian,3.4,2,800,67,0.3
3790,"north indian, south indian, fast food, street food, chinese, mithai",north indian,3.4,2,500,81,0.3
2509,"north indian, mughlai, chinese",north indian,3.4,2,800,135,0.3
18238913,"north indian, continental, mughlai",north indian,3.0,2,800,8,0.3
215,"pizza, fast food",pizza,2.8,2,700,102,0.7142857142857143
3793,"ice cream, desserts",ice cream,3.2,1,400,51,0.3
18244250,"mithai, street food",mithai,2.9,1,250,6,0.3
18372294,"raw meats, north indian, fast food",raw meats,3.0,1,350,4,0.3
6261,"street food, mughlai",street food,3.3,1,300,47,0.3
18376484,north indian,north indian,2.7,2,600,15,0.3
468,"mughlai, north indian",mughlai,2.5,2,700,84,0.7819548872180451
8276,"chinese, north indian, mughlai",chinese,3.0,1,300,10,0.3
6120,north indian,north indian,3.2,1,150,18,0.3
18252395,"north indian, chinese, mughlai",north indian,3.1,1,400,9,0.3
18180073,"north indian, chinese",north indian,3.1,1,300,177,0.3
18441678,"desserts, ice cream",desserts,3.0,1,250,5,0.3
18400762,bakery,bakery,3.1,1,200,6,0.3
306492,bakery,bakery,3.1,1,350,7,0.3
8488,"mithai, street food",mithai,2.9,1,200,6,0.3
310536,"north indian, mughlai, chinese",north indian,3.2,2,500,24,0.3
308360,"south indian, north indian, chinese",south indian,3.3,2,800,121,0.3
18017248,north indian,north indian,3.4,1,250,32,0.3
312855,"north indian, chinese",north indian,3.3,1,450,17,0.3
18463971,"north indian, chinese",north indian,3.1,2,500,8,0.3
8600,fast food,fast food,3.5,2,500,145,0.3
18380143,"north indian, mughlai, chinese",north indian,3.5,2,600,44,0.3
18254520,"bakery, desserts, fast food",bakery,3.7,2,500,50,0.3
18222554,cafe,cafe,3.6,2,850,100,0.3
18462589,ice cream,ice cream,0.0,1,300,1,0.3
18336474,"tea, beverages, fast food",tea,0.0,1,300,2,0.3
18336477,north indian,north indian,0.0,1,450,3,0.3
18382047,mughlai,mughlai,0.0,1,400,0,0.3
18441566,chinese,chinese,0.0,1,250,0,0.3
18441669,north indian,north indian,0.0,1,300,0,0.3
18396358,"ice cream, desserts",ice cream,0.0,1,400,1,0.3
6248,north indian,north indian,0.0,1,200,2,0.3
308832,"fast food, italian",fast food,0.0,1,200,0,0.3
18421030,chinese,chinese,0.0,1,300,0,0.3
18378016,"fast food, bakery",fast food,0.0,1,300,0,0.3
310889,"chinese, fast food",chinese,0.0,1,300,0,0.3
308837,"fast food, chinese",fast food,0.0,1,200,1,0.3
18441685,fast food,fast food,0.0,1,250,0,0.3
6249,north indian,north indian,0.0,1,150,0,0.3
312860,chinese,chinese,0.0,1,400,1,0.3
18378023,chinese,chinese,0.0,1,200,0,0.3
18107855,"north indian, mughlai",north indian,0.0,2,600,2,0.3
18396955,north indian,north indian,0.0,1,300,0,0.3
310896,"chinese, north indian",chinese,2.4,2,550,62,0.3
5446,"north indian, chinese",north indian,3.0,4,2000,32,0.3
5448,north indian,north indian,3.1,4,2200,18,0.3
18408062,north indian,north indian,3.1,4,2500,7,0.3
18415386,"continental, north indian",continental,0.0,4,3000,0,0.3
18397621,bakery,bakery,0.0,2,500,0,0.3
18369301,street food,street food,3.3,1,250,18,0.3
309383,"continental, italian",continental,3.4,3,1300,140,0.3
310801,"fast food, chinese, north indian",fast food,3.3,2,800,49,0.3
495,"north indian, south indian, fast food, street food, chinese, beverages, mithai",north indian,3.2,2,550,129,0.7293233082706767
18241532,bakery,bakery,3.2,1,300,24,0.3
18445783,cafe,cafe,3.3,2,800,10,0.3
18352179,pizza,pizza,2.6,2,600,10,0.3
309309,"bakery, desserts",bakery,3.1,2,500,8,0.3
8272,desserts,desserts,3.2,1,300,50,0.3
1998,"north indian, mughlai",north indian,3.2,2,800,25,0.3
1120,north indian,north indian,3.1,2,650,45,0.3
18369772,"japanese, chinese",japanese,3.4,2,800,24,0.3
216,"pizza, fast food",pizza,3.2,2,700,112,0.8045112781954887
303051,chinese,chinese,3.2,1,350,17,0.3
6905,chinese,chinese,3.2,2,500,23,0.3
307551,"ice cream, desserts",ice cream,3.4,1,400,37,0.3
306267,"north indian, chinese, mughlai",north indian,3.3,2,600,57,0.3
306170,"north indian, mughlai",north indian,3.2,2,600,23,0.3
3972,north indian,north indian,2.7,2,550,55,0.3
2951,"chinese, bakery",chinese,3.3,1,300,48,0.3
308242,"north indian, mughlai, chinese, fast food",north indian,3.4,2,600,128,0.3
18153553,"north indian, continental, italian, thai, chinese",north indian,3.4,3,1300,198,0.3
311025,"north indian, mughlai, chinese",north indian,2.7,2,500,78,0.3
309578,"chinese, north indian, italian",chinese,3.2,2,600,54,0.3
476,"north indian, mughlai, chinese",north indian,2.5,3,1200,70,0.6466165413533834
310359,"bakery, fast food",bakery,3.0,1,450,27,0.3
1308,"raw meats, fast food",raw meats,3.1,1,400,15,0.3
301657,"south indian, north indian, chinese",south indian,3.4,2,800,111,0.3
309188,"chinese, thai",chinese,3.4,3,1200,84,0.3
8801,"american, fast food, salad, healthy food",american,2.6,2,500,167,0.3
1986,"bakery, fast food",bakery,3.3,1,150,42,0.3
304212,north indian,north indian,3.1,2,800,103,0.3
18288046,"north indian, chinese, continental, fast food",north indian,3.4,2,500,18,0.3
18082238,"chinese, north indian, continental, italian",chinese,3.4,3,1800,148,0.3
18228854,"north indian, chinese, mughlai",north indian,3.4,2,750,27,0.3
303105,"fast food, north indian",fast food,3.2,1,300,24,0.3
308067,"chinese, fast food, north indian",chinese,3.2,1,450,63,0.3
18420452,"north indian, chinese, continental",north indian,4.6,2,700,61,0.3
1054,"north indian, mughlai",north indian,3.6,2,850,198,0.3
312634,"lebanese, arabian",lebanese,3.6,2,600,68,0.3
3516,"north indian, mughlai, chinese, seafood",north indian,3.5,2,700,180,0.3
5595,cafe,cafe,3.6,1,450,58,0.3
18232108,"fast food, turkish",fast food,3.9,2,900,75,0.3
18358681,"north indian, chinese, italian, continental",north indian,3.8,3,1200,96,0.3
18418237,north indian,north indian,3.8,3,1500,140,0.3
9230,"fast food, street food",fast food,3.7,1,300,96,0.3
6901,"street food, mithai",street food,3.5,1,150,36,0.3
18403003,desserts,desserts,3.5,1,300,19,0.3
311421,"bakery, desserts",bakery,3.9,1,400,89,0.3
176,"fast food, burger",fast food,3.7,2,500,141,0.8571428571428571
1992,"north indian, mughlai, chinese",north indian,3.5,2,650,150,0.3
18287382,"healthy food, continental, juices, salad",healthy food,3.6,2,900,64,0.3
18294251,"fast food, beverages",fast food,3.6,2,550,68,0.3
18291260,"continental, italian, north indian",continental,3.6,3,1800,47,0.3
311836,"north indian, biryani, chinese, fast food",north indian,3.6,2,950,203,0.3
18198459,"north indian, finger food, italian, chinese",north indian,3.8,3,1900,121,0.3
18224547,chinese,chinese,3.6,3,1200,127,0.3
307911,"bakery, desserts",bakery,4.0,2,750,147,0.3
18287876,"bakery, desserts",bakery,4.1,1,250,99,0.3
18375379,"north indian, continental, italian",north indian,4.0,3,1000,126,0.3
7167,"lebanese, chinese",lebanese,3.2,2,500,159,0.3
219,"pizza, fast food",pizza,2.5,2,700,253,0.7218045112781954
572,"north indian, mughlai, chinese",north indian,3.1,2,850,151,0.8045112781954887
302381,"north indian, mughlai",north indian,2.8,3,1300,249,0.3
309232,"american, fast food, salad, healthy food",american,3.2,2,500,115,0.3
18303828,"burger, fast food",burger,3.6,2,500,116,0.3
2222,lebanese,lebanese,3.7,1,450,223,0.3
175,"fast food, burger",fast food,3.6,2,500,219,0.6766917293233082
18400733,"fast food, street food",fast food,3.8,1,300,79,0.3
18303724,"italian, continental, north indian",italian,3.9,3,1500,96,0.3
731,"fast food, north indian",fast food,2.4,1,300,109,0.6766917293233082
18219522,"north indian, chinese, mexican, italian, thai, lebanese",north indian,4.4,3,1400,317,0.3
18219554,"cafe, italian",cafe,4.4,3,1200,326,0.3
7797,"north indian, fast food",north indian,2.9,1,250,6,0.3
18352263,pizza,pizza,2.9,2,600,4,0.3
18312571,"chinese, north indian",chinese,2.9,1,250,4,0.3
18421038,cafe,cafe,0.0,1,450,0,0.3
18412894,"bakery, fast food",bakery,0.0,1,100,0,0.3
18312463,north indian,north indian,0.0,1,350,0,0.3
18332442,north indian,north indian,0.0,2,550,1,0.3
18345771,"chinese, north indian, south indian",chinese,0.0,1,200,0,0.3
18414497,fast food,fast food,0.0,1,150,1,0.3
18355275,"fast food, north indian, chinese",fast food,0.0,2,600,3,0.3
18398593,"north indian, chinese",north indian,0.0,2,500,0,0.3
18312455,biryani,biryani,0.0,1,150,1,0.3
18025131,street food,street food,0.0,1,100,3,0.3
18161591,north indian,north indian,0.0,1,350,1,0.3
18312459,"north indian, chinese",north indian,0.0,1,150,0,0.3
302573,north indian,north indian,0.0,1,350,3,0.3
18352264,north indian,north indian,0.0,1,100,2,0.3
3555,"north indian, mughlai",north indian,0.0,1,400,3,0.3
18414494,"north indian, chinese",north indian,0.0,1,400,1,0.3
18306540,north indian,north indian,0.0,1,350,0,0.3
18153550,north indian,north indian,0.0,1,200,3,0.3
18439705,north indian,north indian,0.0,2,500,0,0.3
7809,"chinese, fast food",chinese,0.0,1,100,0,0.3
307171,north indian,north indian,2.9,1,350,11,0.3
300271,"mithai, street food",mithai,2.5,1,100,17,0.3
345,"north indian, mughlai",north indian,3.2,2,900,67,0.7518796992481203
307865,"raw meats, north indian, fast food",raw meats,3.0,1,350,10,0.3
307168,"north indian, south indian, chinese",north indian,2.9,1,200,11,0.3
1859,north indian,north indian,2.9,2,600,102,0.3
301229,"north indian, chinese",north indian,2.6,1,450,53,0.3
307169,north indian,north indian,3.0,1,150,5,0.3
306291,"north indian, mughlai",north indian,3.3,2,650,163,0.3
18428880,"chinese, north indian",chinese,3.1,1,400,5,0.3
3381,"mughlai, north indian",mughlai,3.7,2,800,629,0.3
8853,south indian,south indian,3.7,1,200,148,0.3
301154,"bakery, fast food",bakery,3.9,1,250,193,0.3
309365,"north indian, biryani, chinese, fast food",north indian,3.6,2,950,447,0.3
18427212,"fast food, mughlai, armenian",fast food,0.0,1,350,0,0.3
313127,"south indian, chinese, mithai",south indian,0.0,1,200,0,0.3
18486867,biryani,biryani,0.0,1,100,0,0.3
18472665,biryani,biryani,0.0,2,600,0,0.3
18486861,"south indian, biryani",south indian,0.0,1,150,1,0.3
18396151,"chinese, fast food",chinese,0.0,1,300,0,0.3
18434343,"north indian, mughlai",north indian,0.0,2,500,0,0.3
18478389,"bakery, desserts",bakery,0.0,2,500,0,0.3
18472663,"north indian, fast food",north indian,0.0,2,600,1,0.3
18486866,"north indian, mughlai, armenian",north indian,0.0,1,200,0,0.3
18486869,chinese,chinese,0.0,1,200,0,0.3
18486845,north indian,north indian,0.0,1,100,0,0.3
18325509,chinese,chinese,0.0,2,650,1,0.3
18352268,north indian,north indian,0.0,2,500,0,0.3
18289261,"north indian, south indian, bakery, italian",north indian,0.0,1,350,1,0.3
18352180,north indian,north indian,0.0,1,200,0,0.3
18469974,"pizza, fast food",pizza,0.0,2,500,1,0.3
18489530,north indian,north indian,0.0,1,200,0,0.3
18425179,north indian,north indian,0.0,1,350,2,0.3
18461352,"north indian, mughlai",north indian,0.0,1,300,0,0.3
18352172,north indian,north indian,0.0,1,450,3,0.3
18486857,"north indian, fast food",north indian,0.0,1,150,0,0.3
301227,"north indian, mughlai, chinese",north indian,2.4,2,750,30,0.3
7060,south indian,south indian,4.1,1,400,881,0.3
613,cafe,cafe,2.9,1,450,9,0.7518796992481203
3549,finger food,finger food,3.3,4,2500,24,0.3
302282,thai,thai,4.5,4,3000,295,0.3
3546,cafe,cafe,3.7,3,1000,33,0.3
302283,bakery,bakery,3.6,3,1000,26,0.3
3545,"north indian, continental, italian",north indian,4.4,4,3000,315,0.3
3547,"north indian, mughlai",north indian,4.2,4,3000,532,0.3
4490,"desserts, bakery",desserts,3.1,4,2000,40,0.3
4488,finger food,finger food,3.3,4,2500,36,0.3
186,"fast food, burger",fast food,3.4,2,500,91,0.7443609022556391
3124,"mughlai, north indian, chinese",mughlai,3.2,3,1100,221,0.3
18057792,"street food, north indian, chinese, continental",street food,3.9,2,700,1485,0.3
1641,"italian, north indian, chinese, mughlai",italian,3.8,3,1200,1082,0.3
18368023,street food,street food,0.0,1,400,0,0.3
18438896,fast food,fast food,0.0,2,500,0,0.3
18479012,chinese,chinese,0.0,2,500,0,0.3
18479008,fast food,fast food,0.0,2,500,0,0.3
7242,"chinese, fast food",chinese,3.4,1,450,76,0.3
312920,"north indian, mughlai, chinese",north indian,2.5,2,600,31,0.3
308051,"north indian, mughlai",north indian,3.4,2,850,58,0.3
3135,"north indian, chinese, mughlai",north indian,2.5,2,800,78,0.3
693,ice cream,ice cream,3.3,1,300,32,0.7669172932330827
7399,"mithai, street food",mithai,2.8,1,150,11,0.3
18375392,biryani,biryani,2.6,1,450,26,0.3
5527,cafe,cafe,2.9,1,450,37,0.3
7407,"chinese, fast food",chinese,2.6,1,350,29,0.3
18279476,street food,street food,3.0,1,120,6,0.3
18294260,"north indian, chinese",north indian,2.7,2,600,5,0.3
7409,"north indian, beverages",north indian,2.7,1,100,16,0.3
8912,"pizza, fast food",pizza,2.9,2,700,119,0.3
18224550,north indian,north indian,2.9,1,200,6,0.3
18363093,"italian, continental, fast food, chinese",italian,3.4,2,600,50,0.3
307511,"north indian, chinese",north indian,2.5,2,750,165,0.3
18369767,chinese,chinese,3.1,1,350,12,0.3
17977795,"north indian, chinese, mughlai",north indian,3.0,2,500,14,0.3
18455210,"fast food, north indian, chinese",fast food,3.4,1,300,20,0.3
313258,"raw meats, fast food",raw meats,2.9,1,300,4,0.3
7452,north indian,north indian,2.8,1,300,117,0.3
7373,"ice cream, desserts",ice cream,3.3,1,300,40,0.3
309445,"raw meats, north indian, fast food",raw meats,3.2,1,350,17,0.3
18468651,"ice cream, desserts",ice cream,2.8,1,200,7,0.3
8671,"chinese, fast food",chinese,2.5,1,300,111,0.3
308049,"biryani, north indian",biryani,2.9,1,300,66,0.3
307519,"north indian, chinese",north indian,3.0,2,650,110,0.3
18034082,bakery,bakery,3.2,2,500,6,0.3
18237343,north indian,north indian,3.0,1,400,6,0.3
8658,fast food,fast food,2.6,1,100,24,0.3
307702,"south indian, chinese",south indian,2.7,1,350,29,0.3
300300,chinese,chinese,3.0,2,750,58,0.3
3131,"north indian, chinese, mughlai",north indian,2.6,2,900,169,0.3
18446480,"fast food, maharashtrian, north indian",fast food,2.7,1,250,11,0.3
311383,north indian,north indian,2.8,1,350,55,0.3
2751,"north indian, mughlai, chinese",north indian,3.2,3,1000,102,0.3
18395392,"ice cream, desserts",ice cream,2.9,1,250,10,0.3
306067,"biryani, north indian",biryani,2.6,2,600,135,0.3
8688,north indian,north indian,3.1,1,300,25,0.3
7306,"street food, mithai",street food,3.4,1,150,79,0.3
18277238,"north indian, chinese",north indian,3.2,2,800,13,0.3
18107869,fast food,fast food,3.0,1,300,12,0.3
7442,"raw meats, north indian",raw meats,2.6,2,600,22,0.3
7448,north indian,north indian,2.9,2,600,5,0.3
307075,"raw meats, fast food",raw meats,2.8,1,400,33,0.3
305392,"south indian, north indian, chinese",south indian,2.7,2,600,120,0.3
18248991,"raw meats, fast food",raw meats,3.0,1,300,7,0.3
18420444,mughlai,mughlai,3.0,1,300,4,0.3
311787,fast food,fast food,3.1,1,250,7,0.3
8660,"mithai, street food",mithai,2.7,1,200,22,0.3
18282048,north indian,north indian,2.6,2,600,10,0.3
8666,"chinese, fast food",chinese,2.7,1,400,84,0.3
8667,south indian,south indian,2.7,1,250,18,0.3
7441,"american, fast food, salad, healthy food",american,3.4,2,500,152,0.3
3132,"north indian, chinese",north indian,3.2,2,600,27,0.3
7342,north indian,north indian,2.7,1,300,41,0.3
301242,"north indian, mughlai",north indian,2.5,2,500,40,0.3
18429387,"north indian, chinese",north indian,2.8,2,900,7,0.3
18453448,"cafe, fast food, pizza",cafe,3.4,1,250,21,0.3
18369771,mughlai,mughlai,2.6,2,500,7,0.3
309255,"north indian, chinese, fast food",north indian,2.9,2,700,135,0.3
307278,south indian,south indian,3.2,1,350,53,0.3
311760,"chinese, fast food",chinese,3.1,1,350,140,0.3
18443750,"burger, fast food",burger,3.7,1,300,25,0.3
307700,"desserts, ice cream",desserts,3.6,1,300,83,0.3
18381646,"burger, fast food",burger,3.5,1,400,27,0.3
308054,"fast food, north indian",fast food,3.6,1,400,107,0.3
18427200,"italian, chinese, north indian",italian,3.5,2,650,38,0.3
7427,north indian,north indian,3.6,1,100,87,0.3
18261149,"cafe, south indian, north indian, bakery",cafe,3.5,2,550,126,0.3
18322646,"continental, healthy food",continental,3.5,2,700,39,0.3
310912,"cafe, italian, chinese",cafe,3.7,2,700,617,0.3
18334635,"mughlai, north indian",mughlai,3.5,2,500,26,0.3
18487016,"cafe, bakery",cafe,0.0,1,250,1,0.3
18480928,street food,street food,0.0,1,150,1,0.3
18446486,"north indian, italian, continental",north indian,0.0,2,500,1,0.3
7401,"mithai, street food",mithai,2.4,1,200,52,0.3
18237341,"north indian, south indian, chinese",north indian,4.2,2,500,251,0.3
7428,"bakery, fast food",bakery,4.2,1,300,474,0.3
18420467,"bakery, fast food",bakery,4.1,2,750,101,0.3
18332869,"north indian, mughlai, chinese",north indian,4.2,2,600,163,0.3
18241878,"mughlai, north indian",mughlai,2.6,2,750,25,0.3
312959,north indian,north indian,2.8,2,500,5,0.3
978,"north indian, mughlai",north indian,3.4,2,500,49,0.8345864661654135
306910,mithai,mithai,3.0,1,100,11,0.3
307135,"continental, north indian, chinese, cafe",continental,3.2,3,1400,411,0.3
18363209,cafe,cafe,3.0,2,500,17,0.3
18454700,bakery,bakery,3.3,1,400,11,0.3
308791,fast food,fast food,3.2,1,250,23,0.3
312589,"north indian, chinese, mughlai",north indian,2.9,2,700,8,0.3
977,"north indian, chinese",north indian,3.2,2,700,93,0.8120300751879699
8649,"north indian, chinese",north indian,3.1,2,600,25,0.3
309435,"north indian, mughlai",north indian,3.0,2,800,27,0.3
18371401,north indian,north indian,3.1,2,500,21,0.3
307138,"north indian, chinese, continental",north indian,3.4,3,1100,224,0.3
18420427,north indian,north indian,3.0,2,650,4,0.3
305082,"mughlai, north indian, chinese",mughlai,3.4,3,1300,246,0.3
305086,"north indian, chinese",north indian,3.2,2,700,41,0.3
307541,"raw meats, north indian, fast food",raw meats,3.1,1,350,14,0.3
18281968,ice cream,ice cream,3.1,1,100,5,0.3
18375382,"north indian, chinese, mughlai",north indian,3.2,2,600,7,0.3
2537,"north indian, mughlai, chinese",north indian,3.2,2,700,16,0.3
311977,"north indian, south indian, chinese",north indian,3.3,2,800,90,0.3
974,"north indian, mughlai",north indian,3.4,2,750,53,0.7218045112781954
4163,"bakery, fast food",bakery,3.4,1,350,33,0.3
305694,"north indian, biryani, fast food",north indian,2.6,2,600,41,0.3
2364,chinese,chinese,3.2,1,400,49,0.3
305688,"north indian, chinese",north indian,3.3,2,550,22,0.3
18255603,"ice cream, desserts",ice cream,3.3,1,200,14,0.3
307548,south indian,south indian,3.0,1,300,14,0.3
5932,"bakery, desserts, fast food, street food, chinese, beverages",bakery,3.4,1,400,179,0.3
300397,"american, fast food, salad, healthy food",american,2.7,2,500,114,0.3
969,"north indian, chinese",north indian,2.6,2,750,45,0.7293233082706767
303122,"fast food, north indian",fast food,3.2,1,300,22,0.3
8652,chinese,chinese,3.0,1,400,10,0.3
18420456,north indian,north indian,4.6,3,1300,128,0.3
18445790,north indian,north indian,4.8,3,1400,83,0.3
313368,ice cream,ice cream,4.7,1,150,474,0.3
18037817,"thai, european, mexican, north indian, chinese, cafe",thai,4.5,3,1500,778,0.3
304746,"american, asian, european, seafood",american,4.6,4,2000,1691,0.3
9458,"bakery, desserts, fast food",bakery,3.9,1,400,170,0.3
5878,street food,street food,3.8,1,100,413,0.3
18384134,"bakery, fast food",bakery,3.7,1,400,43,0.3
3086,"chinese, thai",chinese,3.6,3,1100,364,0.3
497,"north indian, south indian, fast food, street food, chinese, beverages, desserts, mithai",north indian,3.8,2,550,334,0.849624060150376
18461723,"desserts, ice cream",desserts,3.5,1,200,21,0.3
18163908,"north indian, mexican, chinese, italian",north indian,3.9,3,1100,605,0.3
18037816,"north indian, fast food, italian, chinese, cafe",north indian,3.8,3,1400,280,0.3
312482,"continental, north indian, chinese",continental,3.8,3,1650,316,0.3
18222577,"continental, north indian",continental,3.9,3,1700,88,0.3
966,"chinese, north indian",chinese,3.7,3,1100,662,0.7443609022556391
217,"pizza, fast food",pizza,3.5,2,700,194,0.7518796992481203
18245274,north indian,north indian,3.7,3,1300,282,0.3
5931,"bakery, fast food",bakery,3.6,1,300,120,0.3
1158,"ice cream, desserts",ice cream,3.9,1,400,122,0.3
309845,"italian, north indian, continental",italian,3.5,3,1700,313,0.3
18273540,"middle eastern, mediterranean, north indian",middle eastern,3.7,3,1250,196,0.3
310768,"north indian, continental, chinese, italian",north indian,3.8,3,1250,374,0.3
18322658,continental,continental,3.8,2,800,96,0.3
18228867,"continental, north indian, chinese, italian, finger food",continental,3.6,3,1200,751,0.3
18384149,"continental, chinese, thai, mughlai, north indian",continental,3.9,3,1500,168,0.3
18294265,"european, chinese, north indian, italian",european,3.9,4,2200,404,0.3
18472653,"north indian, chinese, continental",north indian,3.8,4,2000,52,0.3
188,"fast food, burger",fast food,3.7,2,500,161,0.7819548872180451
306014,bakery,bakery,3.8,2,500,160,0.3
18281954,"healthy food, italian, juices, beverages",healthy food,3.7,2,550,81,0.3
306410,"bakery, desserts, fast food",bakery,3.8,1,250,166,0.3
837,"north indian, mughlai",north indian,3.6,2,800,622,0.7368421052631579
18438452,"beverages, desserts",beverages,3.6,1,250,23,0.3
965,"north indian, chinese",north indian,3.7,2,700,422,0.6992481203007519
310167,"north indian, mughlai, lebanese",north indian,3.8,4,2000,300,0.3
17953943,"burger, fast food",burger,3.9,2,500,606,0.3
18241862,"north indian, mediterranean, asian",north indian,3.8,3,1400,305,0.3
18412880,"cafe, continental, italian, north indian",cafe,3.5,3,1200,35,0.3
313071,"chinese, north indian, street food",chinese,3.6,2,500,74,0.3
310395,"continental, fast food, north indian, asian",continental,3.6,3,1600,742,0.3
6195,"north indian, chinese",north indian,3.8,3,1300,608,0.3
18311919,"bakery, desserts, fast food",bakery,3.7,2,600,46,0.3
3083,"chinese, thai, continental, north indian",chinese,3.7,3,1500,699,0.3
307549,"mithai, street food",mithai,0.0,1,100,3,0.3
7287,chinese,chinese,2.2,2,600,126,0.3
306476,"continental, italian, american",continental,4.1,3,1400,1980,0.3
18369780,"cafe, asian, italian, north indian",cafe,4.2,3,1500,91,0.3
18412888,"continental, italian, north indian, chinese",continental,4.0,3,1000,115,0.3
304233,"north indian, mangalorean, chinese",north indian,4.0,3,1350,345,0.3
18345778,"north indian, chinese, continental",north indian,4.4,2,700,229,0.3
18430901,"continental, north indian, chinese, mughlai, asian",continental,4.4,2,800,153,0.3
18427236,"ice cream, desserts, beverages",ice cream,4.2,1,300,89,0.3
18441764,"north indian, mughlai, chinese",north indian,4.0,3,1200,60,0.3
312476,"north indian, continental",north indian,4.4,3,1300,1636,0.3
18421044,"north indian, fast food, italian, asian",north indian,4.3,2,800,58,0.3
18252401,"kashmiri, north indian, mughlai, south indian, maharashtrian, gujarati",kashmiri,4.4,3,1100,676,0.3
3077,"north indian, continental, mughlai, asian",north indian,4.1,3,1500,2514,0.3
300416,"north indian, street food",north indian,4.0,1,200,220,0.3
18415387,"continental, north indian, chinese, asian",continental,4.1,3,1000,163,0.3
18322621,"continental, north indian, chinese",continental,4.0,3,1300,129,0.3
18432011,"continental, healthy food",continental,4.1,2,700,31,0.3
18254514,"north indian, italian, chinese",north indian,4.2,3,1300,289,0.3
18381259,"continental, italian, mediterranean, asian",continental,4.1,3,1200,153,0.3
18454951,"continental, modern indian, asian",continental,4.0,3,1000,91,0.3
300844,fast food,fast food,3.3,1,300,85,0.3
3247,north indian,north indian,3.0,1,300,76,0.3
6481,"fast food, north indian, chinese, south indian, ice cream",fast food,2.7,1,450,114,0.3
8771,street food,street food,3.3,1,200,79,0.3
300862,"bakery, chinese, fast food",bakery,3.4,1,350,59,0.3
4056,"north indian, chinese, south indian, street food, fast food, mithai",north indian,3.4,2,550,110,0.3
308212,"chinese, fast food",chinese,3.2,1,350,212,0.3
303595,"north indian, mughlai",north indian,2.7,2,550,128,0.3
7679,"north indian, chinese, raw meats",north indian,3.1,2,700,68,0.3
8389,"pizza, fast food",pizza,3.3,2,700,82,0.3
9408,north indian,north indian,3.3,1,250,64,0.3
313336,"american, fast food",american,3.1,2,500,60,0.3
6477,"bakery, fast food",bakery,3.4,1,150,95,0.3
191,"fast food, burger",fast food,3.4,2,500,108,0.6992481203007519
2000,"north indian, chinese, south indian",north indian,3.3,1,450,116,0.3
7137,"north indian, chinese",north indian,3.0,3,1000,126,0.3
311711,fast food,fast food,3.3,1,400,34,0.3
6308,"north indian, mughlai",north indian,3.4,2,650,78,0.3
5283,"bakery, chinese, fast food",bakery,3.2,1,450,73,0.3
5313,"north indian, south indian, fast food",north indian,2.8,2,800,164,0.3
8915,"north indian, chinese",north indian,3.3,3,1000,156,0.3
309429,"raw meats, fast food, north indian",raw meats,3.4,1,150,59,0.3
3114,"chinese, north indian, mughlai",chinese,2.6,3,1000,59,0.3
3229,"american, fast food, salad, healthy food",american,3.3,2,500,132,0.3
18254676,"fast food, italian",fast food,3.1,1,400,20,0.3
18365897,biryani,biryani,3.6,2,600,45,0.3
9253,"south indian, street food, mithai",south indian,3.5,1,400,75,0.3
310459,fast food,fast food,3.5,1,350,55,0.3
218,"pizza, fast food",pizza,3.5,2,700,123,0.7593984962406015
300841,"bakery, chinese",bakery,3.6,1,250,95,0.3
302466,"street food, south indian",street food,3.5,1,250,175,0.3
309629,"north indian, mughlai",north indian,3.5,2,600,62,0.3
18312438,beverages,beverages,3.8,1,400,43,0.3
9348,"fast food, burger",fast food,3.5,2,500,67,0.3
304928,"north indian, mughlai, chinese",north indian,3.5,2,800,159,0.3
18273634,fast food,fast food,3.5,1,400,42,0.3
18246132,"north indian, chinese",north indian,3.8,2,500,56,0.3
302302,north indian,north indian,3.6,1,200,98,0.3
18355152,north indian,north indian,3.8,2,700,31,0.3
308969,street food,street food,3.9,1,200,129,0.3
302344,"south indian, chinese",south indian,3.5,1,250,62,0.3
307466,"bakery, desserts, fast food",bakery,3.9,1,350,257,0.3
3108,north indian,north indian,3.5,1,400,70,0.3
309783,"north indian, chinese, fast food",north indian,3.5,1,450,83,0.3
8883,"north indian, chinese",north indian,2.3,2,550,128,0.3
300966,"north indian, south indian, chinese",north indian,2.4,2,600,62,0.3
18408058,"north indian, continental, european, american, mediterranean",north indian,4.2,3,1400,69,0.3
301763,north indian,north indian,4.2,1,250,171,0.3
18425766,continental,continental,2.9,4,3700,4,0.3
18382353,"continental, american, north indian",continental,3.6,4,3000,30,0.3
18463962,"cafe, bakery",cafe,0.0,3,1000,3,0.3
7310,"north indian, chinese, south indian",north indian,3.1,2,700,45,0.3
4336,"north indian, chinese",north indian,3.2,2,500,18,0.3
305517,north indian,north indian,3.0,1,300,6,0.3
303289,mithai,mithai,2.6,1,250,12,0.3
18334429,chinese,chinese,3.0,1,400,7,0.3
309531,north indian,north indian,3.3,1,300,27,0.3
8216,fast food,fast food,3.3,1,200,34,0.3
18384121,"naga, tibetan",naga,3.4,2,500,15,0.3
1775,"north indian, south indian, chinese, street food, mithai",north indian,2.8,2,550,90,0.3
300258,cafe,cafe,2.5,2,750,32,0.3
304107,cafe,cafe,2.8,1,450,16,0.3
18247034,"cafe, bakery",cafe,3.0,2,700,5,0.3
18357109,chinese,chinese,3.0,2,500,12,0.3
309026,"north indian, south indian, chinese",north indian,2.9,1,300,4,0.3
18358685,"mughlai, north indian, chinese",mughlai,3.4,2,700,13,0.3
18219516,chinese,chinese,3.1,2,500,8,0.3
18461946,"pizza, continental, beverages",pizza,3.3,1,300,15,0.3
304194,"north indian, chinese",north indian,2.6,2,800,83,0.3
300280,"tibetan, chinese",tibetan,2.8,1,400,53,0.3
9565,"tibetan, chinese",tibetan,3.3,2,500,141,0.3
18126972,"north indian, chinese",north indian,2.6,2,650,70,0.3
18285198,"ice cream, desserts",ice cream,2.9,1,300,9,0.3
7318,"raw meats, north indian, fast food",raw meats,3.3,1,350,30,0.3
305514,north indian,north indian,3.1,1,300,16,0.3
4330,north indian,north indian,2.8,1,350,60,0.3
304186,chinese,chinese,3.1,2,600,35,0.3
18219526,fast food,fast food,3.2,1,300,37,0.3
18254549,"chinese, fast food",chinese,2.7,2,500,26,0.3
311570,chinese,chinese,2.7,1,450,6,0.3
309804,chinese,chinese,3.3,2,500,33,0.3
18144483,"tibetan, chinese",tibetan,3.1,2,700,34,0.3
309806,"pizza, fast food",pizza,3.4,1,350,25,0.3
305516,north indian,north indian,2.8,1,200,8,0.3
18361271,naga,naga,3.0,1,400,7,0.3
311828,"north indian, mughlai",north indian,2.7,2,800,90,0.3
310436,"north indian, chinese, fast food",north indian,2.7,1,400,11,0.3
5846,"north indian, chinese, mughlai",north indian,3.0,2,900,64,0.3
309808,"fast food, north indian",fast food,2.8,2,600,9,0.3
18432849,"north indian, mughlai",north indian,3.3,2,500,13,0.3
7322,"american, fast food, salad, healthy food",american,2.9,2,500,188,0.3
308219,"bakery, desserts",bakery,3.4,2,500,26,0.3
18138427,"bakery, desserts",bakery,3.0,2,600,6,0.3
18424971,"bakery, desserts",bakery,3.1,1,400,8,0.3
18456724,"naga, tibetan, chinese, bakery",naga,3.0,2,600,4,0.3
300281,chinese,chinese,3.4,1,400,63,0.3
304187,"chinese, tibetan, fast food",chinese,3.3,2,500,150,0.3
310942,"fast food, american, italian",fast food,3.6,2,600,103,0.3
309475,"european, north indian",european,3.7,3,1300,210,0.3
306870,"north indian, mughlai",north indian,3.5,2,500,40,0.3
300283,"chinese, tibetan",chinese,3.5,2,600,123,0.3
18337779,"cafe, korean",cafe,3.6,2,600,110,0.3
307464,"north indian, tibetan",north indian,3.7,2,600,154,0.3
1774,"fast food, desserts",fast food,3.5,1,400,51,0.3
7319,"north indian, chinese, mughlai",north indian,3.8,2,800,310,0.3
3164,"north indian, chinese, mughlai",north indian,3.9,3,1000,223,0.3
18458306,sushi,sushi,3.9,3,1000,21,0.3
312130,north eastern,north eastern,3.7,2,600,94,0.3
306581,"european, italian",european,3.7,4,2300,622,0.3
18357527,"cafe, american, continental, nepalese",cafe,3.6,2,500,31,0.3
18337920,"continental, fast food",continental,3.6,2,600,49,0.3
18416859,north indian,north indian,0.0,1,400,2,0.3
18485984,"fast food, beverages, desserts",fast food,0.0,1,400,1,0.3
18393436,"continental, chinese, fast food",continental,0.0,1,400,2,0.3
310320,"bakery, desserts",bakery,0.0,1,300,3,0.3
18331664,"north indian, south indian",north indian,0.0,1,350,1,0.3
18291208,"mughlai, north indian",mughlai,0.0,1,400,2,0.3
18285734,assamese,assamese,0.0,1,300,2,0.3
18334432,north indian,north indian,0.0,1,300,2,0.3
18416831,"chinese, north indian, fast food, street food",chinese,0.0,1,450,1,0.3
18496493,"chinese, mughlai, north indian",chinese,0.0,1,300,1,0.3
18285204,"chinese, thai",chinese,0.0,1,300,1,0.3
628,cafe,cafe,2.4,1,450,28,0.706766917293233
305606,"north indian, chinese, fast food",north indian,2.3,2,500,54,0.3
18396054,"cafe, north indian, chinese",cafe,4.2,3,1200,49,0.3
18237319,"european, asian",european,4.3,4,2000,96,0.3
17953911,naga,naga,4.0,1,400,149,0.3
18456770,pizza,pizza,4.0,2,800,41,0.3
1777,"north indian, mughlai, chinese",north indian,4.3,2,800,3530,0.3
18138443,"mexican, american",mexican,4.2,3,1800,420,0.3
313269,"pizza, italian",pizza,4.1,2,900,647,0.3
18428536,fast food,fast food,2.7,1,200,6,0.3
300231,"mithai, street food",mithai,2.8,1,100,14,0.3
300236,"mithai, street food, north indian, south indian, chinese",mithai,2.7,1,350,16,0.3
18303837,"pizza, fast food",pizza,2.7,2,500,4,0.3
312827,"north indian, mughlai",north indian,2.8,1,350,5,0.3
302326,fast food,fast food,2.7,1,300,16,0.3
300235,"street food, north indian",street food,2.7,1,100,17,0.3
309192,"bakery, desserts",bakery,3.1,1,450,12,0.3
2201,"north indian, mughlai",north indian,2.9,3,1000,13,0.3
18355141,biryani,biryani,0.0,1,300,1,0.3
18408037,north indian,north indian,0.0,1,200,1,0.3
18489533,"north indian, mughlai, chinese",north indian,0.0,1,350,0,0.3
18471278,"healthy food, juices",healthy food,0.0,1,200,0,0.3
18440160,"north indian, mughlai",north indian,0.0,2,800,0,0.3
18354987,north indian,north indian,0.0,1,350,0,0.3
302314,mithai,mithai,0.0,1,150,3,0.3
18355145,north indian,north indian,0.0,1,150,0,0.3
18355137,"north indian, chinese",north indian,0.0,1,200,0,0.3
18489523,"bakery, fast food",bakery,0.0,1,300,0,0.3
18408066,"raw meats, north indian",raw meats,0.0,1,300,1,0.3
18312586,"bakery, fast food",bakery,0.0,1,150,1,0.3
18492960,north indian,north indian,0.0,1,200,0,0.3
302311,"bakery, fast food",bakery,0.0,1,250,2,0.3
18469965,asian,asian,0.0,2,850,1,0.3
18488864,"desserts, ice cream, pizza",desserts,0.0,1,250,1,0.3
18470757,north indian,north indian,0.0,1,350,0,0.3
18355143,north indian,north indian,0.0,1,100,0,0.3
18465571,american,american,0.0,1,400,0,0.3
302318,"mithai, chinese",mithai,0.0,1,200,2,0.3
18303708,chinese,chinese,0.0,1,250,0,0.3
18355147,north indian,north indian,0.0,1,100,0,0.3
311821,"bakery, desserts",bakery,0.0,1,400,0,0.3
18414500,"north indian, chinese, south indian",north indian,0.0,1,300,0,0.3
18419682,"fast food, north indian",fast food,0.0,1,300,0,0.3
18203159,north indian,north indian,2.4,1,300,4,0.3
309152,"north indian, biryani",north indian,3.0,1,250,5,0.3
309113,"north indian, chinese, italian",north indian,3.3,3,1300,118,0.3
18398598,"finger food, north indian, continental, chinese, italian",finger food,3.0,3,1500,4,0.3
18303720,"chinese, italian, fast food",chinese,2.8,1,400,24,0.3
18303716,"pizza, north indian, continental",pizza,3.4,2,700,42,0.3
300221,fast food,fast food,3.3,1,200,20,0.3
18203177,"north indian, mughlai, chinese",north indian,2.8,2,600,16,0.3
308992,north indian,north indian,3.0,1,100,8,0.3
18368005,"north indian, mughlai, chinese, fast food",north indian,2.7,2,600,11,0.3
311517,fast food,fast food,3.0,1,300,4,0.3
18282049,south indian,south indian,3.2,1,150,15,0.3
308166,"north indian, chinese",north indian,2.5,2,800,20,0.3
256,"italian, pizza, fast food",italian,3.1,3,1000,237,0.706766917293233
18348790,north indian,north indian,3.2,1,300,10,0.3
309874,"pizza, fast food",pizza,3.0,2,550,15,0.3
7131,"north indian, mughlai",north indian,2.9,2,700,33,0.3
312032,"bakery, desserts",bakery,3.4,1,300,31,0.3
311370,"asian, chinese",asian,3.2,2,700,121,0.3
18233797,"north indian, chinese",north indian,2.7,1,300,4,0.3
313311,"chinese, asian, mediterranean, continental",chinese,3.9,2,750,305,0.3
3797,cafe,cafe,3.7,2,600,118,0.3
309893,"bakery, desserts",bakery,3.7,2,500,60,0.3
4889,"continental, italian, north indian",continental,3.6,4,3000,184,0.3
18373071,beverages,beverages,3.8,1,200,25,0.3
18238757,"fast food, beverages",fast food,3.7,1,200,36,0.3
311326,street food,street food,3.6,2,500,66,0.3
18255154,"north indian, mediterranean, asian",north indian,3.8,3,1500,220,0.3
18465802,"chinese, north indian",chinese,0.0,1,200,0,0.3
18303815,north indian,north indian,0.0,1,200,3,0.3
18409190,"north indian, street food",north indian,0.0,1,100,0,0.3
18463563,north indian,north indian,0.0,1,400,2,0.3
311174,"fast food, pizza",fast food,2.1,2,600,39,0.3
4726,"north indian, chinese",north indian,2.1,1,450,112,0.3
18217023,cafe,cafe,4.4,1,350,269,0.3
18279172,"ice cream, desserts",ice cream,4.2,1,250,92,0.3
8621,"cafe, italian, lebanese, continental, mediterranean",cafe,4.1,3,1000,1653,0.3
18463567,south american,south american,3.3,4,2500,14,0.3
18124378,"european, italian",european,3.8,4,2000,109,0.3
313061,cafe,cafe,3.7,2,700,74,0.3
18126111,"continental, american, italian, seafood, north indian, cafe",continental,4.0,4,2000,304,0.3
18053052,"north indian, continental, asian",north indian,4.1,3,1700,416,0.3
18034053,"asian, sushi",asian,4.1,3,1800,695,0.3
18144458,thai,thai,4.1,3,1500,259,0.3
306801,"arabian, north indian",arabian,2.9,2,600,7,0.3
7815,"mithai, street food",mithai,3.0,1,100,9,0.3
1461,north indian,north indian,3.0,2,500,19,0.3
18339800,"north indian, fast food, chinese",north indian,2.6,2,700,15,0.3
309728,"raw meats, north indian, fast food",raw meats,3.3,1,350,14,0.3
308536,"north indian, chinese",north indian,2.8,1,350,7,0.3
18357533,fast food,fast food,3.1,1,300,8,0.3
18424619,fast food,fast food,3.2,1,200,7,0.3
7824,north indian,north indian,3.0,1,150,14,0.3
18219530,"north indian, chinese",north indian,3.0,2,600,9,0.3
303057,"bakery, desserts",bakery,3.2,2,500,16,0.3
307409,"bakery, desserts",bakery,3.5,1,400,40,0.3
7803,"mithai, street food",mithai,0.0,1,100,1,0.3
18472439,biryani,biryani,0.0,1,200,3,0.3
18424883,"north indian, south indian, mughlai",north indian,0.0,1,250,1,0.3
18357939,south indian,south indian,0.0,1,200,0,0.3
18357941,"north indian, mughlai, chinese",north indian,0.0,2,750,0,0.3
310198,"bakery, desserts",bakery,0.0,1,300,1,0.3
18390309,north indian,north indian,0.0,1,150,0,0.3
18364414,north indian,north indian,0.0,1,200,1,0.3
7905,bakery,bakery,0.0,1,150,2,0.3
18357819,north indian,north indian,0.0,1,200,0,0.3
7818,mithai,mithai,0.0,1,100,1,0.3
18357948,north indian,north indian,0.0,1,300,0,0.3
18357943,mughlai,mughlai,0.0,1,400,0,0.3
18372279,"north indian, chinese",north indian,2.4,1,400,8,0.3
18384138,north indian,north indian,3.2,2,650,11,0.3
18211312,"mithai, street food",mithai,3.2,1,100,16,0.3
7591,"fast food, street food",fast food,2.7,1,150,16,0.3
1634,"chinese, south indian",chinese,3.3,1,300,38,0.3
307618,street food,street food,3.7,1,100,223,0.3
306535,street food,street food,3.8,1,200,168,0.3
18396418,"bakery, fast food",bakery,0.0,1,400,0,0.3
18357568,"mughlai, north indian",mughlai,0.0,2,600,0,0.3
18425158,fast food,fast food,0.0,1,250,1,0.3
18492652,beverages,beverages,0.0,1,150,0,0.3
18425149,"chinese, fast food",chinese,0.0,1,300,1,0.3
18489497,mughlai,mughlai,0.0,1,300,1,0.3
18486878,mughlai,mughlai,0.0,1,300,0,0.3
3464,fast food,fast food,2.6,1,250,23,0.3
18252361,"north indian, chinese, fast food",north indian,3.2,1,400,11,0.3
18252412,"cafe, continental, italian, north indian",cafe,3.4,2,700,178,0.3
1637,"bakery, fast food",bakery,3.2,1,400,82,0.3
3463,north indian,north indian,2.7,1,300,11,0.3
18454499,north indian,north indian,3.2,2,500,8,0.3
609,cafe,cafe,3.3,1,450,78,0.7218045112781954
18441687,"fast food, north indian",fast food,3.1,1,400,6,0.3
305472,"cafe, fast food",cafe,2.6,2,500,21,0.3
4649,chinese,chinese,3.2,2,500,33,0.3
300267,"bakery, desserts",bakery,3.4,1,300,76,0.3
304976,"bakery, desserts",bakery,3.3,2,500,62,0.3
18423129,chinese,chinese,3.0,1,350,8,0.3
18456150,"north indian, chinese, mughlai",north indian,3.2,1,300,11,0.3
18157391,"desserts, beverages",desserts,3.3,1,300,31,0.3
18469968,"continental, mexican, fast food, north indian, chinese",continental,3.1,2,500,6,0.3
18292083,"cafe, italian",cafe,3.3,2,600,22,0.3
18356773,chinese,chinese,3.3,1,100,8,0.3
309811,mughlai,mughlai,2.9,1,450,20,0.3
18453788,"cafe, chinese, fast food",cafe,3.0,2,800,4,0.3
18460981,"chinese, fast food",chinese,3.2,1,300,9,0.3
18287389,desserts,desserts,3.4,1,200,15,0.3
1629,"north indian, mughlai, chinese",north indian,2.5,1,300,23,0.3
18288761,"cafe, chinese, italian",cafe,3.0,1,450,18,0.3
7603,north indian,north indian,3.0,1,250,26,0.3
18204486,"north indian, chinese",north indian,2.6,1,450,31,0.3
18341806,"chinese, continental, italian, north indian",chinese,3.1,2,800,27,0.3
18423125,"north indian, chinese",north indian,3.0,3,1200,6,0.3
18175323,"chinese, fast food",chinese,3.4,1,350,154,0.3
18237321,"cafe, continental, italian, mexican, chinese, american",cafe,4.7,2,600,1563,0.3
18336489,"cafe, continental, italian, fast food",cafe,3.7,2,800,216,0.3
312772,"italian, continental, mexican, north indian",italian,3.9,3,1500,1316,0.3
351,fast food,fast food,3.5,1,350,345,0.7593984962406015
309140,"cafe, fast food",cafe,3.7,2,500,193,0.3
311854,"fast food, italian, beverages",fast food,3.5,2,600,60,0.3
18391128,"continental, american, italian, north indian, chinese",continental,3.6,2,600,23,0.3
18228894,"cafe, italian, chinese, north indian",cafe,3.8,2,500,401,0.3
18429392,"north indian, chinese",north indian,3.5,2,950,20,0.3
18364239,"chinese, continental",chinese,3.8,2,600,80,0.3
300815,"cafe, italian, north indian",cafe,3.6,2,600,365,0.3
18322638,"cafe, fast food",cafe,3.9,1,300,91,0.3
2215,"chinese, thai, japanese, tibetan",chinese,3.9,2,800,363,0.3
304162,"street food, chinese, north indian",street food,3.6,2,600,364,0.3
18157395,"north indian, chinese, italian",north indian,3.9,2,700,176,0.3
309865,"north indian, chinese, fast food, cafe",north indian,3.9,2,800,288,0.3
18249109,"ice cream, desserts",ice cream,3.5,1,400,27,0.3
18355138,fast food,fast food,3.7,1,300,26,0.3
300185,"fast food, burger",fast food,3.5,1,300,115,0.3
300269,fast food,fast food,3.9,1,100,184,0.3
18398506,"cafe, north indian, chinese",cafe,3.6,2,800,67,0.3
313296,"chinese, thai, continental, fast food, north indian",chinese,3.9,2,750,117,0.3
18445781,cafe,cafe,3.6,1,250,25,0.3
18372705,"cafe, north indian, continental, italian",cafe,3.7,2,700,43,0.3
4278,"american, fast food, salad, healthy food",american,3.6,2,500,144,0.3
18312446,"sushi, asian",sushi,3.7,2,800,74,0.3
18261701,cafe,cafe,3.9,1,300,142,0.3
18424602,cafe,cafe,3.9,2,800,35,0.3
18358164,"cafe, continental, mexican, italian, north indian, chinese",cafe,3.7,2,800,177,0.3
18336204,"cafe, continental, italian, chinese",cafe,3.6,2,550,83,0.3
18368002,"cafe, north indian, continental, chinese",cafe,3.9,2,600,142,0.3
18245295,"cafe, continental, chinese, north indian, italian",cafe,3.6,3,1000,244,0.3
18268693,street food,street food,3.7,1,150,48,0.3
18472609,"fast food, beverages",fast food,0.0,1,300,3,0.3
300183,"italian, pizza",italian,2.3,2,800,114,0.3
18216918,"chinese, fast food",chinese,2.2,1,350,41,0.3
306503,"cafe, fast food, italian",cafe,4.2,2,600,3311,0.3
18291230,"street food, south indian",street food,4.1,1,400,295,0.3
18418239,"burger, fast food",burger,4.4,1,450,178,0.3
18391458,"cafe, italian, continental",cafe,4.0,2,600,49,0.3
18418358,"cafe, italian, continental, mexican",cafe,4.1,2,800,37,0.3
18433610,"cafe, continental, italian",cafe,4.0,2,600,48,0.3
18391320,"desserts, ice cream",desserts,4.0,1,250,44,0.3
18222586,"cafe, north indian, chinese, continental",cafe,4.0,2,650,355,0.3
18303832,"cafe, continental, italian, chinese, north indian",cafe,4.2,2,600,349,0.3
18349916,"cafe, continental, italian",cafe,4.2,2,600,530,0.3
18358675,"cafe, continental, north indian, chinese, mexican",cafe,4.0,2,700,107,0.3
312142,"hyderabadi, biryani, north indian",hyderabadi,4.2,2,650,295,0.3
307571,"cafe, fast food, italian, chinese",cafe,4.1,2,850,1479,0.3
311340,"cafe, italian, chinese, continental",cafe,4.1,2,500,658,0.3
7849,"mithai, street food",mithai,2.9,1,200,4,0.3
304950,"bakery, desserts",bakery,3.1,2,600,15,0.3
304633,"bakery, desserts",bakery,3.1,1,300,7,0.3
5848,cafe,cafe,3.4,2,600,53,0.3
18133471,chinese,chinese,3.2,2,500,49,0.3
18312609,"continental, italian",continental,2.6,2,700,100,0.3
18336481,mexican,mexican,3.4,2,850,69,0.3
18425760,"north indian, continental",north indian,2.9,3,1000,15,0.3
18216936,"north indian, chinese, mughlai",north indian,2.5,2,550,40,0.3
528,cafe,cafe,3.6,2,650,104,0.7744360902255639
18349937,beverages,beverages,3.6,1,400,18,0.3
782,north indian,north indian,3.7,1,200,85,0.6691729323308271
312937,"bakery, desserts",bakery,3.9,2,800,47,0.3
18375411,north indian,north indian,0.0,1,300,1,0.3
18279458,"bakery, mithai",bakery,0.0,1,200,2,0.3
18433987,"bakery, fast food",bakery,3.1,1,300,9,0.3
2228,turkish,turkish,3.4,2,600,202,0.3
1643,pizza,pizza,3.4,2,600,271,0.3
2910,fast food,fast food,3.4,1,250,203,0.3
7364,mughlai,mughlai,3.4,2,650,504,0.3
18429148,"asian, chinese, thai, japanese",asian,4.7,4,2000,268,0.3
506,cafe,cafe,3.6,2,650,99,0.7518796992481203
311103,"korean, beverages, desserts",korean,3.9,2,650,179,0.3
310916,"pizza, italian",pizza,3.8,3,1250,298,0.3
306545,"mediterranean, american, asian",mediterranean,3.6,3,1600,392,0.3
3921,chinese,chinese,3.5,3,1800,385,0.3
311634,beverages,beverages,3.9,1,400,383,0.3
8877,"bakery, desserts, fast food",bakery,3.8,1,400,157,0.3
311756,"healthy food, salad",healthy food,3.7,2,600,217,0.3
311563,south indian,south indian,3.9,2,500,197,0.3
9984,cafe,cafe,3.9,2,700,725,0.3
1372,cafe,cafe,3.7,2,700,417,0.3
9467,cafe,cafe,3.6,2,700,127,0.3
311440,"lebanese, arabian, moroccan",lebanese,2.2,2,900,122,0.3
18424903,"italian, mexican, spanish, thai, vietnamese, indonesian, american",italian,4.3,4,2000,130,0.3
311749,desserts,desserts,4.2,2,500,228,0.3
18268720,"cafe, continental, italian",cafe,4.0,3,1500,61,0.3
4271,"desserts, ice cream",desserts,4.0,2,700,649,0.3
305833,"desserts, beverages",desserts,4.0,1,350,734,0.3
307296,"ice cream, desserts",ice cream,4.0,2,650,135,0.3
2786,"north indian, mughlai",north indian,4.2,3,1950,1971,0.3
302422,"north indian, fast food, south indian",north indian,2.8,1,200,5,0.3
302418,"north indian, mughlai",north indian,3.1,1,450,14,0.3
302416,"mithai, street food",mithai,2.9,1,100,4,0.3
18343904,north indian,north indian,2.9,1,450,6,0.3
302369,north indian,north indian,2.7,1,150,5,0.3
302425,street food,street food,3.1,1,100,19,0.3
302399,"north indian, chinese, fast food",north indian,3.0,1,300,22,0.3
302396,"north indian, mughlai",north indian,2.8,2,500,9,0.3
6224,ice cream,ice cream,2.9,1,100,4,0.3
303906,north indian,north indian,3.0,1,250,10,0.3
18291454,fast food,fast food,2.9,1,300,4,0.3
302433,"north indian, mughlai",north indian,3.0,2,550,14,0.3
312810,"north indian, chinese, south indian",north indian,3.3,1,400,34,0.3
310563,"pizza, fast food",pizza,2.8,2,700,31,0.3
6228,street food,street food,2.9,1,100,5,0.3
312671,"ice cream, desserts",ice cream,3.1,1,400,8,0.3
18332676,north indian,north indian,3.0,1,300,6,0.3
18146396,"chinese, north indian",chinese,3.2,1,300,14,0.3
18126077,north indian,north indian,3.3,2,600,25,0.3
308906,mithai,mithai,3.3,1,200,19,0.3
302358,chinese,chinese,3.3,1,300,27,0.3
302424,north indian,north indian,3.3,1,150,40,0.3
302359,"south indian, fast food",south indian,3.4,1,250,28,0.3
6206,north indian,north indian,3.0,1,200,14,0.3
311371,"fast food, chinese",fast food,2.7,1,350,18,0.3
18128853,"north indian, chinese, street food",north indian,2.8,1,350,5,0.3
307976,"chinese, south indian",chinese,2.8,1,300,11,0.3
6252,north indian,north indian,3.1,2,550,15,0.3
18128862,"pizza, fast food",pizza,2.8,1,450,6,0.3
307520,"pizza, fast food",pizza,2.7,1,450,29,0.3
310689,"pizza, fast food",pizza,3.0,1,400,9,0.3
308522,"north indian, chinese",north indian,2.8,1,300,11,0.3
310807,"south indian, fast food, chinese",south indian,2.9,2,550,10,0.3
302442,street food,street food,3.1,1,100,13,0.3
307986,mithai,mithai,3.2,1,150,11,0.3
6219,north indian,north indian,3.0,1,150,9,0.3
312773,"street food, fast food",street food,2.9,1,200,6,0.3
308513,"north indian, chinese",north indian,2.7,1,450,24,0.3
18378019,"north indian, chinese, south indian, bakery",north indian,2.9,2,600,6,0.3
6218,"north indian, chinese",north indian,3.1,2,550,22,0.3
18428201,bakery,bakery,3.5,1,300,14,0.3
18294229,north indian,north indian,0.0,1,250,3,0.3
18350567,north indian,north indian,0.0,2,500,1,0.3
18423878,"mithai, fast food",mithai,0.0,1,200,2,0.3
308908,"bakery, mithai",bakery,0.0,1,100,2,0.3
302436,"mithai, street food",mithai,0.0,1,100,2,0.3
18423867,"mithai, fast food",mithai,0.0,1,300,1,0.3
18423872,mithai,mithai,0.0,1,150,1,0.3
18435811,mughlai,mughlai,0.0,1,250,1,0.3
18332478,"chinese, north indian",chinese,0.0,1,400,3,0.3
18423865,"mithai, fast food",mithai,0.0,2,500,2,0.3
18377919,"north indian, chinese, south indian",north indian,0.0,1,300,1,0.3
302411,"mithai, street food",mithai,0.0,1,100,1,0.3
18423869,street food,street food,0.0,1,200,2,0.3
18128874,"chinese, street food",chinese,0.0,1,150,2,0.3
18224540,"north indian, chinese",north indian,0.0,1,300,3,0.3
6230,"south indian, chinese",south indian,0.0,1,200,3,0.3
18377910,chinese,chinese,0.0,1,250,2,0.3
18128876,"chinese, fast food, north indian",chinese,0.0,1,400,3,0.3
307521,"north indian, street food",north indian,0.0,1,300,3,0.3
18284473,north indian,north indian,0.0,1,150,3,0.3
18481404,"south indian, chinese",south indian,0.0,1,200,2,0.3
18435311,north indian,north indian,0.0,1,400,1,0.3
18291465,"bakery, desserts",bakery,0.0,1,100,1,0.3
18423140,mughlai,mughlai,0.0,1,150,1,0.3
18423122,mithai,mithai,0.0,1,300,2,0.3
18438426,chinese,chinese,0.0,1,200,1,0.3
18435320,chinese,chinese,0.0,1,200,1,0.3
305626,mithai,mithai,0.0,1,200,2,0.3
18423859,"bakery, desserts",bakery,0.0,1,100,1,0.3
18423857,"mithai, street food",mithai,0.0,1,150,0,0.3
18423876,south indian,south indian,0.0,2,500,3,0.3
302427,"north indian, south indian",north indian,0.0,1,200,2,0.3
18432109,"bakery, desserts",bakery,0.0,2,500,0,0.3
18438433,"street food, chinese",street food,0.0,1,250,2,0.3
18128872,"fast food, pizza",fast food,0.0,1,350,3,0.3
18378042,pizza,pizza,0.0,1,250,2,0.3
18423863,"mithai, street food",mithai,0.0,1,150,1,0.3
18378026,north indian,north indian,0.0,1,200,2,0.3
18378022,"bakery, fast food",bakery,0.0,1,300,2,0.3
18288644,"raw meats, fast food, north indian",raw meats,0.0,1,150,3,0.3
18423870,"fast food, south indian",fast food,0.0,1,200,1,0.3
18435823,mughlai,mughlai,0.0,1,300,0,0.3
18474418,"chinese, north indian",chinese,0.0,1,350,3,0.3
18423861,"north indian, chinese",north indian,0.0,1,400,1,0.3
18435803,"pizza, burger, fast food",pizza,0.0,1,250,2,0.3
18377912,north indian,north indian,0.0,1,300,3,0.3
312268,tea,tea,3.4,2,500,18,0.3
773,"italian, pizza, bakery",italian,2.6,2,700,274,0.6616541353383458
305147,cafe,cafe,3.4,2,800,112,0.3
18337924,"cafe, north indian, chinese, south indian",cafe,3.2,2,650,18,0.3
18481305,north indian,north indian,3.4,1,400,13,0.3
18180080,cafe,cafe,4.6,3,1100,112,0.3
18306545,"asian, north indian",asian,3.8,3,1100,56,0.3
303723,cafe,cafe,3.6,3,1100,260,0.3
18222560,"hyderabadi, north indian",hyderabadi,3.5,2,700,67,0.3
311483,"cafe, continental, chinese, italian",cafe,3.8,3,1200,177,0.3
305640,"north indian, continental, salad",north indian,3.6,1,400,43,0.3
18282007,"north indian, italian, continental",north indian,3.5,3,1000,84,0.3
301793,cafe,cafe,3.6,2,800,119,0.3
18350234,ice cream,ice cream,3.5,1,200,23,0.3
300969,"desserts, bakery",desserts,3.7,2,600,40,0.3
18161610,cafe,cafe,3.8,2,700,59,0.3
310502,"north indian, fast food",north indian,2.3,2,700,82,0.3
18244555,"asian, chinese, thai, vietnamese",asian,4.2,3,1000,264,0.3
18466435,"biryani, mughlai",biryani,4.0,2,700,24,0.3
18163906,"cafe, continental, italian",cafe,4.0,2,700,88,0.3
18421026,cafe,cafe,4.0,2,900,55,0.3
18291469,"cafe, continental, italian",cafe,4.4,3,1000,165,0.3
18322609,"cafe, continental, italian, mexican",cafe,4.0,3,1000,134,0.3
307391,"bakery, desserts",bakery,4.2,2,500,292,0.3
18400746,"north indian, mughlai",north indian,4.4,2,750,52,0.3
9417,"cafe, bakery, italian",cafe,4.1,3,1000,251,0.3
18303719,"south indian, fast food",south indian,3.3,1,300,13,0.3
6107,north indian,north indian,2.8,1,200,11,0.3
313139,north indian,north indian,2.9,1,450,6,0.3
309044,"chinese, north indian",chinese,2.6,2,500,94,0.3
18157406,"north indian, chinese",north indian,3.0,1,200,7,0.3
311196,"pizza, fast food",pizza,3.1,2,500,16,0.3
304965,"north indian, chinese",north indian,2.9,1,450,4,0.3
18438438,bakery,bakery,0.0,1,250,0,0.3
18418252,"desserts, north indian",desserts,0.0,1,250,1,0.3
18163895,cafe,cafe,0.0,1,450,0,0.3
18463999,bakery,bakery,0.0,2,500,0,0.3
18438457,"chinese, fast food",chinese,0.0,1,300,1,0.3
300788,"north indian, mughlai, chinese",north indian,0.0,2,500,3,0.3
18438448,"chinese, fast food",chinese,0.0,1,300,0,0.3
18441706,fast food,fast food,0.0,1,250,0,0.3
9855,north indian,north indian,0.0,1,200,1,0.3
18380146,north indian,north indian,0.0,1,250,1,0.3
18409189,chinese,chinese,0.0,1,200,0,0.3
18377880,pizza,pizza,0.0,1,300,0,0.3
18377888,north indian,north indian,0.0,1,400,1,0.3
18438465,street food,street food,0.0,1,150,0,0.3
18291209,"pizza, ice cream",pizza,0.0,1,250,0,0.3
18441710,south indian,south indian,0.0,1,200,0,0.3
18419917,"north indian, chinese",north indian,0.0,1,400,3,0.3
18418243,north indian,north indian,0.0,1,200,0,0.3
18441700,"north indian, chinese, fast food",north indian,0.0,1,250,0,0.3
311189,"north indian, fast food",north indian,0.0,1,200,1,0.3
2055,"south indian, chinese",south indian,3.1,1,350,14,0.3
2383,"chinese, fast food",chinese,2.7,1,400,11,0.3
304092,north indian,north indian,3.4,1,300,18,0.3
302471,north indian,north indian,3.0,1,250,11,0.3
6555,mithai,mithai,2.9,1,100,8,0.3
4716,ice cream,ice cream,3.4,1,300,21,0.3
311364,"north indian, chinese, fast food",north indian,3.0,1,400,7,0.3
313494,mithai,mithai,3.2,1,200,8,0.3
8628,"mithai, street food",mithai,3.2,1,150,24,0.3
18312595,cafe,cafe,3.1,1,450,5,0.3
1501,"north indian, chinese",north indian,3.0,2,700,71,0.3
18383610,"mithai, street food",mithai,3.2,1,200,9,0.3
2053,chinese,chinese,3.0,1,350,13,0.3
311358,"pizza, fast food",pizza,3.0,2,700,28,0.3
301487,bakery,bakery,3.1,1,200,10,0.3
18288186,"ice cream, desserts",ice cream,3.3,1,400,13,0.3
8670,fast food,fast food,3.4,1,200,53,0.3
18376510,beverages,beverages,3.1,1,400,4,0.3
302452,north indian,north indian,3.0,1,150,4,0.3
2049,"south indian, chinese",south indian,2.7,2,500,91,0.3
304090,north indian,north indian,3.1,1,350,9,0.3
6561,"north indian, street food, chinese",north indian,3.2,1,300,21,0.3
6562,"fast food, north indian",fast food,3.4,1,300,46,0.3
8672,north indian,north indian,2.9,1,150,6,0.3
18380175,"north indian, south indian, chinese",north indian,3.2,2,600,28,0.3
301517,"chinese, fast food",chinese,3.1,1,400,23,0.3
312858,"north indian, mughlai",north indian,2.9,1,250,4,0.3
18222576,fast food,fast food,2.8,1,250,11,0.3
18455522,"north indian, chinese",north indian,3.1,2,500,4,0.3
311168,"north indian, chinese",north indian,3.0,1,400,9,0.3
18357957,"north indian, chinese",north indian,3.1,2,500,5,0.3
306751,"bakery, desserts, chinese, fast food",bakery,3.1,1,200,12,0.3
18400759,"north indian, chinese",north indian,3.3,2,600,13,0.3
8676,chinese,chinese,2.8,1,350,10,0.3
18442666,"fast food, beverages",fast food,3.1,1,400,4,0.3
311115,"american, fast food, salad, healthy food",american,2.6,2,500,46,0.3
303128,"fast food, north indian",fast food,3.3,1,300,21,0.3
18352278,"north indian, chinese",north indian,2.6,1,450,7,0.3
2054,"north indian, chinese",north indian,3.5,1,400,79,0.3
5271,"bakery, desserts",bakery,3.5,1,200,51,0.3
9954,"fast food, burger",fast food,3.5,2,500,39,0.3
313171,"street food, north indian",street food,3.5,1,200,31,0.3
2047,"north indian, mughlai",north indian,3.7,2,600,195,0.3
301015,"chinese, fast food",chinese,3.8,1,450,178,0.3
300780,"desserts, ice cream",desserts,3.5,1,100,31,0.3
18361764,chinese,chinese,0.0,1,300,2,0.3
18446401,fast food,fast food,0.0,1,350,1,0.3
18312578,cafe,cafe,0.0,1,450,1,0.3
18153555,"mughlai, fast food",mughlai,0.0,2,600,0,0.3
18454520,desserts,desserts,0.0,1,300,2,0.3
18416877,pizza,pizza,0.0,2,500,1,0.3
18361770,south indian,south indian,0.0,1,300,3,0.3
18214206,"bakery, fast food",bakery,0.0,1,300,0,0.3
18426782,"chinese, fast food",chinese,0.0,2,500,1,0.3
18352209,"north indian, awadhi",north indian,0.0,1,400,1,0.3
18441688,"south indian, chinese",south indian,0.0,2,500,0,0.3
18438429,north indian,north indian,0.0,2,600,2,0.3
18014115,bakery,bakery,0.0,1,200,2,0.3
18489535,north indian,north indian,0.0,1,400,0,0.3
18446398,"ice cream, desserts",ice cream,0.0,1,250,1,0.3
18445788,"desserts, beverages",desserts,0.0,1,400,0,0.3
18361757,chinese,chinese,0.0,1,300,0,0.3
18273597,north indian,north indian,0.0,1,450,0,0.3
301519,street food,street food,0.0,1,100,2,0.3
18445764,"north indian, chinese",north indian,0.0,1,400,0,0.3
18446388,fast food,fast food,0.0,1,300,2,0.3
301507,"bakery, chinese, fast food",bakery,4.0,1,350,371,0.3
18261157,"pizza, salad, finger food",pizza,3.4,4,3500,27,0.3
18277024,chinese,chinese,3.7,4,5000,65,0.3
18261160,"seafood, italian",seafood,3.9,4,5000,66,0.3
18219539,"tea, cafe",tea,4.1,4,2000,68,0.3
311369,"north indian, continental, european, chinese, thai",north indian,4.3,4,3800,400,0.3
308769,cafe,cafe,3.4,1,450,29,0.3
220,"pizza, fast food",pizza,2.8,2,700,85,0.7368421052631579
301675,"afghani, north indian, pakistani, arabian",afghani,0.0,2,500,3,0.3
18144466,cafe,cafe,3.1,1,350,14,0.3
2739,south indian,south indian,4.0,4,4000,315,0.3
18133508,"north indian, continental, asian",north indian,4.0,4,3000,160,0.3
2741,"chinese, thai, japanese",chinese,4.2,4,3000,327,0.3
308386,"pizza, fast food",pizza,2.5,2,700,58,0.3
3170,north indian,north indian,3.4,2,800,64,0.3
7760,"fast food, burger",fast food,3.3,2,500,73,0.3
18425186,"continental, north indian, italian",continental,3.3,2,800,12,0.3
311272,"bakery, fast food",bakery,2.6,2,500,24,0.3
310891,"american, fast food, salad, healthy food",american,3.4,2,500,167,0.3
9095,"street food, beverages",street food,3.9,1,150,357,0.3
305763,"north indian, italian, fast food",north indian,3.5,2,900,174,0.3
18175302,"chinese, north indian",chinese,0.0,1,350,0,0.3
18337762,bakery,bakery,0.0,1,200,1,0.3
18312639,fast food,fast food,0.0,1,300,0,0.3
18337895,fast food,fast food,0.0,1,300,0,0.3
307418,"chinese, fast food, north indian",chinese,2.3,2,600,59,0.3
3686,"north indian, mithai",north indian,2.9,1,400,18,0.3
18449626,fast food,fast food,2.9,1,100,13,0.3
7761,cafe,cafe,3.4,1,450,31,0.3
9842,"bakery, fast food",bakery,3.2,1,250,11,0.3
18254523,fast food,fast food,2.9,1,300,4,0.3
312378,chinese,chinese,3.1,2,500,11,0.3
18358171,cafe,cafe,3.1,2,600,6,0.3
307474,"pizza, fast food",pizza,2.9,2,700,63,0.3
9083,"north indian, chinese",north indian,3.4,2,600,29,0.3
310705,chinese,chinese,3.1,2,600,20,0.3
310701,fast food,fast food,3.0,1,400,7,0.3
306934,chinese,chinese,3.2,2,600,50,0.3
305651,"north indian, chinese",north indian,2.8,1,400,13,0.3
9094,"north indian, chinese",north indian,2.8,2,600,17,0.3
93,"chinese, north indian",chinese,2.7,3,1200,31,0.6766917293233082
9099,"raw meats, fast food",raw meats,2.8,1,400,13,0.3
18312618,beverages,beverages,3.1,1,150,6,0.3
18146398,chinese,chinese,3.2,1,350,14,0.3
3298,"chinese, north indian",chinese,3.2,4,2200,28,0.3
305684,"bakery, desserts",bakery,3.8,1,350,68,0.3
7759,"bakery, fast food",bakery,3.8,1,250,160,0.3
302503,ice cream,ice cream,3.6,1,100,29,0.3
677,chinese,chinese,3.6,2,500,87,0.6917293233082706
305826,cafe,cafe,3.8,2,600,68,0.3
743,"chinese, japanese",chinese,3.5,3,1100,273,0.7518796992481203
18345751,"biryani, mughlai, bengali, north indian",biryani,3.7,2,800,89,0.3
2250,north indian,north indian,3.5,1,450,104,0.3
18352214,"north indian, chinese, mughlai",north indian,3.5,2,900,40,0.3
192,"fast food, burger",fast food,3.6,2,500,167,0.7744360902255639
483,"north indian, mughlai, chinese",north indian,3.6,3,1500,177,0.6165413533834586
1675,"north indian, mughlai",north indian,3.6,2,650,215,0.3
18451269,"asian, chinese, thai, malaysian, indonesian, burmese",asian,3.8,3,1000,24,0.3
18312616,"mithai, street food",mithai,0.0,1,150,2,0.3
7793,fast food,fast food,0.0,1,250,3,0.3
18231390,"bakery, desserts",bakery,0.0,2,600,2,0.3
18427231,"bakery, desserts, healthy food",bakery,0.0,1,300,2,0.3
18427201,"north indian, chinese, continental",north indian,0.0,4,2000,3,0.3
1129,"raw meats, fast food",raw meats,0.0,1,400,1,0.3
18424170,"biryani, mughlai",biryani,0.0,1,300,1,0.3
18306530,"north indian, chinese, italian",north indian,4.0,3,1300,489,0.3
18332063,"cafe, italian",cafe,4.1,2,800,149,0.3
309852,"north indian, chinese, finger food",north indian,3.3,4,2500,179,0.3
18245284,"continental, italian, north indian",continental,3.6,3,1200,217,0.3
310413,pizza,pizza,2.6,2,600,27,0.3
18261739,north indian,north indian,2.9,1,400,18,0.3
311068,desserts,desserts,3.8,1,450,72,0.3
308175,cafe,cafe,3.7,2,700,147,0.3
18276343,chinese,chinese,3.6,2,500,22,0.3
4682,"north indian, mughlai",north indian,3.2,1,350,17,0.3
6191,cafe,cafe,2.7,1,450,29,0.3
1275,"north indian, mughlai, chinese",north indian,2.5,2,850,117,0.3
2934,"chinese, continental, thai",chinese,3.2,3,1100,88,0.3
308801,"north indian, chinese, continental",north indian,3.3,3,1250,131,0.3
4854,"italian, pizza, fast food",italian,2.7,2,800,87,0.3
306178,"north indian, chinese, continental",north indian,3.3,3,1400,91,0.3
310538,"north indian, fast food",north indian,3.0,1,250,6,0.3
305579,"mithai, chinese",mithai,2.8,1,100,5,0.3
17977785,"chinese, fast food",chinese,3.1,2,600,10,0.3
18037814,south indian,south indian,3.0,1,200,4,0.3
18472638,"fast food, italian",fast food,3.2,1,400,10,0.3
18168154,"north indian, chinese",north indian,3.2,1,400,11,0.3
18424579,north indian,north indian,3.3,1,200,16,0.3
305552,north indian,north indian,3.0,1,150,5,0.3
302004,"street food, chinese",street food,3.3,1,250,21,0.3
18386266,"chinese, north indian",chinese,3.1,1,200,10,0.3
18272352,north indian,north indian,2.9,1,350,7,0.3
300560,"bakery, fast food",bakery,2.8,1,150,16,0.3
304453,"north indian, chinese",north indian,3.0,1,300,4,0.3
18025106,"north indian, fast food",north indian,3.3,1,300,15,0.3
301836,north indian,north indian,3.1,1,150,10,0.3
306012,"beverages, fast food",beverages,2.9,1,400,8,0.3
312023,"north indian, mughlai",north indian,3.1,2,600,11,0.3
18430898,cafe,cafe,0.0,2,500,0,0.3
305570,mithai,mithai,0.0,1,100,2,0.3
18447292,"raw meats, north indian",raw meats,0.0,1,350,1,0.3
18365986,chinese,chinese,0.0,1,250,0,0.3
18441532,"north indian, chinese",north indian,0.0,2,800,0,0.3
18492045,"chinese, fast food",chinese,0.0,1,400,0,0.3
18352176,north indian,north indian,0.0,1,200,3,0.3
18451605,"chinese, south indian",chinese,0.0,1,250,0,0.3
18455549,north indian,north indian,0.0,1,300,0,0.3
18455545,ice cream,ice cream,0.0,1,50,0,0.3
18491264,"cafe, fast food, bakery",cafe,0.0,2,500,1,0.3
18455547,north indian,north indian,0.0,1,200,0,0.3
18291456,fast food,fast food,0.0,1,100,0,0.3
18472660,"chinese, north indian",chinese,0.0,1,150,0,0.3
310255,bakery,bakery,0.0,1,100,1,0.3
18366008,mithai,mithai,0.0,1,100,0,0.3
18462257,chinese,chinese,0.0,1,200,0,0.3
18312627,fast food,fast food,0.0,1,300,0,0.3
18492103,"north indian, mughlai",north indian,0.0,2,500,0,0.3
18431145,street food,street food,0.0,1,100,0,0.3
18430909,north indian,north indian,0.0,1,100,1,0.3
18198821,street food,street food,0.0,1,100,1,0.3
18430905,street food,street food,0.0,1,50,0,0.3
18430907,north indian,north indian,0.0,1,200,0,0.3
18451597,"raw meats, fast food",raw meats,0.0,1,350,0,0.3
17989089,fast food,fast food,0.0,1,150,1,0.3
18492057,fast food,fast food,0.0,1,50,0,0.3
17989093,south indian,south indian,0.0,1,250,2,0.3
18429149,biryani,biryani,0.0,1,200,0,0.3
18366006,"bakery, fast food",bakery,0.0,1,200,2,0.3
305567,north indian,north indian,0.0,1,150,0,0.3
18455551,fast food,fast food,0.0,1,150,0,0.3
18430902,"south indian, street food, mithai",south indian,0.0,1,300,0,0.3
18365385,chinese,chinese,2.4,1,350,26,0.3
586,"north indian, south indian, chinese, street food, fast food, mithai, desserts",north indian,3.3,2,600,173,0.7593984962406015
3403,"continental, european",continental,3.6,4,2200,127,0.3
2902,north indian,north indian,3.7,2,550,286,0.3
308628,"bakery, fast food",bakery,3.6,2,700,44,0.3
18466399,european,european,0.0,3,1000,3,0.3
18157416,north indian,north indian,4.0,3,1800,169,0.3
18264963,"continental, north indian, european, asian",continental,4.0,4,2200,165,0.3
18384123,beverages,beverages,3.2,1,400,6,0.3
308595,fast food,fast food,3.2,1,400,24,0.3
18251318,fast food,fast food,2.9,1,200,6,0.3
18303675,chinese,chinese,3.0,1,250,5,0.3
18245286,"pizza, italian",pizza,3.2,1,250,36,0.3
18414475,"north indian, fast food",north indian,3.0,2,600,4,0.3
308814,bakery,bakery,2.9,1,200,5,0.3
308996,north indian,north indian,2.9,1,200,5,0.3
304583,"chinese, fast food",chinese,3.3,1,450,14,0.3
308080,north indian,north indian,3.4,1,400,55,0.3
18372669,chinese,chinese,3.0,1,300,6,0.3
309305,"fast food, bakery",fast food,3.0,1,100,6,0.3
18292457,fast food,fast food,3.4,1,250,21,0.3
973,north indian,north indian,3.0,2,600,5,0.5939849624060151
18292469,fast food,fast food,3.1,1,250,8,0.3
18381626,"north indian, continental, lebanese",north indian,3.5,3,1200,24,0.3
18425157,"north indian, chinese",north indian,3.5,3,1000,26,0.3
18365991,biryani,biryani,3.5,2,600,54,0.3
18355146,north indian,north indian,3.5,2,700,38,0.3
18454473,"north indian, chinese",north indian,3.8,2,500,18,0.3
18432240,"pizza, fast food",pizza,3.5,2,500,12,0.3
312027,fast food,fast food,0.0,1,350,1,0.3
18430872,mughlai,mughlai,0.0,1,250,1,0.3
18292478,ice cream,ice cream,0.0,1,120,0,0.3
18429417,"chinese, fast food",chinese,0.0,1,350,1,0.3
18244564,"chinese, north indian",chinese,0.0,1,400,1,0.3
304385,chinese,chinese,0.0,1,100,1,0.3
9517,north indian,north indian,0.0,1,200,3,0.3
7194,chinese,chinese,0.0,1,250,2,0.3
18472448,mughlai,mughlai,0.0,1,350,3,0.3
18472599,"mughlai, north indian",mughlai,0.0,1,300,0,0.3
18429644,north indian,north indian,0.0,1,200,1,0.3
7180,"bakery, desserts",bakery,0.0,1,200,3,0.3
309006,south indian,south indian,0.0,1,300,3,0.3
18292480,fast food,fast food,0.0,1,200,2,0.3
7187,south indian,south indian,0.0,1,250,2,0.3
301998,north indian,north indian,4.3,3,1600,1252,0.3
3239,"italian, continental, finger food",italian,3.3,4,3000,50,0.3
301422,chinese,chinese,3.7,4,3200,147,0.3
4404,"continental, north indian, south indian, italian",continental,3.9,4,2500,821,0.3
300008,"north indian, european",north indian,3.3,2,800,152,0.3
18216903,"burger, fast food",burger,3.6,2,500,186,0.3
1079,"italian, pizza, fast food",italian,3.6,3,1000,141,0.3
4375,"bakery, desserts",bakery,3.1,2,500,26,0.3
3955,"continental, north indian, chinese",continental,3.2,4,2200,48,0.3
4376,cafe,cafe,3.2,3,1600,18,0.3
1898,"north indian, mughlai",north indian,3.7,4,3600,101,0.3
1900,north indian,north indian,3.6,4,3700,100,0.3
306198,"mediterranean, italian",mediterranean,4.4,4,2500,609,0.3
18312443,"cafe, american, tea",cafe,3.1,4,2000,5,0.3
2683,continental,continental,3.5,4,4100,42,0.3
2682,north indian,north indian,3.9,4,4300,548,0.3
2681,chinese,chinese,3.8,4,5000,134,0.3
2674,"european, continental",european,3.7,4,3600,139,0.3
2684,"bakery, desserts",bakery,3.7,3,1000,65,0.3
2675,"spanish, italian",spanish,4.3,4,4500,800,0.3
3227,"american, finger food",american,3.3,4,2650,145,0.3
4840,"north indian, continental, asian",north indian,3.6,4,3200,97,0.3
2726,"finger food, european",finger food,3.2,4,2000,10,0.3
301523,"european, continental",european,3.2,4,6000,12,0.3
2729,finger food,finger food,3.3,4,3000,25,0.3
2724,"north indian, chinese, south indian, italian",north indian,3.9,4,6000,272,0.3
2728,north indian,north indian,3.7,4,4000,59,0.3
2730,"desserts, bakery",desserts,3.8,2,900,45,0.3
2727,italian,italian,3.7,4,5000,104,0.3
2731,"european, desserts",european,3.6,4,2500,57,0.3
2725,"malaysian, thai, kerala, vietnamese, sri lankan",malaysian,4.0,4,6000,259,0.3
18237363,"chinese, thai, asian",chinese,3.0,3,1000,90,0.3
18322518,"north indian, mughlai",north indian,3.3,2,900,21,0.3
1023,"bakery, desserts, fast food",bakery,3.4,1,250,109,0.3
18277022,"cafe, fast food",cafe,2.9,1,300,5,0.3
18354650,"chinese, cafe",chinese,2.8,2,700,19,0.3
9671,"south indian, north indian, chinese",south indian,3.5,2,800,96,0.3
18424209,fast food,fast food,0.0,1,250,1,0.3
149,"american, fast food, salad, healthy food",american,1.9,2,500,146,0.8195488721804511
8842,"bakery, desserts",bakery,3.3,2,900,46,0.3
8817,cafe,cafe,3.2,3,1600,31,0.3
309110,continental,continental,3.4,4,4500,51,0.3
301524,finger food,finger food,3.5,4,3000,45,0.3
3910,"continental, north indian, italian, asian",continental,3.7,4,5100,419,0.3
3027,"mughlai, north indian, south indian",mughlai,3.9,4,4500,265,0.3
4907,finger food,finger food,3.7,4,5000,747,0.3
104,"chinese, seafood",chinese,3.6,4,4500,62,0.6466165413533834
300688,"north indian, italian",north indian,3.9,4,2700,186,0.3
300697,finger food,finger food,3.6,4,2650,48,0.3
300696,thai,thai,3.6,4,3500,42,0.3
300695,north indian,north indian,4.0,4,3500,184,0.3
4917,"north indian, mughlai",north indian,3.9,4,4000,241,0.3
4910,"french, italian",french,3.8,4,5000,199,0.3
6812,"japanese, sushi",japanese,3.9,4,5500,178,0.3
4911,"italian, continental",italian,3.7,4,3500,59,0.3
4915,"cafe, continental",cafe,3.6,4,2000,32,0.3
310878,"bakery, desserts",bakery,2.9,1,400,4,0.3
3283,"north indian, continental, italian",north indian,3.8,4,3000,185,0.3
2768,"mughlai, italian, finger food, middle eastern",mughlai,3.3,4,3000,199,0.3
2770,"continental, italian, american, north indian",continental,3.3,4,3500,169,0.3
2769,"continental, italian, mediterranean",continental,3.8,4,4500,773,0.3
3202,finger food,finger food,3.1,4,3000,26,0.3
4101,"cafe, bakery",cafe,3.3,2,900,19,0.3
312902,"finger food, continental, italian, chinese",finger food,3.6,4,4400,90,0.3
5325,"thai, chinese, japanese",thai,3.7,4,2500,111,0.3
4496,"mediterranean, european",mediterranean,3.1,4,5000,15,0.3
2688,cafe,cafe,3.8,4,2500,79,0.3
2690,"north indian, european, continental",north indian,3.9,4,5000,696,0.3
3948,"malaysian, thai",malaysian,3.6,4,4200,64,0.3
2694,"japanese, sushi",japanese,3.9,4,6000,183,0.3
2689,chinese,chinese,4.0,4,5500,398,0.3
2693,"seafood, north indian",seafood,4.2,4,4500,541,0.3
18400770,"north indian, european, asian",north indian,3.7,4,2000,42,0.3
18376469,asian,asian,3.5,4,4000,24,0.3
2701,european,european,4.0,4,8000,145,0.3
2702,cafe,cafe,4.0,3,1500,76,0.3
9709,"continental, thai, chinese, north indian",continental,3.2,4,3000,28,0.3
312319,"north indian, asian, continental",north indian,3.0,4,2500,5,0.3
311858,bakery,bakery,3.0,2,500,4,0.3
131,"chinese, thai",chinese,3.6,3,1700,350,0.8120300751879699
313200,"european, american",european,3.8,3,1600,637,0.3
18282047,mexican,mexican,4.1,4,2500,146,0.3
18459030,fast food,fast food,0.0,1,200,0,0.3
302136,"mithai, street food",mithai,2.9,1,100,6,0.3
301767,"street food, desserts",street food,2.7,1,250,11,0.3
302103,"north indian, mughlai",north indian,2.9,1,450,5,0.3
310273,north indian,north indian,3.1,1,200,7,0.3
308868,north indian,north indian,3.1,1,150,8,0.3
18372667,street food,street food,2.9,1,150,7,0.3
310728,fast food,fast food,3.0,1,300,7,0.3
8564,"chinese, fast food",chinese,3.1,1,350,16,0.3
305486,"fast food, bakery",fast food,2.9,1,350,21,0.3
18485858,"north indian, fast food, afghani",north indian,3.0,1,300,4,0.3
18204802,fast food,fast food,2.9,1,300,5,0.3
310254,"raw meats, north indian, fast food",raw meats,3.0,1,350,6,0.3
310272,"raw meats, north indian, fast food",raw meats,3.2,1,350,16,0.3
302089,north indian,north indian,3.3,1,300,26,0.3
18034071,north indian,north indian,3.0,1,150,4,0.3
305785,fast food,fast food,2.6,1,350,10,0.3
18268710,"burger, fast food",burger,3.0,2,500,5,0.3
308862,north indian,north indian,2.9,1,250,8,0.3
308863,street food,street food,3.4,1,100,18,0.3
304319,north indian,north indian,3.0,2,550,7,0.3
18198440,"beverages, ice cream",beverages,3.1,1,200,7,0.3
304161,street food,street food,3.2,1,150,26,0.3
18037798,"south indian, chinese",south indian,3.2,1,150,10,0.3
310279,"south indian, chinese",south indian,2.9,1,300,5,0.3
5964,"north indian, mughlai",north indian,3.0,1,300,7,0.3
18241496,street food,street food,3.5,1,150,17,0.3
309695,"north indian, fast food, mughlai",north indian,3.5,1,300,21,0.3
308905,north indian,north indian,0.0,1,200,2,0.3
18312644,"ice cream, beverages",ice cream,0.0,1,150,2,0.3
305238,"mithai, street food",mithai,0.0,1,100,3,0.3
301917,"bakery, mithai",bakery,0.0,1,250,3,0.3
18372314,pizza,pizza,0.0,1,350,1,0.3
313282,"desserts, ice cream, fast food",desserts,0.0,1,200,2,0.3
18368025,fast food,fast food,0.0,1,300,3,0.3
18089242,"ice cream, desserts",ice cream,0.0,1,300,1,0.3
304160,"mithai, street food",mithai,0.0,1,200,2,0.3
18037813,north indian,north indian,0.0,1,250,2,0.3
18487958,"healthy food, juices",healthy food,0.0,2,500,1,0.3
18368021,chinese,chinese,0.0,1,300,1,0.3
313137,"south indian, fast food, chinese",south indian,0.0,1,350,2,0.3
305866,north indian,north indian,0.0,2,500,3,0.3
18431191,chinese,chinese,0.0,1,250,2,0.3
18037792,north indian,north indian,0.0,1,350,1,0.3
18356794,"north indian, chinese",north indian,0.0,1,250,0,0.3
312040,fast food,fast food,0.0,1,250,1,0.3
18460328,north indian,north indian,0.0,1,300,3,0.3
18187733,"north indian, chinese, mughlai",north indian,0.0,2,700,3,0.3
5961,north indian,north indian,0.0,1,250,3,0.3
18431176,chinese,chinese,0.0,2,500,3,0.3
18037796,"desserts, beverages",desserts,0.0,1,150,3,0.3
312853,street food,street food,0.0,1,200,2,0.3
18469949,fast food,fast food,0.0,1,300,3,0.3
18428721,bakery,bakery,0.0,1,300,2,0.3
18203187,south indian,south indian,0.0,1,200,1,0.3
308900,street food,street food,0.0,1,100,2,0.3
18430577,north indian,north indian,0.0,2,500,2,0.3
310286,fast food,fast food,0.0,1,250,3,0.3
18246984,"north indian, fast food",north indian,0.0,1,250,3,0.3
312041,north indian,north indian,0.0,1,300,2,0.3
18429180,north indian,north indian,0.0,1,400,3,0.3
304730,"street food, mithai",street food,0.0,1,100,1,0.3
5438,"north indian, mughlai, chinese, bakery",north indian,3.7,2,800,281,0.3
3383,kashmiri,kashmiri,3.4,2,750,104,0.3
4450,"chinese, fast food, north indian",chinese,3.6,2,500,438,0.3
18254521,cafe,cafe,4.2,2,700,73,0.3
18352678,"tibetan, chinese",tibetan,2.9,1,350,77,0.3
18263236,"pizza, fast food",pizza,3.6,2,700,24,0.3
18277230,"mithai, north indian, south indian",mithai,3.7,2,500,59,0.3
18350231,beverages,beverages,3.8,1,400,37,0.3
18380171,american,american,2.3,1,400,42,0.3
18306543,fast food,fast food,3.1,1,200,5,0.3
7297,mithai,mithai,2.8,1,100,5,0.3
5774,north indian,north indian,2.9,1,250,10,0.3
312172,"north indian, chinese, fast food",north indian,2.9,2,500,4,0.3
18168165,north indian,north indian,3.0,1,200,4,0.3
18449824,"burger, fast food",burger,2.8,1,200,4,0.3
5413,"fast food, chinese",fast food,2.7,1,350,12,0.3
18285208,"fast food, chinese",fast food,2.9,1,250,7,0.3
306185,north indian,north indian,2.7,1,300,5,0.3
312073,"pizza, fast food",pizza,2.5,2,700,6,0.3
312054,"fast food, chinese, bakery",fast food,3.1,1,300,14,0.3
301912,fast food,fast food,3.0,1,100,4,0.3
18372661,"north indian, south indian, chinese, fast food",north indian,3.1,1,300,4,0.3
5499,"street food, chinese, mithai",street food,3.3,1,150,12,0.3
302005,"north indian, fast food",north indian,3.1,1,300,10,0.3
306179,"chinese, north indian, fast food",chinese,3.0,1,300,4,0.3
302057,bakery,bakery,3.1,1,100,7,0.3
302729,north indian,north indian,3.0,1,150,5,0.3
313067,"bakery, fast food",bakery,3.1,1,300,4,0.3
18133491,"bakery, street food",bakery,3.2,1,350,11,0.3
18204464,"north indian, chinese",north indian,2.7,2,500,11,0.3
5412,north indian,north indian,3.0,1,200,6,0.3
18358654,"beverages, fast food",beverages,2.8,1,200,9,0.3
309167,"fast food, bakery",fast food,3.0,1,400,10,0.3
301903,street food,street food,2.8,1,50,6,0.3
302757,street food,street food,2.8,1,50,4,0.3
310625,"fast food, south indian, chinese, mithai",fast food,2.9,1,250,4,0.3
312171,north indian,north indian,3.0,1,300,5,0.3
9209,"north indian, south indian, chinese, street food",north indian,2.8,1,400,7,0.3
18291240,"north indian, chinese, south indian",north indian,2.8,1,300,6,0.3
307946,"ice cream, desserts, fast food",ice cream,3.0,1,200,8,0.3
18203182,"chinese, south indian, north indian",chinese,2.7,1,400,6,0.3
302047,north indian,north indian,2.9,1,200,7,0.3
307140,"north indian, chinese",north indian,2.8,2,650,12,0.3
302835,street food,street food,0.0,1,50,3,0.3
9108,"mithai, street food, north indian",mithai,0.0,1,200,3,0.3
9116,"bakery, fast food",bakery,0.0,1,100,3,0.3
18401212,"chinese, north indian, fast food",chinese,0.0,1,250,2,0.3
18437128,desserts,desserts,0.0,1,250,2,0.3
18331594,"pizza, fast food",pizza,0.0,2,600,2,0.3
18381265,"chinese, fast food",chinese,0.0,1,250,0,0.3
18312449,"raw meats, fast food",raw meats,0.0,1,350,3,0.3
18372672,"street food, chinese",street food,0.0,1,250,2,0.3
18363058,fast food,fast food,0.0,1,300,2,0.3
310581,street food,street food,0.0,1,100,3,0.3
301914,"north indian, mughlai",north indian,0.0,1,250,2,0.3
5470,north indian,north indian,0.0,1,200,1,0.3
18358206,south indian,south indian,0.0,1,200,3,0.3
17989106,chinese,chinese,0.0,1,300,2,0.3
18419501,fast food,fast food,0.0,1,200,2,0.3
307950,north indian,north indian,0.0,1,400,3,0.3
18354634,"fast food, chinese",fast food,0.0,1,250,2,0.3
306180,"north indian, chinese",north indian,0.0,1,200,3,0.3
301907,"desserts, street food",desserts,0.0,1,150,2,0.3
18358165,"mughlai, north indian",mughlai,0.0,1,450,2,0.3
18372666,chinese,chinese,0.0,1,100,3,0.3
18499450,"north indian, chinese",north indian,0.0,1,400,3,0.3
18500618,"north indian, chinese",north indian,0.0,1,400,1,0.3
18014109,north indian,north indian,2.4,1,400,4,0.3
8257,cafe,cafe,2.6,1,450,33,0.3
18291214,"fast food, chinese",fast food,2.6,1,300,23,0.3
1547,"north indian, chinese, mughlai",north indian,2.7,3,1200,132,0.3
18219520,"pizza, fast food",pizza,3.4,2,700,25,0.3
18378036,lebanese,lebanese,2.9,1,200,5,0.3
18311958,beverages,beverages,3.3,1,400,25,0.3
8979,south indian,south indian,3.4,1,250,99,0.3
8215,chinese,chinese,2.8,1,450,7,0.3
2009,"mughlai, north indian",mughlai,3.4,2,600,193,0.3
6042,"desserts, ice cream",desserts,3.0,1,250,38,0.3
308816,north indian,north indian,2.8,1,400,5,0.3
308785,"north indian, chinese, fast food",north indian,2.6,3,1200,86,0.3
309769,fast food,fast food,2.5,1,250,18,0.3
3779,"american, fast food, salad, healthy food",american,2.5,2,500,163,0.3
6127,"north indian, mughlai",north indian,2.7,3,1500,307,0.3
4982,"mughlai, north indian",mughlai,2.9,2,600,9,0.3
4677,"north indian, mughlai",north indian,2.5,2,600,88,0.3
8265,"fast food, burger",fast food,3.6,2,500,160,0.3
312352,cafe,cafe,3.9,1,350,96,0.3
18285699,"tibetan, chinese",tibetan,3.5,1,350,54,0.3
304987,fast food,fast food,2.3,1,350,45,0.3
305386,"north indian, mughlai",north indian,2.4,2,600,117,0.3
474,"north indian, mughlai",north indian,2.2,3,1000,79,0.7744360902255639
252,"italian, pizza, fast food",italian,2.4,3,1000,224,0.7218045112781954
5851,"chinese, seafood, japanese",chinese,2.4,3,1500,43,0.3
404,chinese,chinese,2.0,2,900,191,0.7593984962406015
3072,chinese,chinese,3.4,2,600,398,0.3
234,"fast food, north indian, desserts, ice cream",fast food,3.0,3,1100,145,0.8195488721804511
308,"south indian, north indian",south indian,2.8,2,600,133,0.631578947368421
311305,"continental, seafood, north indian",continental,3.3,4,2200,89,0.3
1509,"bakery, desserts, fast food",bakery,3.7,1,350,248,0.3
18089255,"chinese, thai, fast food",chinese,3.8,2,650,122,0.3
18369756,"burger, american, fast food",burger,3.8,2,850,123,0.3
18416856,"chinese, thai",chinese,3.9,3,1000,40,0.3
306554,"american, fast food",american,3.8,3,1000,619,0.3
18287390,"continental, italian, north indian, chinese, lebanese",continental,3.8,2,900,43,0.3
1060,"chinese, italian, north indian",chinese,3.8,2,900,286,0.3
306859,"chinese, thai",chinese,3.7,2,800,164,0.3
308621,"mughlai, north indian",mughlai,3.5,2,800,170,0.3
18218321,mughlai,mughlai,3.5,2,900,95,0.3
18337788,"continental, american, italian",continental,3.9,2,950,191,0.3
2778,"chinese, seafood",chinese,3.6,3,1500,361,0.3
18292485,"north indian, mughlai, biryani",north indian,3.8,2,650,141,0.3
18423898,cafe,cafe,3.8,3,1000,20,0.3
308246,"cafe, american, italian, north indian, chinese",cafe,3.7,2,700,185,0.3
18289277,asian,asian,0.0,2,800,2,0.3
18264997,"cafe, bakery",cafe,4.2,2,700,193,0.3
18144479,chinese,chinese,4.1,2,650,173,0.3
18431179,"north indian, mughlai",north indian,4.2,2,900,62,0.3
307032,"north indian, mughlai",north indian,2.9,2,800,252,0.3
305243,"pizza, fast food",pizza,2.8,2,700,145,0.3
9177,"south indian, north indian",south indian,3.3,2,600,87,0.3
308697,"north indian, chinese, south indian, mithai",north indian,3.3,2,650,199,0.3
3507,"american, fast food, salad, healthy food",american,2.5,2,500,131,0.3
18350121,"biryani, hyderabadi",biryani,3.9,2,750,105,0.3
311345,"north indian, mughlai, biryani",north indian,3.9,2,600,380,0.3
1492,"american, fast food",american,3.6,2,500,277,0.3
310169,"north indian, mughlai",north indian,3.7,2,850,364,0.3
312535,"bakery, desserts, fast food",bakery,3.2,1,350,22,0.3
535,cafe,cafe,3.3,2,650,47,0.8721804511278195
304281,"mithai, street food",mithai,3.3,1,150,28,0.3
7392,"bakery, desserts, fast food",bakery,3.1,1,150,14,0.3
2122,chinese,chinese,3.4,1,400,20,0.3
302438,"north indian, south indian, mughlai",north indian,2.9,2,900,6,0.3
309789,bakery,bakery,3.1,1,250,9,0.3
313412,"japanese, chinese, asian, malaysian, thai, vietnamese",japanese,2.8,3,1500,9,0.3
7360,"raw meats, north indian, fast food",raw meats,3.3,1,350,23,0.3
4317,chinese,chinese,2.7,1,300,26,0.3
18458099,"fast food, north indian",fast food,3.1,1,150,8,0.3
2124,"north indian, mughlai",north indian,3.1,2,600,31,0.3
2204,"bakery, fast food",bakery,3.2,1,400,28,0.3
305403,"bakery, desserts",bakery,3.3,1,300,18,0.3
775,"italian, pizza, bakery",italian,2.8,2,700,299,0.7593984962406015
18247024,"north indian, chinese",north indian,3.3,3,1100,52,0.3
303244,"fast food, north indian",fast food,3.1,1,300,9,0.3
300262,fast food,fast food,3.3,1,200,40,0.3
18458332,"chinese, fast food",chinese,3.5,1,300,37,0.3
7391,cafe,cafe,3.6,2,600,80,0.3
18198434,"bakery, desserts",bakery,3.6,1,450,34,0.3
18371408,"pizza, fast food",pizza,3.5,2,900,21,0.3
308007,"finger food, continental, italian",finger food,3.7,3,1700,76,0.3
18227685,"north indian, south indian",north indian,0.0,1,250,0,0.3
18394443,"bakery, fast food",bakery,0.0,1,400,1,0.3
18312585,cafe,cafe,0.0,1,450,2,0.3
18358669,north indian,north indian,0.0,1,300,2,0.3
18279461,"ice cream, desserts",ice cream,0.0,1,400,3,0.3
18463329,bakery,bakery,0.0,1,200,1,0.3
18277185,mughlai,mughlai,0.0,3,1000,2,0.3
18358667,"north indian, street food",north indian,0.0,1,200,1,0.3
18415363,bakery,bakery,0.0,1,200,0,0.3
18440933,"bakery, desserts",bakery,0.0,2,500,1,0.3
18397698,"chinese, mughlai, north indian",chinese,0.0,2,600,0,0.3
18492083,"bakery, fast food",bakery,0.0,2,600,0,0.3
18289247,"cafe, european",cafe,4.3,4,2000,114,0.3
8530,"street food, bakery",street food,2.8,1,50,7,0.3
8501,"mithai, street food",mithai,2.9,1,150,16,0.3
8520,"south indian, chinese",south indian,3.0,1,350,31,0.3
311184,"north indian, chinese",north indian,2.8,2,500,7,0.3
18217007,north indian,north indian,3.2,1,400,13,0.3
18342098,"north indian, mughlai, chinese",north indian,3.1,1,400,36,0.3
311231,"pizza, fast food",pizza,2.6,2,700,17,0.3
310876,"chinese, fast food",chinese,3.3,1,450,32,0.3
18265408,"ice cream, desserts",ice cream,3.0,1,300,5,0.3
312517,"beverages, fast food",beverages,3.4,1,250,31,0.3
312783,"north indian, mughlai",north indian,3.3,1,350,30,0.3
307920,"north indian, chinese",north indian,2.9,2,550,14,0.3
311253,north indian,north indian,2.9,1,200,4,0.3
307290,"raw meats, fast food",raw meats,2.9,1,400,10,0.3
8532,mithai,mithai,3.1,1,100,16,0.3
18323036,bakery,bakery,3.0,1,200,4,0.3
18325165,"fast food, chinese",fast food,3.7,1,400,32,0.3
311248,north indian,north indian,0.0,1,300,3,0.3
18424207,"mithai, street food",mithai,0.0,1,150,0,0.3
18420697,desserts,desserts,0.0,1,150,0,0.3
18424648,"mithai, street food",mithai,0.0,1,100,0,0.3
18376497,"north indian, south indian, chinese",north indian,0.0,1,300,0,0.3
18377898,north indian,north indian,0.0,1,200,0,0.3
18423889,north indian,north indian,0.0,1,100,0,0.3
18424638,north indian,north indian,0.0,1,150,0,0.3
18424661,north indian,north indian,0.0,1,250,0,0.3
18375390,north indian,north indian,0.0,1,100,2,0.3
18377902,chinese,chinese,0.0,1,350,1,0.3
18430246,bakery,bakery,0.0,1,350,1,0.3
18425318,bakery,bakery,0.0,1,300,0,0.3
18336496,fast food,fast food,0.0,1,300,3,0.3
18429388,"north indian, street food",north indian,0.0,1,200,0,0.3
18499026,bakery,bakery,0.0,1,300,0,0.3
18424202,north indian,north indian,0.0,1,50,0,0.3
18434964,biryani,biryani,0.0,1,150,0,0.3
18377909,"chinese, fast food",chinese,0.0,1,250,0,0.3
18390095,street food,street food,0.0,1,150,2,0.3
18423894,street food,street food,0.0,1,100,3,0.3
18414502,"hyderabadi, biryani",hyderabadi,0.0,1,400,1,0.3
18419424,"north indian, mughlai",north indian,0.0,2,500,0,0.3
18377900,mughlai,mughlai,0.0,1,400,0,0.3
18424582,raw meats,raw meats,0.0,1,150,0,0.3
18424654,"mithai, fast food",mithai,0.0,1,150,0,0.3
18424650,north indian,north indian,0.0,2,500,0,0.3
18423118,north indian,north indian,0.0,1,400,0,0.3
18251459,bakery,bakery,0.0,1,400,1,0.3
18424208,"biryani, north indian",biryani,0.0,1,150,0,0.3
18424656,north indian,north indian,0.0,1,200,0,0.3
18375387,pizza,pizza,0.0,1,400,0,0.3
18424200,biryani,biryani,0.0,1,150,0,0.3
18377895,"north indian, chinese",north indian,0.0,1,200,1,0.3
300961,"chinese, north indian, south indian",chinese,0.0,1,250,3,0.3
18424640,north indian,north indian,0.0,1,150,0,0.3
18424584,south indian,south indian,0.0,1,200,2,0.3
18424188,biryani,biryani,0.0,1,100,0,0.3
18372694,street food,street food,0.0,1,50,0,0.3
18371398,"north indian, south indian",north indian,0.0,1,100,1,0.3
18409206,"fast food, north indian",fast food,0.0,1,300,0,0.3
18429386,"fast food, street food",fast food,0.0,1,100,0,0.3
18396190,"chinese, north indian",chinese,0.0,1,400,0,0.3
18424192,"biryani, north indian",biryani,0.0,1,150,0,0.3
18499493,"chinese, north indian",chinese,0.0,2,500,0,0.3
18322647,"cafe, north indian, chinese",cafe,3.3,2,800,43,0.3
6654,chinese,chinese,3.1,1,300,25,0.3
300941,north indian,north indian,3.4,1,300,43,0.3
18263693,chinese,chinese,3.1,1,300,10,0.3
18245248,italian,italian,3.0,1,200,16,0.3
305275,"north indian, chinese",north indian,3.4,2,500,168,0.3
18337490,fast food,fast food,3.3,1,200,12,0.3
312364,"south indian, chinese",south indian,3.3,1,350,27,0.3
312422,north indian,north indian,2.9,1,200,19,0.3
18359295,"north indian, chinese",north indian,3.1,1,400,15,0.3
307369,"north indian, chinese, fast food",north indian,3.3,2,800,732,0.3
308811,"continental, chinese, italian, cafe",continental,3.4,2,800,430,0.3
18273624,"continental, mexican",continental,4.6,2,900,1136,0.3
18175303,"burger, fast food",burger,3.8,1,300,114,0.3
310532,"cafe, mexican, italian, north indian, chinese",cafe,3.8,2,600,429,0.3
312420,fast food,fast food,3.5,1,250,65,0.3
308155,"north indian, chinese, continental, italian, mexican, lebanese",north indian,3.5,2,700,349,0.3
305856,"american, italian, cafe",american,3.6,2,500,480,0.3
308950,north indian,north indian,3.6,1,400,314,0.3
17977767,"cafe, continental, italian",cafe,3.7,2,800,344,0.3
18359288,"mithai, fast food",mithai,3.5,1,150,18,0.3
1199,"chinese, thai, tibetan, japanese",chinese,3.9,2,800,419,0.3
312365,street food,street food,3.5,1,150,27,0.3
17989097,"cafe, north indian, continental, chinese",cafe,3.5,2,700,359,0.3
18233584,"cafe, italian, continental, mexican, mediterranean",cafe,3.6,2,500,555,0.3
18241524,"north indian, continental, italian, chinese",north indian,4.1,2,900,506,0.3
301700,"cafe, italian, fast food",cafe,4.3,2,600,3986,0.3
303849,"bakery, desserts, fast food",bakery,4.2,1,400,741,0.3
18258484,"north indian, continental, chinese, italian",north indian,4.1,2,800,636,0.3
18157386,fast food,fast food,4.4,1,200,163,0.3
18455949,"fast food, bakery",fast food,4.0,1,350,90,0.3
18337907,"north indian, mughlai",north indian,3.4,1,300,19,0.3
18441677,"chinese, south indian",chinese,0.0,1,300,0,0.3
18355037,"north indian, mughlai",north indian,3.3,1,250,15,0.3
18124369,"desserts, fast food",desserts,3.3,1,300,23,0.3
18221405,"burger, fast food",burger,3.4,1,300,28,0.3
302166,north indian,north indian,2.8,1,150,14,0.3
8696,cafe,cafe,3.0,1,400,41,0.3
6925,cafe,cafe,3.0,1,450,16,0.3
300459,bakery,bakery,2.7,1,200,11,0.3
2403,"north indian, chinese",north indian,2.6,2,500,20,0.3
8695,mughlai,mughlai,3.3,1,400,55,0.3
311396,fast food,fast food,2.9,1,350,6,0.3
18333392,bakery,bakery,3.0,1,400,6,0.3
18287378,"chinese, north indian",chinese,3.2,2,750,20,0.3
307195,"chinese, fast food",chinese,3.3,2,850,16,0.3
300440,"fast food, bakery",fast food,3.2,1,100,17,0.3
4793,north indian,north indian,2.6,1,350,44,0.3
18478982,pizza,pizza,3.1,2,600,5,0.3
18322639,"chinese, biryani, north indian",chinese,3.0,1,300,5,0.3
18285737,street food,street food,3.3,1,100,26,0.3
18204810,"mithai, street food",mithai,3.1,1,100,8,0.3
301380,chinese,chinese,3.3,1,300,21,0.3
18277000,"north indian, mughlai",north indian,3.2,2,600,13,0.3
300461,chinese,chinese,3.4,1,300,33,0.3
3654,"fast food, chinese",fast food,2.6,2,500,33,0.3
18264996,"bakery, fast food, pizza",bakery,3.1,1,200,8,0.3
301377,"south indian, fast food",south indian,3.3,1,300,33,0.3
8680,north indian,north indian,3.0,1,200,10,0.3
18246995,north indian,north indian,2.8,1,350,31,0.3
4785,"south indian, fast food",south indian,3.1,1,300,34,0.3
2402,"chinese, north indian",chinese,2.8,2,600,20,0.3
300406,mughlai,mughlai,3.1,1,300,12,0.3
311390,"pizza, fast food",pizza,3.1,2,650,24,0.3
4164,"bakery, fast food",bakery,2.7,1,350,44,0.3
18365391,north indian,north indian,3.3,1,350,15,0.3
8508,"raw meats, fast food",raw meats,3.1,1,400,17,0.3
1305,"chinese, north indian",chinese,2.8,1,400,37,0.3
18245289,south indian,south indian,3.2,1,250,10,0.3
18057797,"raw meats, fast food",raw meats,3.2,1,300,9,0.3
300472,"north indian, mughlai",north indian,3.1,1,400,23,0.3
18247014,"north indian, south indian",north indian,3.4,2,550,23,0.3
4790,chinese,chinese,2.8,1,450,11,0.3
8707,mithai,mithai,3.0,1,100,4,0.3
302183,desserts,desserts,3.0,1,100,4,0.3
4792,"south indian, chinese",south indian,3.3,1,350,42,0.3
2362,south indian,south indian,3.4,1,250,35,0.3
4338,"north indian, chinese",north indian,2.6,2,800,43,0.3
309198,"american, fast food, salad, healthy food",american,2.6,2,500,28,0.3
300457,bakery,bakery,3.2,1,200,17,0.3
312201,"north indian, chinese",north indian,3.4,3,1150,40,0.3
3657,chinese,chinese,3.4,2,600,26,0.3
310640,"north indian, mughlai, chinese",north indian,3.2,2,600,49,0.3
309323,"north indian, chinese",north indian,3.2,3,1100,31,0.3
311333,"fast food, north indian",fast food,3.1,1,300,7,0.3
5925,street food,street food,2.6,1,100,42,0.3
312448,ice cream,ice cream,3.5,1,300,36,0.3
311600,"north indian, fast food",north indian,3.5,2,700,56,0.3
18365871,cafe,cafe,0.0,2,600,3,0.3
18466393,"chinese, fast food",chinese,0.0,1,300,1,0.3
18258762,"bakery, fast food",bakery,0.0,1,200,3,0.3
18489507,north indian,north indian,0.0,2,500,2,0.3
3665,"chinese, north indian",chinese,2.3,2,600,26,0.3
309473,chinese,chinese,2.8,1,350,14,0.3
8502,mithai,mithai,2.9,1,100,5,0.3
18303857,"bakery, desserts, fast food, pizza, burger, finger food",bakery,3.4,1,400,33,0.3
6264,"north indian, chinese",north indian,3.3,1,450,114,0.3
18419896,healthy food,healthy food,3.1,1,350,7,0.3
18291215,fast food,fast food,3.2,1,200,12,0.3
18264964,"chinese, north indian",chinese,3.0,1,400,6,0.3
18420420,"chinese, fast food",chinese,3.3,1,300,12,0.3
310604,"cafe, north indian, continental",cafe,2.6,2,600,54,0.3
18225627,"bakery, fast food",bakery,3.1,1,450,5,0.3
6251,"bakery, fast food",bakery,2.5,1,400,51,0.3
6253,"chinese, fast food",chinese,3.3,1,400,21,0.3
18249080,bakery,bakery,3.2,1,400,10,0.3
18364535,"south indian, north indian",south indian,2.9,1,400,4,0.3
18128871,"north indian, chinese",north indian,3.5,2,500,37,0.3
18124355,"cafe, italian",cafe,3.8,2,600,122,0.3
304598,"chinese, north indian",chinese,3.6,2,800,126,0.3
18380891,"chinese, north indian",chinese,3.6,1,300,35,0.3
18458629,"north indian, chinese",north indian,3.6,2,500,26,0.3
6240,"north indian, chinese",north indian,3.6,2,600,168,0.3
18420428,fast food,fast food,0.0,1,200,0,0.3
18418262,"mithai, bakery",mithai,0.0,1,150,0,0.3
18418276,"north indian, chinese, mughlai",north indian,0.0,2,500,0,0.3
18421469,mithai,mithai,0.0,1,300,0,0.3
18421467,chinese,chinese,0.0,1,150,0,0.3
18446390,fast food,fast food,0.0,1,100,0,0.3
18421471,bakery,bakery,0.0,1,300,0,0.3
18377897,desserts,desserts,0.0,1,300,1,0.3
18419871,bakery,bakery,0.0,1,200,0,0.3
18420424,south indian,south indian,0.0,1,250,0,0.3
18377901,"north indian, south indian",north indian,0.0,1,300,0,0.3
18291232,"bakery, desserts",bakery,0.0,1,250,0,0.3
18445361,north indian,north indian,0.0,1,400,0,0.3
1613,"chinese, fast food, north indian, south indian, street food, mithai",chinese,2.4,1,350,29,0.3
18216911,"north indian, chinese, bakery",north indian,2.2,1,400,64,0.3
310440,"north indian, chinese",north indian,2.4,1,300,10,0.3
4740,north indian,north indian,2.6,1,300,19,0.3
2044,"street food, north indian, south indian, mithai",street food,3.4,1,400,35,0.3
306064,"north indian, street food, mithai",north indian,3.0,1,250,24,0.3
6553,"mithai, street food, north indian",mithai,3.2,1,150,8,0.3
18363089,ice cream,ice cream,0.0,1,200,0,0.3
18294257,chinese,chinese,0.0,1,200,0,0.3
349,fast food,fast food,3.4,1,350,86,0.6691729323308271
3455,"american, fast food, salad, healthy food",american,2.1,2,500,152,0.3
1115,"chinese, seafood, japanese",chinese,3.5,3,1500,178,0.3
311506,"american, fast food",american,3.4,2,500,86,0.3
3974,north indian,north indian,3.5,1,400,216,0.3
18163893,fast food,fast food,3.7,1,400,83,0.3
313093,"chinese, fast food",chinese,4.1,1,400,491,0.3
18384135,beverages,beverages,3.1,1,400,5,0.3
18337772,"street food, north indian",street food,3.2,2,600,17,0.3
18316173,"american, fast food, salad, healthy food",american,3.1,2,500,25,0.3
18336491,chinese,chinese,3.1,1,350,8,0.3
18306524,"biryani, hyderabadi",biryani,3.6,3,1000,22,0.3
18390311,chinese,chinese,0.0,2,500,3,0.3
18446491,"north indian, south indian, fast food, street food, chinese, beverages, desserts, mithai",north indian,0.0,2,550,3,0.3
18334400,fast food,fast food,0.0,2,600,3,0.3
18474934,"tea, fast food",tea,0.0,1,300,1,0.3
18416747,"ice cream, beverages, fast food",ice cream,0.0,1,300,0,0.3
18415376,"healthy food, beverages",healthy food,0.0,2,600,3,0.3
18446483,"mughlai, north indian",mughlai,0.0,3,1000,1,0.3
18409199,"mughlai, north indian",mughlai,0.0,2,650,2,0.3
18446485,"italian, pizza, fast food",italian,0.0,2,800,0,0.3
18439530,"bakery, italian, chinese, mexican",bakery,0.0,2,700,3,0.3
18279456,"north indian, continental",north indian,2.7,2,600,33,0.3
304475,fast food,fast food,3.3,1,150,39,0.3
311971,chinese,chinese,3.1,1,400,9,0.3
1918,"mithai, street food",mithai,3.3,1,250,28,0.3
3467,"raw meats, north indian, fast food",raw meats,3.1,1,350,30,0.3
18265698,chinese,chinese,2.7,2,600,5,0.3
7457,chinese,chinese,2.7,1,300,52,0.3
18175274,chinese,chinese,2.9,1,350,5,0.3
3469,"north indian, mughlai",north indian,3.2,2,600,46,0.3
2605,"mughlai, chinese, north indian",mughlai,3.0,3,1000,42,0.3
4640,fast food,fast food,2.7,1,400,128,0.3
928,"north indian, mughlai",north indian,3.2,1,450,30,0.6691729323308271
312756,asian,asian,2.7,1,400,8,0.3
309505,north indian,north indian,3.0,1,450,25,0.3
9890,"mithai, street food",mithai,3.9,1,150,109,0.3
954,"south indian, north indian, chinese",south indian,3.7,2,500,334,0.6691729323308271
18357525,fast food,fast food,0.0,1,150,2,0.3
18265700,mughlai,mughlai,0.0,1,300,3,0.3
18252382,fast food,fast food,0.0,1,350,0,0.3
18478967,"north indian, south indian, mithai",north indian,0.0,1,300,0,0.3
18311920,raw meats,raw meats,0.0,1,300,1,0.3
18455876,"bakery, desserts",bakery,0.0,1,200,1,0.3
18478987,north indian,north indian,0.0,1,450,1,0.3
18479000,south indian,south indian,0.0,1,200,0,0.3
18478997,"street food, fast food",street food,0.0,1,100,0,0.3
18492061,bakery,bakery,0.0,1,200,0,0.3
18349925,chinese,chinese,0.0,1,200,0,0.3
18492065,biryani,biryani,0.0,1,200,0,0.3
310480,fast food,fast food,0.0,1,150,1,0.3
18144471,"pizza, fast food",pizza,0.0,1,450,0,0.3
18466972,"bakery, desserts",bakery,0.0,1,350,0,0.3
18429376,mughlai,mughlai,0.0,2,600,0,0.3
18354968,"fast food, beverages",fast food,0.0,1,200,1,0.3
18441542,"mughlai, north indian",mughlai,0.0,2,500,0,0.3
18445274,"lebanese, north indian, fast food",lebanese,0.0,1,250,0,0.3
18168147,chinese,chinese,0.0,1,350,0,0.3
18429375,mughlai,mughlai,0.0,1,250,0,0.3
310479,north indian,north indian,0.0,1,250,1,0.3
18212160,awadhi,awadhi,0.0,2,800,1,0.3
310063,"cafe, chinese",cafe,3.1,2,500,15,0.3
312214,cafe,cafe,3.4,2,600,50,0.3
309641,"north indian, chinese",north indian,2.9,2,800,6,0.3
306688,cafe,cafe,3.2,1,450,45,0.3
18440427,"north indian, continental, italian",north indian,0.0,2,600,3,0.3
312573,"north indian, chinese, fast food, street food",north indian,3.1,1,300,47,0.3
7983,bakery,bakery,3.5,1,200,94,0.3
302541,"north indian, chinese",north indian,3.7,1,400,331,0.3
7992,south indian,south indian,3.8,1,300,603,0.3
3695,"asian, continental, italian, north indian",asian,3.0,4,2600,579,0.3
4473,"north indian, south indian, chinese, street food, fast food, mithai, desserts",north indian,3.5,2,600,169,0.3
3250,"italian, lebanese, north indian",italian,3.5,3,1100,278,0.3
718,"american, tex-mex, italian, mexican, north indian",american,2.4,4,2000,221,0.7218045112781954
18272361,"north indian, mughlai",north indian,3.4,3,1100,120,0.3
18372695,"north indian, european, asian, mediterranean",north indian,3.4,3,1500,215,0.3
18265411,"tibetan, chinese",tibetan,2.7,1,350,212,0.3
18303706,desserts,desserts,4.5,1,250,324,0.3
18268698,"bakery, desserts",bakery,4.5,2,700,147,0.3
18264244,cafe,cafe,3.5,2,650,23,0.3
18277171,"chinese, thai, sushi",chinese,3.9,3,1500,199,0.3
18265419,"burger, american, fast food",burger,3.8,2,650,458,0.3
18233616,"cafe, tea",cafe,3.9,1,400,124,0.3
18366022,"chinese, thai, asian, japanese, korean, seafood",chinese,3.9,3,1400,173,0.3
18273551,cafe,cafe,3.7,2,600,64,0.3
18272346,"burger, desserts, fast food",burger,3.7,2,600,86,0.3
18268925,"pizza, fast food",pizza,3.7,2,900,214,0.3
18272379,beverages,beverages,3.8,1,400,169,0.3
18272355,"north indian, continental, mughlai, asian",north indian,3.9,3,1800,749,0.3
18268722,"italian, pizza, fast food",italian,3.9,3,1000,173,0.3
18273556,"italian, pizza",italian,3.9,3,1600,366,0.3
18272367,fast food,fast food,3.9,1,400,232,0.3
18258775,"mexican, fast food",mexican,3.6,2,550,397,0.3
18449092,"ice cream, desserts",ice cream,3.7,1,350,22,0.3
18461590,"bakery, desserts",bakery,3.5,2,500,13,0.3
18254530,"burger, fast food",burger,3.7,1,400,518,0.3
18336212,"lebanese, mediterranean, middle eastern, arabian",lebanese,3.8,3,1600,67,0.3
18268727,"continental, american, cafe",continental,4.1,3,1500,567,0.3
18268712,"mexican, american, italian",mexican,4.1,3,1500,750,0.3
18272353,"north indian, mughlai",north indian,4.1,3,1500,322,0.3
18261140,"asian, thai, chinese",asian,4.3,3,1600,428,0.3
18272357,"ice cream, desserts",ice cream,4.0,2,650,91,0.3
18303688,"north indian, thai, continental",north indian,4.0,3,1350,121,0.3
18268716,"parsi, iranian",parsi,4.0,3,1300,617,0.3
18264533,"asian, chinese, japanese",asian,4.2,2,750,316,0.3
2799,"north indian, mughlai",north indian,3.4,3,1500,67,0.3
2655,chinese,chinese,3.2,4,2000,27,0.3
301392,cafe,cafe,3.4,1,350,96,0.3
302727,"north indian, chinese, mughlai",north indian,3.1,2,650,112,0.3
311698,"raw meats, north indian, fast food",raw meats,2.6,1,350,12,0.3
307297,"north indian, chinese",north indian,2.5,2,600,24,0.3
3154,"north indian, mughlai, chinese",north indian,3.3,3,1500,129,0.3
18357543,north indian,north indian,3.9,2,650,44,0.3
3155,"north indian, chinese, thai",north indian,3.7,3,1200,330,0.3
18424581,"chinese, thai, fast food",chinese,0.0,2,600,3,0.3
18421057,"mediterranean, italian, continental, spanish, north indian",mediterranean,3.4,3,1800,299,0.3
18233620,"cafe, tea",cafe,3.6,1,400,46,0.3
300605,"burger, desserts, fast food",burger,3.7,2,600,481,0.3
18279442,"north indian, italian, chinese",north indian,3.8,4,2000,240,0.3
18279455,"continental, american, italian, mediterranean",continental,3.8,3,1900,240,0.3
18424873,ice cream,ice cream,0.0,1,300,0,0.3
18381672,cafe,cafe,0.0,1,450,3,0.3
18382336,"ice cream, beverages, fast food",ice cream,0.0,1,300,1,0.3
18424874,"burger, desserts, fast food",burger,0.0,2,600,1,0.3
18424872,beverages,beverages,0.0,1,300,0,0.3
18424880,"american, fast food, burger",american,0.0,2,500,2,0.3
18381675,"italian, pizza, fast food",italian,0.0,3,1000,0,0.3
18419893,"north indian, mughlai",north indian,4.1,3,1300,111,0.3
18289074,cafe,cafe,4.0,2,700,59,0.3
18291236,north indian,north indian,0.0,2,500,0,0.3
311614,"japanese, sushi",japanese,3.3,3,1200,19,0.3
18429395,"north indian, chinese",north indian,2.5,1,400,6,0.3
3735,"chinese, north indian",chinese,2.6,2,500,36,0.3
9731,north indian,north indian,2.5,1,200,4,0.3
302132,cafe,cafe,2.8,1,450,24,0.3
18258162,north indian,north indian,3.2,2,600,24,0.3
302144,"north indian, chinese",north indian,3.1,2,800,17,0.3
4471,"raw meats, north indian, fast food",raw meats,3.2,1,350,20,0.3
18253392,fast food,fast food,3.1,1,300,37,0.3
310790,"cafe, north indian, italian, chinese",cafe,2.8,2,600,16,0.3
8152,fast food,fast food,2.8,1,100,9,0.3
313035,"north indian, mughlai",north indian,3.0,2,500,9,0.3
301509,"north indian, mughlai",north indian,2.8,2,600,21,0.3
312275,"bakery, fast food, desserts",bakery,2.8,1,250,18,0.3
302127,"north indian, chinese",north indian,2.6,1,400,12,0.3
18322604,fast food,fast food,2.9,2,500,4,0.3
18433889,"thai, chinese",thai,3.1,2,900,8,0.3
18232121,"north indian, chinese",north indian,2.7,2,600,25,0.3
307628,"north indian, chinese, thai",north indian,2.9,3,1000,43,0.3
18281980,"north indian, mughlai, chinese",north indian,2.5,2,600,10,0.3
8151,"north indian, mughlai",north indian,2.8,2,600,50,0.3
302139,"pizza, fast food",pizza,3.5,2,700,56,0.3
18377927,"fast food, north indian, chinese",fast food,3.8,1,350,80,0.3
313120,fast food,fast food,3.5,2,500,28,0.3
18361734,ice cream,ice cream,0.0,1,300,3,0.3
304338,"mithai, street food",mithai,0.0,1,100,2,0.3
18440390,"north indian, chinese",north indian,0.0,1,400,1,0.3
18383456,"ice cream, desserts",ice cream,0.0,1,400,0,0.3
18427237,fast food,fast food,0.0,1,300,3,0.3
18382359,"north indian, mughlai",north indian,0.0,1,350,3,0.3
18445740,bakery,bakery,0.0,1,250,0,0.3
18331809,cafe,cafe,0.0,1,300,3,0.3
18377925,"north indian, chinese",north indian,0.0,2,500,2,0.3
312287,north indian,north indian,0.0,1,300,3,0.3
18441766,fast food,fast food,0.0,1,300,1,0.3
18281977,"north indian, chinese",north indian,0.0,3,1000,3,0.3
18336259,ice cream,ice cream,0.0,1,100,1,0.3
18441537,"beverages, fast food",beverages,0.0,1,200,2,0.3
18128857,"north indian, chinese",north indian,2.9,2,500,55,0.3
18279435,"north indian, chinese",north indian,2.7,2,500,10,0.3
18281983,north indian,north indian,3.1,1,300,16,0.3
301402,"north indian, chinese, continental",north indian,3.0,3,1300,7,0.3
301461,"north indian, chinese, continental, mughlai",north indian,0.0,4,2000,0,0.3
301468,continental,continental,0.0,3,1200,0,0.3
2342,"chinese, mughlai, north indian",chinese,2.6,3,1000,192,0.3
309088,"north indian, mughlai, biryani",north indian,2.8,2,500,109,0.3
18334423,"north indian, chinese",north indian,3.2,1,350,49,0.3
439,"north indian, mughlai, chinese",north indian,2.6,2,600,44,0.5939849624060151
18431970,"biryani, north indian",biryani,3.4,1,400,29,0.3
307718,"chinese, fast food",chinese,3.1,1,300,21,0.3
5685,"mughlai, north indian, chinese",mughlai,2.7,2,600,33,0.3
312243,chinese,chinese,3.6,1,350,97,0.3
18428614,lucknowi,lucknowi,3.5,1,250,24,0.3
18424869,"north indian, chinese, thai",north indian,3.9,2,500,40,0.3
307232,street food,street food,3.6,1,150,280,0.3
300907,"chinese, asian, thai",chinese,3.6,2,650,582,0.3
18382371,cafe,cafe,0.0,1,300,2,0.3
8422,bakery,bakery,3.4,3,1000,29,0.3
8344,finger food,finger food,3.2,4,2000,20,0.3
8441,cafe,cafe,2.9,2,900,14,0.3
8351,north indian,north indian,3.5,4,3500,79,0.3
4505,"continental, north indian",continental,3.3,3,1500,29,0.3
18317498,finger food,finger food,0.0,4,2200,1,0.3
18371434,"burger, fast food",burger,3.3,2,500,14,0.3
18425747,"continental, mexican, mediterranean",continental,3.0,2,600,18,0.3
18371402,"desserts, beverages",desserts,3.1,2,500,6,0.3
18383509,desserts,desserts,3.4,1,300,16,0.3
18446433,"chinese, thai",chinese,3.2,2,950,6,0.3
18349905,"north indian, mughlai",north indian,2.9,2,600,7,0.3
18352249,"american, fast food, burger",american,2.5,2,500,15,0.3
18383479,desserts,desserts,3.2,1,450,13,0.3
18383470,chinese,chinese,3.0,2,700,10,0.3
18383460,"italian, pizza, fast food",italian,2.6,3,1000,7,0.3
18440424,"american, fast food, salad, healthy food",american,2.6,2,500,5,0.3
18383477,"tea, fast food",tea,2.8,1,350,5,0.3
18383466,south indian,south indian,2.8,1,450,6,0.3
18396179,"biryani, hyderabadi",biryani,3.5,3,1000,18,0.3
18466951,"north indian, continental, chinese, italian, thai, mughlai",north indian,3.8,3,1200,46,0.3
18337905,beverages,beverages,3.5,1,400,34,0.3
18361221,"healthy food, salad",healthy food,3.6,2,600,20,0.3
18383484,ice cream,ice cream,0.0,1,300,1,0.3
18440164,"beverages, fast food",beverages,0.0,1,300,3,0.3
18382377,"tea, fast food",tea,0.0,1,250,1,0.3
18383444,cafe,cafe,0.0,2,600,0,0.3
18416753,"ice cream, beverages, fast food",ice cream,0.0,1,300,0,0.3
18441551,beverages,beverages,0.0,1,300,1,0.3
18383481,"juices, fast food",juices,0.0,1,300,1,0.3
18440406,"desserts, ice cream",desserts,0.0,1,300,1,0.3
18381647,"ice cream, desserts",ice cream,0.0,1,200,0,0.3
18440416,fast food,fast food,0.0,1,100,0,0.3
18371430,fast food,fast food,0.0,1,400,0,0.3
18383490,pizza,pizza,2.3,2,600,8,0.3
18273632,fast food,fast food,2.3,1,400,27,0.3
18382345,"ice cream, desserts",ice cream,0.0,1,200,0,0.3
18382347,fast food,fast food,0.0,1,100,0,0.3
3226,"continental, north indian, mexican",continental,3.2,4,2200,135,0.3
4627,"north indian, chinese",north indian,3.3,3,1700,61,0.3
312278,bakery,bakery,2.9,1,200,9,0.3
18364351,"north indian, chinese",north indian,2.7,1,450,5,0.3
18373737,"north indian, chinese, continental",north indian,3.1,2,800,5,0.3
18124366,"chinese, north indian",chinese,3.2,2,550,6,0.3
18254400,"chinese, south indian, fast food",chinese,2.8,1,400,19,0.3
309545,fast food,fast food,3.5,1,400,83,0.3
310067,fast food,fast food,0.0,1,100,2,0.3
18430587,"north indian, continental, chinese",north indian,0.0,4,2000,0,0.3
6033,bakery,bakery,3.4,2,500,25,0.3
6036,continental,continental,3.2,4,2000,32,0.3
1669,"continental, chinese, north indian",continental,4.1,4,2800,228,0.3
3924,"mediterranean, continental, north indian, italian",mediterranean,3.5,4,3200,218,0.3
18383511,"fast food, street food",fast food,0.0,1,300,0,0.3
18245267,"north indian, chinese, continental",north indian,0.0,1,400,2,0.3
304496,north indian,north indian,2.9,1,200,12,0.3
308670,north indian,north indian,2.9,1,100,6,0.3
18462632,"north indian, mughlai, chinese",north indian,0.0,2,500,2,0.3
18322648,bakery,bakery,0.0,1,200,0,0.3
18356045,north indian,north indian,0.0,1,200,0,0.3
18126101,north indian,north indian,0.0,1,350,1,0.3
18273622,"juices, healthy food",juices,4.0,2,500,76,0.3
5742,"north indian, chinese, mughlai",north indian,2.7,2,600,90,0.3
311186,"north indian, chinese",north indian,3.3,2,800,34,0.3
2331,"south indian, north indian, chinese",south indian,2.6,1,300,70,0.3
2329,"north indian, mughlai, chinese",north indian,3.4,2,600,190,0.3
18382363,"cafe, north indian, italian",cafe,3.7,2,900,38,0.3
18456760,"north indian, bengali",north indian,0.0,1,400,0,0.3
18435292,chinese,chinese,0.0,2,550,0,0.3
18435286,"fast food, north indian",fast food,0.0,1,400,2,0.3
18243997,"cafe, italian, chinese",cafe,3.2,1,400,33,0.3
18268352,"north indian, mughlai, chinese",north indian,3.4,2,500,33,0.3
18463699,"chinese, thai",chinese,3.1,3,1100,9,0.3
18376508,"north indian, mughlai",north indian,2.6,1,400,11,0.3
18146402,"north indian, mughlai, chinese",north indian,2.5,3,1400,12,0.3
18216904,"north indian, chinese",north indian,2.9,1,400,4,0.3
5634,chinese,chinese,2.9,1,400,19,0.3
4541,chinese,chinese,2.8,1,300,10,0.3
8226,"mithai, street food",mithai,2.6,1,200,16,0.3
18254527,"raw meats, fast food, north indian",raw meats,2.9,1,350,7,0.3
18409725,"north indian, mughlai, hyderabadi",north indian,3.3,1,400,13,0.3
310208,north indian,north indian,2.5,2,600,36,0.3
8228,"mithai, street food",mithai,2.6,1,150,26,0.3
8236,"biryani, north indian, fast food",biryani,2.7,2,500,18,0.3
18415343,"biryani, north indian, mughlai",biryani,2.6,3,1000,26,0.3
18133476,north indian,north indian,2.6,2,500,25,0.3
18381224,"north indian, mughlai",north indian,3.2,2,700,7,0.3
18440751,"cafe, bakery",cafe,3.3,2,500,13,0.3
306560,"north indian, chinese",north indian,2.7,2,600,36,0.3
18371428,"north indian, mughlai, chinese",north indian,3.4,2,800,13,0.3
18372251,"mughlai, continental, chinese",mughlai,3.1,2,800,8,0.3
312369,"biryani, mughlai",biryani,3.2,2,550,27,0.3
307014,"north indian, chinese, continental",north indian,3.5,3,1000,367,0.3
18332064,fast food,fast food,3.8,2,550,99,0.3
18216939,"chinese, thai",chinese,3.7,2,650,115,0.3
18378014,north indian,north indian,3.6,1,400,18,0.3
18157400,"north indian, mughlai",north indian,3.6,2,900,72,0.3
18057810,north indian,north indian,3.6,2,850,56,0.3
18252385,"north indian, mughlai",north indian,3.6,2,750,108,0.3
18421504,"fast food, north indian",fast food,3.5,1,400,21,0.3
18310503,"italian, pizza",italian,0.0,1,400,0,0.3
18424173,mughlai,mughlai,0.0,1,200,0,0.3
18233621,"cafe, continental, fast food, italian",cafe,0.0,2,600,0,0.3
18432230,"north indian, mughlai, chinese",north indian,0.0,1,400,1,0.3
18409212,"north indian, mughlai, chinese, fast food",north indian,0.0,2,700,1,0.3
18219528,chinese,chinese,0.0,2,700,3,0.3
18380150,"north indian, chinese, mughlai",north indian,0.0,2,500,0,0.3
18355013,chinese,chinese,0.0,2,600,1,0.3
18348609,fast food,fast food,0.0,1,200,0,0.3
18424175,"mithai, street food",mithai,0.0,1,100,0,0.3
313415,"bakery, fast food, desserts",bakery,0.0,1,350,0,0.3
18460286,"north indian, south indian, italian, chinese",north indian,0.0,2,500,0,0.3
310762,bakery,bakery,0.0,1,250,2,0.3
18208893,"north indian, chinese",north indian,0.0,1,300,3,0.3
18478981,fast food,fast food,0.0,1,400,1,0.3
18410832,north indian,north indian,0.0,1,400,0,0.3
18303715,"chinese, fast food",chinese,0.0,1,300,0,0.3
4480,"pizza, fast food",pizza,2.1,2,700,84,0.3
3764,"north indian, mughlai, chinese",north indian,2.4,2,800,76,0.3
304636,"italian, pizza",italian,2.3,2,800,94,0.3
307340,"american, fast food, salad, healthy food",american,2.4,2,500,51,0.3
8237,"bakery, desserts, fast food",bakery,2.4,1,250,63,0.3
18268724,"north indian, chinese",north indian,4.0,2,800,175,0.3
312463,north indian,north indian,3.0,1,100,9,0.3
309318,bakery,bakery,3.0,1,250,5,0.3
302518,fast food,fast food,2.8,1,350,31,0.3
8072,north indian,north indian,3.0,1,400,7,0.3
5755,north indian,north indian,2.6,2,500,34,0.3
18486840,fast food,fast food,3.0,1,300,4,0.3
8074,"north indian, chinese, mughlai, fast food",north indian,2.7,2,550,26,0.3
307888,"north indian, chinese",north indian,3.1,1,350,30,0.3
834,"chinese, thai",chinese,3.7,3,1100,1182,0.8571428571428571
18382337,ice cream,ice cream,0.0,1,200,2,0.3
18433542,"north indian, mughlai",north indian,0.0,2,500,0,0.3
18382335,"north indian, chinese",north indian,0.0,1,350,0,0.3
18264985,"north indian, chinese, mughlai",north indian,0.0,2,500,1,0.3
18265692,biryani,biryani,0.0,1,200,1,0.3
304937,"mithai, street food",mithai,0.0,1,150,3,0.3
18489849,"mithai, street food",mithai,0.0,1,150,1,0.3
18485826,"north indian, south indian",north indian,0.0,1,200,0,0.3
18489806,"north indian, chinese",north indian,0.0,1,300,0,0.3
18381674,"north indian, mughlai",north indian,0.0,2,600,3,0.3
18441772,north indian,north indian,0.0,1,200,1,0.3
18390891,fast food,fast food,0.0,1,200,1,0.3
8061,"mithai, street food",mithai,2.3,1,150,15,0.3
308623,"cafe, italian, continental, chinese",cafe,2.6,1,450,26,0.3
311013,"mexican, italian, fast food",mexican,3.4,2,550,55,0.3
18368015,beverages,beverages,3.9,1,200,64,0.3
18273942,"continental, mexican, american, fast food, italian, chinese",continental,3.9,2,550,132,0.3
18034079,cafe,cafe,3.6,1,400,20,0.3
18440413,"chinese, fast food",chinese,0.0,1,200,0,0.3
18427230,"bakery, fast food, chinese",bakery,0.0,1,400,0,0.3
18440415,"north indian, fast food",north indian,0.0,1,400,1,0.3
18446387,"biryani, mughlai",biryani,0.0,1,300,1,0.3
18340903,"south indian, north indian, street food",south indian,3.0,1,300,4,0.3
18275760,"north indian, mughlai, fast food",north indian,2.9,1,450,5,0.3
18357548,"north indian, chinese",north indian,3.1,1,400,19,0.3
18381249,"north indian, mughlai",north indian,2.5,1,400,6,0.3
18307266,"north indian, chinese",north indian,2.9,2,600,4,0.3
18112492,"pizza, fast food",pizza,2.5,2,700,27,0.3
18445768,"north indian, chinese",north indian,3.0,1,400,4,0.3
18393840,"north indian, mughlai",north indian,2.8,3,1400,7,0.3
18276998,north indian,north indian,2.8,1,200,9,0.3
300988,fast food,fast food,3.2,1,400,19,0.3
18292443,"north indian, fast food",north indian,2.8,1,400,8,0.3
18204456,"american, fast food, salad, healthy food",american,2.6,2,500,13,0.3
18138418,"bakery, desserts",bakery,2.9,1,300,6,0.3
18441561,"bakery, fast food",bakery,0.0,1,300,3,0.3
18245275,"north indian, mughlai, chinese",north indian,0.0,2,600,2,0.3
18469933,north indian,north indian,0.0,2,500,0,0.3
18358190,cafe,cafe,0.0,1,450,3,0.3
18441663,cafe,cafe,0.0,1,450,0,0.3
18489823,"cafe, bakery, fast food",cafe,0.0,1,350,0,0.3
18489827,"north indian, italian, continental",north indian,0.0,1,450,0,0.3
18371413,bakery,bakery,0.0,2,700,2,0.3
18441563,chinese,chinese,0.0,1,300,0,0.3
18358662,cafe,cafe,0.0,2,600,0,0.3
18277008,north indian,north indian,0.0,1,200,0,0.3
18399250,"north indian, chinese",north indian,0.0,1,400,2,0.3
18449300,bakery,bakery,0.0,2,500,1,0.3
18454471,"mithai, north indian, street food",mithai,0.0,1,200,1,0.3
18273973,chinese,chinese,0.0,1,250,1,0.3
18375406,"cafe, fast food",cafe,0.0,1,350,1,0.3
18384109,beverages,beverages,0.0,1,100,1,0.3
18441569,beverages,beverages,0.0,1,200,0,0.3
18254543,south indian,south indian,0.0,1,200,3,0.3
18393815,"pizza, fast food",pizza,0.0,2,700,3,0.3
18458636,"north indian, chinese",north indian,0.0,2,500,1,0.3
18481281,"american, fast food, salad, healthy food",american,0.0,2,500,0,0.3
18474432,north indian,north indian,0.0,1,400,3,0.3
18441559,north indian,north indian,0.0,1,300,0,0.3
18441665,"fast food, beverages",fast food,0.0,1,200,1,0.3
18466397,"north indian, chinese",north indian,0.0,1,300,0,0.3
18441557,"north indian, chinese",north indian,0.0,1,400,0,0.3
18441671,"fast food, beverages",fast food,0.0,2,500,1,0.3
18416310,"continental, chinese, north indian, indian",continental,0.0,2,500,3,0.3
18372688,"continental, fast food, italian",continental,4.2,3,1300,108,0.3
18146472,bakery,bakery,2.9,1,150,7,0.3
3145,"north indian, chinese",north indian,2.8,2,500,84,0.3
312175,"north indian, south indian",north indian,2.8,1,400,6,0.3
3143,north indian,north indian,2.9,1,200,4,0.3
4518,north indian,north indian,3.1,1,350,27,0.3
304510,north indian,north indian,2.9,1,150,5,0.3
310875,"south indian, north indian, chinese",south indian,3.3,2,800,57,0.3
309317,bakery,bakery,3.4,1,250,23,0.3
311085,bakery,bakery,3.0,1,300,10,0.3
300914,"bakery, desserts",bakery,3.0,1,250,43,0.3
8115,"north indian, mughlai, chinese, fast food",north indian,2.7,2,500,8,0.3
18455665,"north indian, fast food",north indian,3.2,1,400,12,0.3
18146390,fast food,fast food,3.2,1,200,48,0.3
18435298,"healthy food, juices",healthy food,3.5,2,700,14,0.3
301415,"north indian, chinese, thai, continental",north indian,3.6,3,1500,328,0.3
18407293,bakery,bakery,0.0,1,300,0,0.3
18432201,pizza,pizza,0.0,1,250,0,0.3
304493,north indian,north indian,0.0,1,150,2,0.3
18438456,chinese,chinese,0.0,1,200,0,0.3
18367439,"fast food, beverages",fast food,0.0,1,300,2,0.3
18466616,"north indian, chinese",north indian,0.0,1,400,1,0.3
18382368,"mughlai, north indian",mughlai,0.0,1,450,1,0.3
18465093,bakery,bakery,0.0,1,350,1,0.3
18345109,bakery,bakery,0.0,1,250,1,0.3
18432027,north indian,north indian,0.0,1,300,1,0.3
18258742,north indian,north indian,0.0,1,350,2,0.3
18254314,fast food,fast food,0.0,1,200,1,0.3
18258756,mughlai,mughlai,0.0,1,300,2,0.3
18382366,"north indian, mughlai",north indian,0.0,1,450,1,0.3
4882,cafe,cafe,2.9,2,650,22,0.3
309535,"north indian, chinese, south indian",north indian,3.0,2,700,31,0.3
18415359,"north indian, chinese",north indian,3.3,1,300,13,0.3
308451,"american, fast food, salad, healthy food",american,3.4,2,500,55,0.3
18156287,north indian,north indian,3.5,1,200,45,0.3
399,"fast food, burger",fast food,3.7,2,500,135,0.7894736842105263
18161600,cafe,cafe,0.0,1,450,2,0.3
18249084,"burger, desserts, fast food",burger,0.0,2,600,2,0.3
18432020,chinese,chinese,0.0,1,300,0,0.3
18432013,chinese,chinese,0.0,1,250,0,0.3
303371,"north indian, chinese, mediterranean",north indian,4.3,3,1600,1670,0.3
302558,"south indian, chinese, street food, mithai",south indian,3.3,1,400,61,0.3
1698,"north indian, chinese",north indian,2.5,3,1300,106,0.3
9252,"italian, north indian, chinese",italian,3.4,3,1200,431,0.3
1323,"bakery, desserts, fast food",bakery,3.1,1,150,213,0.3
1735,"north indian, mughlai",north indian,2.5,2,700,357,0.3
5677,fast food,fast food,2.5,1,250,103,0.3
300953,north indian,north indian,2.8,1,100,30,0.3
4721,"american, italian",american,2.6,3,1500,521,0.3
18261722,"chinese, north indian, mughlai, continental",chinese,3.3,3,1600,198,0.3
18346730,"mithai, north indian, south indian, street food, chinese",mithai,3.3,2,600,36,0.3
461,"mughlai, north indian",mughlai,3.3,3,1200,446,0.7894736842105263
937,"american, fast food, burger",american,2.7,2,500,608,0.6842105263157895
307720,"north indian, street food",north indian,3.2,1,400,76,0.3
591,"north indian, south indian, chinese, street food, fast food, mithai, desserts",north indian,2.5,2,600,211,0.7669172932330827
18371433,"north indian, mughlai",north indian,3.3,2,600,19,0.3
18287364,"north indian, chinese, continental",north indian,3.4,2,650,68,0.3
7913,"north indian, fast food",north indian,3.0,2,900,139,0.3
18180086,"north indian, chinese, continental",north indian,2.6,3,1000,19,0.3
5678,"north indian, chinese",north indian,2.6,2,700,89,0.3
427,"south indian, north indian, chinese",south indian,3.2,2,600,277,0.7819548872180451
18292482,"pizza, italian",pizza,3.3,2,600,97,0.3
18446481,"north indian, chinese, mughlai",north indian,3.4,2,600,19,0.3
310694,"north indian, mughlai, chinese",north indian,3.2,3,1400,80,0.3
18252573,"north indian, mughlai",north indian,3.2,1,350,47,0.3
303269,"fast food, north indian",fast food,3.4,1,300,45,0.3
5854,"north indian, chinese",north indian,3.2,3,1300,37,0.3
18349895,"north indian, mughlai, chinese",north indian,3.0,3,1400,203,0.3
4160,"italian, continental, north indian, chinese",italian,3.4,3,1400,286,0.3
301514,"finger food, north indian, chinese",finger food,3.4,3,1000,223,0.3
310417,"bakery, desserts, fast food",bakery,3.9,1,350,205,0.3
1701,"north indian, continental, thai, chinese",north indian,3.5,3,1350,326,0.3
18208904,"bakery, beverages, fast food",bakery,3.6,1,300,40,0.3
3306,"chinese, seafood, asian",chinese,3.9,3,1600,515,0.3
301005,"north indian, fast food, chinese",north indian,3.6,3,1200,235,0.3
307566,"north indian, south indian, fast food, street food, chinese, beverages, desserts, mithai",north indian,3.7,2,550,331,0.3
18216913,"biryani, north indian, hyderabadi",biryani,3.8,2,800,612,0.3
310399,"american, italian, chinese, north indian, cafe",american,3.7,2,900,833,0.3
594,cafe,cafe,3.6,1,450,125,0.8195488721804511
3796,"biryani, north indian, mughlai",biryani,3.5,2,650,430,0.3
490,"north indian, mughlai",north indian,3.8,3,1400,2019,0.8195488721804511
18336495,"north indian, mughlai",north indian,3.8,3,1000,477,0.3
18228862,"north indian, fast food",north indian,3.5,1,350,196,0.3
384,"pizza, fast food",pizza,3.6,2,700,547,0.7518796992481203
7945,bakery,bakery,3.8,1,300,402,0.3
2985,"north indian, chinese, mughlai",north indian,3.8,2,950,285,0.3
18228855,healthy food,healthy food,3.8,2,800,154,0.3
18289257,"continental, mexican, fast food, chinese",continental,3.5,1,400,147,0.3
18380141,"pizza, north indian",pizza,3.5,1,200,47,0.3
18272377,"street food, continental, south indian, north indian, chinese",street food,3.9,2,600,204,0.3
18473005,"fast food, beverages",fast food,3.6,2,500,30,0.3
300180,"continental, american, north indian, chinese",continental,3.6,3,1550,425,0.3
7784,chinese,chinese,3.7,3,1800,743,0.3
396,fast food,fast food,3.9,2,500,403,0.8571428571428571
18014141,"north indian, fast food, chinese, biryani, mughlai",north indian,3.8,2,500,418,0.3
1702,"mughlai, north indian",mughlai,3.6,2,600,703,0.3
18198836,"cafe, italian, continental, desserts",cafe,3.9,3,1000,320,0.3
309111,cafe,cafe,3.7,2,800,302,0.3
309098,"bakery, desserts, fast food",bakery,3.9,2,500,250,0.3
166,"north indian, mughlai",north indian,3.7,4,2000,770,0.8195488721804511
18434638,"fast food, chinese, north indian",fast food,3.5,1,300,22,0.3
1070,"american, fast food, salad, healthy food",american,3.8,2,500,268,0.3
450,"north indian, chinese, south indian, seafood, chettinad",north indian,3.6,3,1500,415,0.8195488721804511
18175334,"north indian, asian, continental",north indian,3.5,4,2350,214,0.3
4248,"north indian, mughlai",north indian,3.5,4,2200,540,0.3
18237334,north indian,north indian,3.6,3,1600,332,0.3
300952,"north indian, mughlai, italian, chinese",north indian,3.5,3,1500,247,0.3
311649,"north indian, mughlai",north indian,3.7,3,1600,222,0.3
2336,"bakery, fast food",bakery,3.5,1,200,420,0.3
18273566,fast food,fast food,3.6,1,350,324,0.3
311338,"north indian, mughlai, chinese, fast food",north indian,2.2,2,700,81,0.3
310609,north indian,north indian,2.3,1,450,31,0.3
307555,"fast food, beverages",fast food,2.1,1,450,74,0.3
4717,"chinese, north indian",chinese,2.4,4,2000,103,0.3
7956,desserts,desserts,4.2,1,450,235,0.3
304612,fast food,fast food,4.0,1,300,1055,0.3
304691,chinese,chinese,2.8,1,350,18,0.3
309519,fast food,fast food,3.6,1,400,165,0.3
18450369,north indian,north indian,0.0,2,500,1,0.3
18409730,"north indian, chinese, south indian",north indian,0.0,2,500,0,0.3
18427226,"north indian, chinese",north indian,2.9,1,300,4,0.3
387,"fast food, north indian, chinese, desserts, ice cream",fast food,2.5,3,1100,221,0.7969924812030075
301420,"north indian, chinese, south indian",north indian,3.6,2,500,103,0.3
18383442,"north indian, chinese",north indian,0.0,1,400,0,0.3
18424675,"bakery, desserts",bakery,0.0,2,500,3,0.3
18425782,"chinese, thai",chinese,0.0,3,1100,2,0.3
18457257,south indian,south indian,0.0,1,300,0,0.3
18382382,fast food,fast food,0.0,1,200,2,0.3
18441711,north indian,north indian,0.0,1,200,0,0.3
308770,"north indian, chinese",north indian,2.6,2,500,17,0.3
18472688,south indian,south indian,3.0,1,400,5,0.3
18156065,north indian,north indian,0.0,1,300,3,0.3
308951,"fast food, chinese",fast food,3.3,1,300,27,0.3
308563,"north indian, chinese",north indian,3.0,2,600,26,0.3
18409182,fast food,fast food,0.0,1,250,1,0.3
8065,north indian,north indian,3.0,1,250,10,0.3
18216929,"north indian, chinese, south indian",north indian,3.0,2,500,7,0.3
18224208,"north indian, chinese",north indian,2.5,1,450,17,0.3
18441760,"mughlai, biryani",mughlai,0.0,2,500,0,0.3
18492041,north indian,north indian,0.0,1,200,0,0.3
18393406,north indian,north indian,0.0,1,200,0,0.3
18381676,"north indian, chinese",north indian,0.0,1,450,0,0.3
18430895,north indian,north indian,0.0,2,500,0,0.3
18433898,north indian,north indian,0.0,1,150,1,0.3
5239,bakery,bakery,3.4,1,350,102,0.3
18312466,"north indian, chinese, mughlai",north indian,3.1,2,550,16,0.3
8022,"north indian, chinese",north indian,2.6,2,500,59,0.3
8017,"raw meats, fast food",raw meats,3.0,1,400,37,0.3
18020006,mithai,mithai,0.0,2,500,2,0.3
18252394,chinese,chinese,0.0,1,350,0,0.3
311375,"bakery, desserts",bakery,2.5,1,300,4,0.3
18463959,"north indian, south indian, chinese",north indian,0.0,1,300,0,0.3
18345461,"north indian, fast food",north indian,4.1,2,500,112,0.3
311688,"north indian, chinese, mughlai",north indian,3.3,2,600,159,0.3
18265723,chinese,chinese,3.0,1,400,6,0.3
7986,"chinese, fast food",chinese,2.7,1,200,15,0.3
18244520,"pizza, fast food",pizza,3.4,2,600,79,0.3
5760,north indian,north indian,2.9,1,450,5,0.3
18265705,street food,street food,3.0,1,150,10,0.3
5761,north indian,north indian,3.1,1,250,8,0.3
18255160,fast food,fast food,3.0,1,400,5,0.3
18265709,"fast food, beverages",fast food,2.6,1,450,13,0.3
18236270,"north indian, fast food, chinese",north indian,3.1,1,450,12,0.3
5757,north indian,north indian,3.2,1,200,12,0.3
312237,bakery,bakery,2.8,1,300,8,0.3
5700,north indian,north indian,2.9,1,400,7,0.3
302575,"street food, beverages",street food,2.9,1,350,4,0.3
18463961,"north indian, chinese",north indian,3.6,1,400,19,0.3
18336506,"ice cream, beverages",ice cream,3.5,1,200,23,0.3
5744,"chinese, south indian, north indian",chinese,3.5,1,400,57,0.3
18408051,"italian, chinese",italian,0.0,1,300,2,0.3
18377587,"north indian, south indian",north indian,0.0,1,150,1,0.3
307719,north indian,north indian,0.0,1,100,1,0.3
7982,desserts,desserts,0.0,1,150,1,0.3
311419,bakery,bakery,0.0,1,150,1,0.3
18383448,north indian,north indian,0.0,1,300,0,0.3
18432192,north indian,north indian,0.0,1,250,0,0.3
395,"italian, pizza, fast food",italian,2.3,2,800,62,0.7518796992481203
307724,north indian,north indian,2.0,2,500,74,0.3
1460,"north indian, mughlai",north indian,2.8,2,600,58,0.3
7991,fast food,fast food,3.2,1,200,20,0.3
7979,mithai,mithai,3.1,1,100,14,0.3
18323760,"north indian, mughlai",north indian,2.9,2,500,43,0.3
307491,street food,street food,3.2,1,100,15,0.3
2334,"raw meats, north indian, fast food",raw meats,3.5,1,400,85,0.3
3153,chinese,chinese,3.2,1,300,46,0.3
18361198,"north indian, mughlai",north indian,3.0,2,600,12,0.3
309215,"bakery, desserts",bakery,3.4,1,300,37,0.3
18219552,biryani,biryani,3.5,2,500,144,0.3
18478962,north indian,north indian,3.7,1,350,31,0.3
18472682,"north indian, mughlai",north indian,0.0,1,300,0,0.3
18396192,bakery,bakery,0.0,1,200,0,0.3
18138415,"north indian, chinese, fast food",north indian,2.8,2,500,8,0.3
18429379,north indian,north indian,3.0,1,200,5,0.3
3443,"north indian, chinese",north indian,3.9,1,300,140,0.3
18466412,"north indian, south indian, chinese",north indian,0.0,1,300,3,0.3
18180048,"north indian, chinese",north indian,0.0,1,300,3,0.3
302535,"cafe, continental, fast food, italian",cafe,3.7,2,600,164,0.3
18311928,"cafe, healthy food, continental, italian, asian",cafe,3.7,2,800,131,0.3
18446503,north indian,north indian,3.0,1,200,4,0.3
18157374,north indian,north indian,2.7,2,600,20,0.3
309059,chinese,chinese,3.1,1,400,5,0.3
18291234,chinese,chinese,2.6,1,350,32,0.3
18458315,"north indian, chinese",north indian,3.7,1,200,49,0.3
18457856,"chinese, north indian, south indian",chinese,0.0,1,250,0,0.3
18323684,"north indian, chinese",north indian,0.0,2,500,1,0.3
18244230,ice cream,ice cream,0.0,1,250,0,0.3
18204467,"north indian, south indian",north indian,3.0,1,300,8,0.3
18306542,street food,street food,3.2,1,450,15,0.3
18337925,fast food,fast food,3.4,1,400,22,0.3
18433854,american,american,0.0,1,300,1,0.3
313151,"bakery, desserts",bakery,0.0,1,300,2,0.3
9735,"north indian, mughlai, chinese",north indian,2.8,2,500,28,0.3
18440192,"fast food, beverages",fast food,3.1,1,300,4,0.3
302501,"north indian, mughlai, chinese",north indian,2.6,2,550,37,0.3
303025,"north indian, mughlai, chinese",north indian,2.5,2,550,20,0.3
18424204,"north indian, chinese, mughlai",north indian,2.9,2,900,7,0.3
18393700,kashmiri,kashmiri,3.0,1,300,5,0.3
18430590,"cafe, tea",cafe,3.6,1,400,18,0.3
18439524,"north indian, mughlai",north indian,3.7,1,450,70,0.3
18417576,"bakery, desserts",bakery,0.0,1,300,0,0.3
18440395,fast food,fast food,0.0,2,500,0,0.3
18423885,"ice cream, beverages, fast food",ice cream,0.0,1,300,0,0.3
18421515,north indian,north indian,0.0,1,200,0,0.3
18440171,north indian,north indian,0.0,3,1250,3,0.3
18359322,fast food,fast food,3.0,1,100,6,0.3
457,"north indian, mughlai, chinese",north indian,2.8,2,800,239,0.8872180451127819
18398459,"pizza, fast food",pizza,3.4,2,500,15,0.3
18255715,"north indian, mughlai, chinese",north indian,2.9,2,500,7,0.3
18427249,"fast food, italian",fast food,3.4,2,500,23,0.3
18391164,"fast food, burger",fast food,2.9,1,400,8,0.3
18472655,"north indian, continental",north indian,3.1,1,400,6,0.3
18279437,"fast food, chinese",fast food,3.7,1,450,72,0.3
18204489,chinese,chinese,3.8,2,700,113,0.3
18275704,"continental, mexican, italian",continental,3.6,1,450,111,0.3
18332077,"cafe, fast food",cafe,3.7,1,350,68,0.3
18458632,healthy food,healthy food,3.7,2,800,26,0.3
18391158,"italian, fast food",italian,3.5,1,400,27,0.3
18303845,"north indian, chinese, mughlai",north indian,3.6,1,400,47,0.3
18352262,"fast food, north indian",fast food,3.7,1,400,92,0.3
18427229,"fast food, chinese",fast food,3.8,1,350,34,0.3
18345747,"cafe, fast food",cafe,3.7,1,400,80,0.3
18368024,"desserts, beverages",desserts,3.9,1,250,66,0.3
18472419,"north indian, biryani",north indian,0.0,2,500,0,0.3
18284048,chinese,chinese,0.0,1,350,2,0.3
18438321,"continental, fast food, italian",continental,0.0,1,400,3,0.3
18319512,bakery,bakery,0.0,2,500,0,0.3
309278,"fast food, chinese",fast food,4.3,1,400,1005,0.3
18419879,"north indian, mughlai",north indian,4.3,2,500,96,0.3
9836,"fast food, beverages",fast food,4.1,1,200,632,0.3
307407,"fast food, chinese",fast food,2.8,1,400,63,0.3
305317,cafe,cafe,3.0,2,650,26,0.3
18430593,"burger, fast food",burger,3.2,2,500,13,0.3
18349929,beverages,beverages,3.1,1,400,7,0.3
18408048,american,american,3.7,3,1300,53,0.3
305222,"fast food, burger",fast food,3.5,2,500,53,0.3
18356801,ice cream,ice cream,0.0,1,300,2,0.3
18432198,fast food,fast food,0.0,1,100,1,0.3
18432025,chinese,chinese,0.0,1,250,0,0.3
18265399,ice cream,ice cream,0.0,1,300,0,0.3
18432194,north indian,north indian,0.0,1,300,0,0.3
8385,"pizza, fast food",pizza,2.4,2,700,70,0.3
309799,"bakery, desserts, fast food",bakery,4.0,2,500,183,0.3
6800,"north indian, mughlai, chinese",north indian,3.4,2,650,69,0.3
18449659,"north indian, mughlai",north indian,3.0,2,600,7,0.3
18438249,chinese,chinese,3.0,1,400,4,0.3
18489509,"north indian, south indian, italian, continental, mediterranean, lebanese, desserts",north indian,3.3,2,500,10,0.3
18155147,north indian,north indian,0.0,1,150,1,0.3
18388032,"north indian, chinese, fast food",north indian,3.4,1,400,24,0.3
18478565,"chinese, north indian",chinese,0.0,1,250,0,0.3
313410,"north indian, chinese, fast food",north indian,3.2,2,600,364,0.3
311974,ice cream,ice cream,3.3,1,300,12,0.3
5686,"raw meats, fast food",raw meats,3.1,1,350,16,0.3
18396157,"biryani, north indian",biryani,3.1,1,300,9,0.3
5681,chinese,chinese,2.9,1,400,22,0.3
307424,"north indian, chinese",north indian,2.5,2,700,27,0.3
8084,"bakery, fast food",bakery,3.4,1,150,117,0.3
18412870,"mughlai, chinese",mughlai,3.2,2,500,5,0.3
18412876,"north indian, fast food",north indian,3.1,2,600,10,0.3
306551,"raw meats, north indian, fast food",raw meats,2.7,1,350,25,0.3
8095,"north indian, chinese, fast food, mithai",north indian,2.9,1,450,56,0.3
308648,"north indian, chinese, fast food, street food",north indian,3.2,1,300,41,0.3
18352184,beverages,beverages,2.9,1,400,4,0.3
17977758,"cafe, continental, fast food",cafe,3.3,1,400,39,0.3
18370702,"north indian, seafood, bengali",north indian,3.3,2,600,15,0.3
18322612,"north indian, mughlai",north indian,3.2,2,550,34,0.3
18412866,"pizza, fast food",pizza,3.3,2,500,26,0.3
18396425,healthy food,healthy food,3.4,2,600,21,0.3
18287405,"fast food, beverages",fast food,2.5,1,450,13,0.3
18466390,"fast food, italian, north indian, chinese",fast food,3.0,3,1300,6,0.3
18219556,"fast food, beverages",fast food,3.4,1,350,66,0.3
311332,"fast food, north indian",fast food,3.0,1,300,6,0.3
18439546,south indian,south indian,2.8,1,300,10,0.3
18441667,"north indian, mughlai",north indian,3.6,2,700,43,0.3
18363088,biryani,biryani,3.5,2,600,63,0.3
18454463,"cafe, north indian, chinese",cafe,3.7,2,500,27,0.3
18450749,north indian,north indian,3.6,1,400,38,0.3
18381230,"continental, mexican, fast food, chinese",continental,3.5,1,400,29,0.3
18332051,"north indian, mughlai",north indian,3.5,2,700,63,0.3
18339370,biryani,biryani,0.0,2,500,1,0.3
18439534,"american, italian, north indian, chinese",american,0.0,2,500,3,0.3
18432190,pizza,pizza,0.0,2,600,1,0.3
18412897,tea,tea,0.0,1,200,2,0.3
18383529,beverages,beverages,0.0,1,400,0,0.3
18383549,beverages,beverages,0.0,1,400,2,0.3
18430878,"north indian, chinese",north indian,0.0,2,900,0,0.3
18481312,"north indian, mughlai",north indian,0.0,1,350,1,0.3
18478971,"north indian, chinese",north indian,0.0,1,300,0,0.3
18439535,"north indian, mughlai, mughlai",north indian,0.0,2,600,2,0.3
307974,"north indian, chinese",north indian,0.0,2,600,3,0.3
18430884,north indian,north indian,0.0,2,800,0,0.3
18460087,"fast food, street food",fast food,0.0,1,200,0,0.3
1337,"north indian, chinese",north indian,2.4,2,700,52,0.3
311342,"north indian, chinese",north indian,2.4,2,800,5,0.3
18438435,"salad, continental",salad,4.1,2,500,43,0.3
18425976,fast food,fast food,2.7,1,200,6,0.3
18463984,"continental, chinese",continental,3.0,2,500,4,0.3
18370372,"north indian, chinese, fast food",north indian,2.9,2,500,52,0.3
18433903,north indian,north indian,3.2,2,800,11,0.3
18391172,"north indian, chinese",north indian,3.1,2,600,9,0.3
310539,fast food,fast food,2.5,1,200,19,0.3
18383527,"north indian, chinese",north indian,3.4,2,600,18,0.3
310695,chinese,chinese,2.9,1,450,15,0.3
308763,north indian,north indian,3.0,1,200,7,0.3
309135,north indian,north indian,2.8,1,400,8,0.3
3740,"cafe, italian, chinese, continental",cafe,3.7,2,550,431,0.3
18400723,"north indian, chinese, fast food",north indian,3.7,2,600,47,0.3
18383486,"chinese, thai, fast food",chinese,3.8,2,650,40,0.3
18454484,"north indian, chinese",north indian,0.0,2,500,0,0.3
18398614,mughlai,mughlai,0.0,1,400,3,0.3
18373560,"north indian, mughlai, chinese",north indian,0.0,2,500,1,0.3
18478972,"bakery, fast food",bakery,0.0,1,250,0,0.3
18381258,"north indian, south indian",north indian,0.0,2,500,0,0.3
18420881,north indian,north indian,0.0,1,400,0,0.3
18499456,"north indian, mughlai",north indian,0.0,1,400,0,0.3
18433905,chinese,chinese,0.0,1,250,0,0.3
18448608,"chinese, north indian, mughlai",chinese,0.0,2,700,0,0.3
18387305,"north indian, south indian",north indian,0.0,1,100,1,0.3
18317511,"north indian, chinese, italian",north indian,3.3,2,650,49,0.3
18472676,"bakery, desserts",bakery,3.3,1,350,11,0.3
18244257,"north indian, chinese",north indian,3.1,2,550,80,0.3
18228857,"north indian, mughlai",north indian,2.9,2,500,4,0.3
18456765,south indian,south indian,0.0,1,200,1,0.3
18317512,ice cream,ice cream,0.0,1,300,2,0.3
18432231,ice cream,ice cream,0.0,1,300,0,0.3
18486776,street food,street food,0.0,1,150,0,0.3
18432236,"chinese, north indian",chinese,0.0,1,450,0,0.3
311706,bakery,bakery,3.0,1,300,9,0.3
18410380,"north indian, mughlai, chinese",north indian,3.4,2,650,20,0.3
18426112,north indian,north indian,0.0,1,200,0,0.3
18418205,bakery,bakery,0.0,2,500,0,0.3
18352161,bakery,bakery,0.0,1,200,3,0.3
18234101,bakery,bakery,0.0,1,150,1,0.3
312313,"chinese, fast food",chinese,2.8,1,400,5,0.3
18339329,"north indian, chinese",north indian,2.9,2,550,4,0.3
304818,"north indian, mughlai, chinese",north indian,3.0,2,550,27,0.3
18303838,bakery,bakery,3.0,2,700,5,0.3
310724,"bakery, fast food",bakery,3.1,2,500,7,0.3
310753,fast food,fast food,3.4,1,250,22,0.3
18435295,"burger, fast food",burger,0.0,1,300,1,0.3
18281160,north indian,north indian,0.0,1,200,0,0.3
309155,"pizza, fast food",pizza,2.3,2,700,38,0.3
18289230,"fast food, beverages",fast food,2.4,1,450,7,0.3
18277218,"bakery, desserts",bakery,3.0,2,500,11,0.3
18133492,north indian,north indian,3.2,1,400,61,0.3
18332086,"north indian, mughlai",north indian,3.5,1,450,76,0.3
18419113,"north indian, south indian, chinese",north indian,0.0,1,300,0,0.3
18203626,"bakery, desserts",bakery,3.8,1,250,89,0.3
312978,north indian,north indian,3.5,1,300,87,0.3
18451091,street food,street food,0.0,1,100,0,0.3
304727,cafe,cafe,2.7,1,450,42,0.3
3679,desserts,desserts,3.4,1,450,18,0.3
306023,"north indian, mughlai",north indian,2.7,2,800,340,0.3
18378765,"north indian, healthy food, rajasthani",north indian,3.1,1,400,10,0.3
18014129,fast food,fast food,3.3,2,500,141,0.3
301081,"north indian, mughlai, chinese",north indian,3.4,2,750,369,0.3
2971,"north indian, chinese",north indian,2.5,2,800,206,0.3
302406,chinese,chinese,2.7,1,400,53,0.3
18254253,"north indian, chinese",north indian,3.4,1,450,51,0.3
18138435,"bakery, mithai",bakery,3.0,1,300,11,0.3
5684,"raw meats, fast food",raw meats,3.4,1,400,29,0.3
1745,south indian,south indian,2.8,2,500,113,0.3
3707,"american, fast food, salad, healthy food",american,2.5,2,500,165,0.3
18371395,"fast food, cafe, italian, north indian, chinese",fast food,3.2,2,550,48,0.3
310766,"italian, continental, north indian, chinese",italian,2.6,2,650,147,0.3
2939,chinese,chinese,2.5,3,1300,252,0.3
1919,"mithai, street food",mithai,3.6,1,250,69,0.3
9313,cafe,cafe,3.5,2,700,203,0.3
18470627,"biryani, mughlai",biryani,0.0,1,300,0,0.3
18273432,"bakery, desserts",bakery,0.0,1,300,0,0.3
18163927,"north indian, mughlai, chinese",north indian,0.0,2,600,2,0.3
18373828,north indian,north indian,0.0,1,450,0,0.3
18252364,"raw meats, fast food",raw meats,0.0,1,400,0,0.3
18376068,bakery,bakery,0.0,1,300,0,0.3
308725,"north indian, mughlai, chinese",north indian,2.3,2,800,91,0.3
385,"pizza, fast food",pizza,2.4,2,700,161,0.7368421052631579
18432227,"mughlai, north indian",mughlai,2.3,2,600,12,0.3
308441,"north indian, chinese",north indian,2.3,2,500,115,0.3
2327,"italian, pizza, fast food",italian,2.3,2,800,173,0.3
313045,"north indian, chinese",north indian,2.4,3,1300,56,0.3
309818,"chinese, thai, asian",chinese,2.4,2,750,137,0.3
311341,"north indian, chinese",north indian,2.4,2,800,21,0.3
18398605,"biryani, mughlai",biryani,4.1,2,700,126,0.3
18383531,"north indian, chinese",north indian,4.3,3,1300,150,0.3
306167,"desserts, bakery, fast food",desserts,4.1,2,500,516,0.3
308059,"bengali, north indian",bengali,2.7,2,650,27,0.3
18489511,chinese,chinese,3.0,1,350,5,0.3
18388008,"north indian, chinese, fast food",north indian,2.8,1,150,11,0.3
18255153,"north indian, chinese, south indian",north indian,2.7,1,350,9,0.3
313164,"north indian, chinese",north indian,3.1,2,650,29,0.3
18432195,"north indian, biryani",north indian,3.6,2,500,19,0.3
18261811,"healthy food, north indian, chinese, continental",healthy food,3.7,2,600,142,0.3
18377891,"north indian, mughlai, chinese, fast food",north indian,3.6,2,600,33,0.3
18273047,"chinese, mughlai",chinese,3.6,2,550,49,0.3
18261720,"north indian, mughlai, chinese",north indian,3.5,2,500,61,0.3
18435293,"north indian, mughlai, chinese",north indian,0.0,1,450,0,0.3
18480748,"american, italian",american,0.0,2,500,0,0.3
18480216,north indian,north indian,0.0,2,500,0,0.3
18478977,"north indian, chinese, mughlai",north indian,0.0,2,500,2,0.3
18500639,"north indian, chinese",north indian,0.0,1,400,0,0.3
18357573,"bakery, desserts",bakery,0.0,2,500,0,0.3
18435297,"north indian, chinese",north indian,0.0,2,500,0,0.3
18322688,north indian,north indian,0.0,1,150,1,0.3
18383521,"north indian, chinese",north indian,0.0,1,400,2,0.3
18337906,"awadhi, north indian",awadhi,0.0,1,300,2,0.3
18351422,"north indian, fast food, chinese",north indian,0.0,1,450,1,0.3
18353796,lucknowi,lucknowi,0.0,1,400,0,0.3
18495875,"tibetan, street food",tibetan,0.0,1,100,1,0.3
18480321,"mexican, italian",mexican,0.0,2,500,0,0.3
18332475,"chinese, north indian",chinese,0.0,2,800,3,0.3
18439522,"cafe, mexican",cafe,0.0,2,550,2,0.3
18481291,"north indian, chinese",north indian,0.0,2,500,0,0.3
1498,"italian, pizza, bakery",italian,2.3,2,700,230,0.3
18258491,north indian,north indian,3.2,2,800,65,0.3
304484,north indian,north indian,2.9,1,150,11,0.3
18477658,"north indian, chinese",north indian,0.0,1,300,2,0.3
18368602,north indian,north indian,0.0,1,300,2,0.3
18435807,north indian,north indian,0.0,1,200,0,0.3
18287399,"north indian, mughlai",north indian,2.9,2,800,6,0.3
309873,"north indian, mughlai, chinese, raw meats",north indian,2.9,2,600,25,0.3
310170,"north indian, chinese, south indian, mithai",north indian,3.1,2,650,39,0.3
8497,"north indian, chinese, south indian, mithai",north indian,3.2,2,650,193,0.3
312184,"north indian, mughlai, chinese",north indian,2.6,2,500,9,0.3
18082207,"continental, fast food, asian, italian",continental,3.8,2,500,200,0.3
18144457,chinese,chinese,3.5,2,600,123,0.3
18346998,"bakery, desserts",bakery,0.0,1,300,0,0.3
18435308,"north indian, chinese",north indian,0.0,1,400,1,0.3
18291227,north indian,north indian,0.0,1,350,2,0.3
18435795,chinese,chinese,0.0,1,50,0,0.3
18383031,bakery,bakery,0.0,2,500,2,0.3
304750,mithai,mithai,0.0,1,150,0,0.3
18435790,cafe,cafe,0.0,1,300,0,0.3
18244407,north indian,north indian,0.0,1,300,0,0.3
18428215,north indian,north indian,0.0,1,250,3,0.3
18382356,"north indian, mughlai, chinese",north indian,0.0,1,400,0,0.3
307841,bakery,bakery,2.1,1,350,56,0.3
18157407,"north indian, chinese",north indian,2.3,2,500,23,0.3
8068,chinese,chinese,2.9,1,150,4,0.3
18435313,chinese,chinese,0.0,1,300,0,0.3
18249124,chinese,chinese,2.9,1,300,4,0.3
302502,"north indian, chinese, mughlai",north indian,3.1,2,500,144,0.3
313329,"bakery, desserts",bakery,2.5,2,500,7,0.3
18126119,north indian,north indian,0.0,1,150,0,0.3
18435805,south indian,south indian,0.0,1,200,0,0.3
18409196,"fast food, north indian",fast food,0.0,1,300,0,0.3
501,cafe,cafe,3.0,2,650,7,0.8120300751879699
510,cafe,cafe,2.9,2,650,5,0.7218045112781954
18418274,"continental, american",continental,3.3,2,600,15,0.3
5746,"chinese, north indian",chinese,3.1,1,300,29,0.3
18215963,"north indian, chinese",north indian,2.7,1,400,15,0.3
18432232,north indian,north indian,0.0,2,500,0,0.3
304487,"mithai, street food",mithai,0.0,1,150,0,0.3
18433909,"north indian, chinese",north indian,0.0,1,300,0,0.3
8096,"north indian, chinese",north indian,0.0,1,300,2,0.3
18459896,fast food,fast food,0.0,1,200,1,0.3
5702,north indian,north indian,0.0,1,150,2,0.3
304502,north indian,north indian,0.0,1,100,0,0.3
18432196,north indian,north indian,0.0,1,100,0,0.3
18414468,"north indian, chinese, fast food",north indian,2.7,2,650,8,0.3
8090,"north indian, chinese",north indian,2.7,1,300,15,0.3
8092,"north indian, south indian, chinese",north indian,2.9,1,350,12,0.3
18391140,fast food,fast food,3.1,1,350,10,0.3
312935,"north indian, mughlai, chinese",north indian,0.0,2,700,1,0.3
18313786,"bakery, desserts, fast food",bakery,0.0,1,200,2,0.3
18432223,"chinese, north indian",chinese,0.0,1,300,0,0.3
8077,south indian,south indian,3.1,1,150,7,0.3
8089,"chinese, north indian, fast food",chinese,0.0,1,250,2,0.3
18368771,north indian,north indian,0.0,1,200,0,0.3
18481296,"north indian, chinese",north indian,0.0,2,500,0,0.3
18128894,"bakery, desserts",bakery,3.4,1,300,30,0.3
18451823,north indian,north indian,3.1,2,650,6,0.3
18469955,cafe,cafe,0.0,1,450,0,0.3
18466392,"north indian, south indian, chinese",north indian,0.0,1,300,0,0.3
310755,chinese,chinese,0.0,1,300,3,0.3
312186,bakery,bakery,3.2,1,200,19,0.3
4469,"north indian, chinese, continental",north indian,3.2,3,1100,325,0.3
18423860,"north indian, chinese",north indian,3.0,1,400,4,0.3
307335,bakery,bakery,2.7,1,150,11,0.3
5698,cafe,cafe,3.0,1,450,26,0.3
8130,cafe,cafe,3.0,1,450,14,0.3
311533,"north indian, south indian, fast food",north indian,3.2,1,400,16,0.3
18268502,"bakery, desserts",bakery,3.2,2,500,17,0.3
18285723,cafe,cafe,3.1,1,250,10,0.3
308751,chinese,chinese,2.9,1,200,5,0.3
18273567,"biryani, mughlai",biryani,2.7,1,300,9,0.3
3753,"north indian, mughlai, chinese",north indian,3.1,3,1500,56,0.3
18258503,"continental, italian",continental,3.2,2,700,33,0.3
1844,"pizza, fast food",pizza,2.6,2,700,118,0.3
313305,bakery,bakery,2.8,1,400,12,0.3
18281981,"north indian, south indian, chinese, fast food",north indian,3.2,1,300,15,0.3
308718,"bakery, desserts, fast food",bakery,2.5,1,350,38,0.3
18423098,"fast food, beverages",fast food,3.4,1,200,16,0.3
18435329,bakery,bakery,3.1,1,400,7,0.3
18367978,healthy food,healthy food,3.2,1,350,11,0.3
5777,chinese,chinese,2.9,1,250,4,0.3
18396437,"south indian, north indian, chinese",south indian,3.3,2,500,15,0.3
18224549,"north indian, chinese",north indian,2.9,1,400,6,0.3
8138,chinese,chinese,2.8,1,200,14,0.3
18281973,"north indian, chinese, south indian, mithai",north indian,2.7,2,650,17,0.3
18391059,north indian,north indian,3.0,1,200,5,0.3
313049,north indian,north indian,3.1,1,400,9,0.3
313250,chinese,chinese,3.3,2,650,50,0.3
313358,"north indian, chinese, cafe",north indian,3.1,3,1500,13,0.3
18358191,"north indian, chinese, fast food",north indian,3.0,1,300,5,0.3
5696,"italian, pizza",italian,3.1,3,1000,147,0.3
18252359,"north indian, chinese",north indian,3.2,2,800,10,0.3
4483,"raw meats, fast food",raw meats,3.1,1,400,17,0.3
5776,"north indian, street food",north indian,2.9,2,750,56,0.3
8767,south indian,south indian,2.8,1,250,5,0.3
311622,"fast food, north indian, chinese",fast food,3.4,2,500,155,0.3
308758,"american, fast food, salad, healthy food",american,2.5,2,500,28,0.3
303996,"north indian, chinese, continental",north indian,2.8,2,900,13,0.3
18128867,cafe,cafe,2.9,1,300,9,0.3
18160567,"fast food, north indian",fast food,3.0,2,600,9,0.3
18128892,"chinese, north indian",chinese,3.4,2,500,30,0.3
18380262,"fast food, beverages",fast food,3.5,1,400,33,0.3
307703,"cafe, tea",cafe,3.5,1,400,182,0.3
302308,fast food,fast food,3.8,1,300,401,0.3
3939,fast food,fast food,3.5,2,500,215,0.3
311656,"chinese, thai",chinese,3.6,2,850,114,0.3
304441,"street food, mithai",street food,0.0,1,100,3,0.3
18344518,biryani,biryani,0.0,1,100,0,0.3
304439,chinese,chinese,0.0,1,250,2,0.3
18312485,cafe,cafe,0.0,1,450,0,0.3
312188,fast food,fast food,0.0,1,250,1,0.3
18424577,chinese,chinese,0.0,1,250,0,0.3
312192,chinese,chinese,0.0,1,200,0,0.3
18424631,chinese,chinese,0.0,1,200,0,0.3
18474221,"bakery, fast food",bakery,0.0,1,400,0,0.3
18268694,"north indian, chinese",north indian,0.0,1,200,1,0.3
18381667,"chinese, north indian",chinese,0.0,1,350,0,0.3
18424598,"raw meats, north indian, fast food",raw meats,0.0,1,350,1,0.3
18423900,cafe,cafe,0.0,2,500,0,0.3
18347548,"north indian, chinese, south indian",north indian,0.0,2,700,0,0.3
18281813,"north indian, mughlai, chinese",north indian,0.0,2,550,2,0.3
18423896,bakery,bakery,0.0,2,600,1,0.3
18423139,chinese,chinese,0.0,1,350,1,0.3
308717,chinese,chinese,0.0,1,350,1,0.3
310775,chinese,chinese,0.0,1,400,0,0.3
18274402,"north indian, chinese",north indian,0.0,2,500,2,0.3
18382349,"north indian, chinese",north indian,0.0,1,300,2,0.3
18423877,mughlai,mughlai,0.0,2,500,2,0.3
18424206,north indian,north indian,0.0,1,200,0,0.3
18424195,north indian,north indian,0.0,1,200,0,0.3
310770,south indian,south indian,0.0,1,400,2,0.3
18424588,north indian,north indian,0.0,1,200,0,0.3
18356798,north indian,north indian,0.0,1,250,0,0.3
304480,"north indian, chinese, mughlai, fast food",north indian,2.4,2,600,49,0.3
4758,"north indian, south indian, chinese, street food, fast food, mithai",north indian,2.4,2,500,77,0.3
7909,"american, fast food, salad, healthy food",american,2.4,2,500,88,0.3
18391137,"north indian, mughlai, chinese",north indian,2.6,2,750,4,0.3
312428,"north indian, chinese, south indian",north indian,2.6,1,450,11,0.3
18448390,"fast food, beverages",fast food,0.0,1,100,0,0.3
18462716,biryani,biryani,0.0,1,300,1,0.3
18492089,fast food,fast food,0.0,1,200,0,0.3
18424868,north indian,north indian,0.0,1,250,0,0.3
18415381,north indian,north indian,0.0,1,300,0,0.3
18492086,north indian,north indian,0.0,1,200,0,0.3
18378580,"north indian, biryani",north indian,0.0,1,350,2,0.3
18460908,"north indian, south indian, chinese",north indian,0.0,2,800,0,0.3
18409211,"fast food, north indian",fast food,0.0,1,300,0,0.3
18478895,"north indian, chinese, italian, thai",north indian,0.0,2,500,0,0.3
18258764,"south indian, chinese",south indian,2.8,1,300,8,0.3
18382564,north indian,north indian,3.2,1,400,11,0.3
18378040,"north indian, mughlai, chinese",north indian,0.0,1,400,2,0.3
18382348,north indian,north indian,0.0,2,550,0,0.3
18216323,"north indian, chinese",north indian,0.0,2,600,0,0.3
312240,bakery,bakery,0.0,1,300,2,0.3
18224558,"north indian, fast food",north indian,2.7,2,700,9,0.3
6170,"north indian, mughlai",north indian,3.3,2,500,114,0.3
18478533,bakery,bakery,0.0,1,300,0,0.3
18439012,"north indian, chinese",north indian,3.1,2,500,10,0.3
18421059,north indian,north indian,2.9,1,200,6,0.3
18490967,"chinese, north indian",chinese,0.0,1,400,0,0.3
18491387,north indian,north indian,0.0,1,200,0,0.3
18388148,north indian,north indian,0.0,1,200,0,0.3
313103,bakery,bakery,0.0,1,150,2,0.3
18439544,north indian,north indian,0.0,2,500,0,0.3
18439541,"mithai, north indian, chinese",mithai,2.9,1,400,4,0.3
18335834,"north indian, chinese",north indian,3.4,2,500,20,0.3
18383468,"fast food, italian, desserts, beverages",fast food,3.3,1,350,12,0.3
18351053,desserts,desserts,3.1,1,150,10,0.3
18411585,"north indian, chinese",north indian,3.0,2,600,10,0.3
18382362,north indian,north indian,3.0,1,400,5,0.3
18163938,"north indian, south indian, chinese, mithai",north indian,2.7,2,500,34,0.3
312316,"north indian, chinese",north indian,2.9,2,850,8,0.3
18424201,"north indian, chinese, south indian",north indian,3.0,2,500,5,0.3
18429391,beverages,beverages,2.9,1,400,4,0.3
18126089,"north indian, chinese",north indian,2.9,2,550,4,0.3
18337921,north indian,north indian,3.4,2,800,21,0.3
18462972,"north indian, mughlai, chinese",north indian,3.2,1,450,12,0.3
18014154,"north indian, chinese, south indian, mithai",north indian,2.9,2,650,12,0.3
18383462,"street food, north indian",street food,3.1,1,150,8,0.3
18435296,"kashmiri, chinese",kashmiri,3.1,2,500,6,0.3
18416867,"north indian, mughlai, chinese",north indian,3.0,2,500,4,0.3
18383535,bakery,bakery,2.7,1,350,4,0.3
18418649,"fast food, north indian",fast food,3.1,1,300,8,0.3
18313143,"chinese, fast food",chinese,2.9,1,400,10,0.3
18332053,"north indian, mughlai",north indian,3.1,2,500,11,0.3
18365588,"cafe, continental, italian",cafe,3.7,2,600,51,0.3
18423131,"north indian, mughlai, chinese",north indian,3.5,2,650,42,0.3
18418250,"north indian, mughlai, chinese",north indian,3.5,2,800,31,0.3
18439523,"north indian, south indian, chinese",north indian,0.0,1,250,1,0.3
18471723,"bakery, north indian",bakery,0.0,1,250,0,0.3
18430582,"bakery, desserts",bakery,0.0,1,300,0,0.3
18451827,"italian, continental, american",italian,0.0,2,500,0,0.3
18439527,"bakery, fast food",bakery,0.0,1,200,1,0.3
18313605,bakery,bakery,0.0,1,300,2,0.3
18372662,"chinese, north indian",chinese,0.0,2,500,0,0.3
18435336,"mithai, fast food",mithai,0.0,1,100,0,0.3
18418232,fast food,fast food,0.0,1,100,0,0.3
18433873,"north indian, mughlai, chinese",north indian,0.0,2,600,1,0.3
18383464,"bakery, fast food",bakery,0.0,1,250,0,0.3
18354978,"pizza, fast food",pizza,0.0,2,700,2,0.3
18469970,"cafe, desserts",cafe,0.0,2,500,3,0.3
18441651,chinese,chinese,0.0,1,450,0,0.3
18415977,"raw meats, north indian, fast food",raw meats,0.0,1,350,0,0.3
18439532,chinese,chinese,0.0,1,300,0,0.3
18435288,"raw meats, north indian, fast food",raw meats,0.0,1,350,2,0.3
18383483,"mughlai, north indian, chinese",mughlai,0.0,2,700,2,0.3
18442657,"lucknowi, mughlai, north indian",lucknowi,0.0,2,500,0,0.3
18435824,north indian,north indian,0.0,1,350,0,0.3
18456271,desserts,desserts,0.0,1,200,1,0.3
18394367,north indian,north indian,0.0,1,450,0,0.3
18439529,"mughlai, north indian",mughlai,0.0,2,600,1,0.3
18435797,"north indian, chinese, fast food",north indian,0.0,1,300,2,0.3
18435321,"raw meats, fast food",raw meats,0.0,1,300,3,0.3
18494319,biryani,biryani,0.0,1,400,0,0.3
18383458,street food,street food,0.0,1,100,0,0.3
18352676,"north indian, chinese",north indian,0.0,1,300,0,0.3
18468948,"north indian, south indian, street food",north indian,0.0,2,800,1,0.3
18499472,north indian,north indian,0.0,2,500,0,0.3
18396341,"fast food, north indian, south indian",fast food,0.0,1,400,1,0.3
18431190,north indian,north indian,0.0,1,300,3,0.3
18431976,fast food,fast food,0.0,1,250,1,0.3
18466993,fast food,fast food,0.0,1,100,3,0.3
18472450,"north indian, chinese, kashmiri",north indian,0.0,2,600,3,0.3
18383503,"mithai, north indian",mithai,2.4,1,400,11,0.3
311334,"north indian, mughlai, chinese",north indian,2.1,3,1400,22,0.3
18308083,bakery,bakery,3.2,1,400,9,0.3
310240,ice cream,ice cream,0.0,1,200,1,0.3
18206836,north indian,north indian,3.2,1,200,15,0.3
18376500,"north indian, mughlai",north indian,3.2,1,400,20,0.3
308877,chinese,chinese,2.9,1,300,4,0.3
311768,"mithai, beverages",mithai,3.4,1,200,23,0.3
18423127,"chinese, fast food",chinese,3.1,2,500,10,0.3
300550,"north indian, mughlai",north indian,3.1,2,600,140,0.3
18337891,"chinese, fast food",chinese,3.0,2,500,7,0.3
9724,"north indian, mughlai, chinese",north indian,3.1,2,800,45,0.3
312558,"bakery, desserts",bakery,3.1,2,500,9,0.3
312777,"north indian, mughlai",north indian,3.0,2,500,5,0.3
1495,"north indian, mughlai, chinese",north indian,3.6,2,550,210,0.3
18258469,"bakery, fast food",bakery,3.6,1,300,34,0.3
18440423,ice cream,ice cream,0.0,1,300,0,0.3
18385532,bakery,bakery,0.0,1,300,2,0.3
18349808,"burger, fast food",burger,0.0,1,250,0,0.3
18440409,"mithai, bakery",mithai,0.0,1,150,0,0.3
18271099,street food,street food,0.0,1,150,0,0.3
311701,bakery,bakery,0.0,2,800,1,0.3
302925,south indian,south indian,2.4,1,350,54,0.3
18385889,"bakery, desserts",bakery,3.1,1,400,8,0.3
18371420,"fast food, north indian, chinese",fast food,0.0,2,600,1,0.3
308737,ice cream,ice cream,3.0,1,100,7,0.3
309693,"north indian, mughlai",north indian,3.2,2,550,36,0.3
312241,fast food,fast food,3.0,1,350,8,0.3
390,"italian, pizza, fast food",italian,3.4,3,1000,144,0.8345864661654135
447,north indian,north indian,2.6,2,500,32,0.8421052631578947
4482,"american, fast food, salad, healthy food",american,3.4,2,500,93,0.3
550,"north indian, south indian, chinese, street food, fast food, mithai, desserts",north indian,3.6,2,600,301,0.7518796992481203
303152,"north indian, chinese, mediterranean, asian, continental",north indian,3.9,3,1300,1088,0.3
18486858,chinese,chinese,0.0,1,300,0,0.3
18499455,north indian,north indian,0.0,1,400,1,0.3
18466970,ice cream,ice cream,0.0,1,300,1,0.3
18431193,"north indian, mughlai",north indian,0.0,2,500,3,0.3
18258397,"north indian, south indian, bakery, beverages",north indian,0.0,2,500,2,0.3
18431981,chinese,chinese,0.0,2,550,3,0.3
3212,"european, north indian, chinese",european,2.2,4,2500,116,0.3
8012,"pizza, fast food",pizza,2.2,2,650,134,0.3
312187,"north indian, chinese",north indian,3.2,2,600,35,0.3
523,cafe,cafe,2.5,2,650,23,0.8045112781954887
2480,"juices, beverages, fast food",juices,3.0,1,200,10,0.3
1733,"north indian, chinese",north indian,3.1,4,2000,129,0.3
307145,"north indian, mughlai, chinese",north indian,2.5,3,1000,28,0.3
1727,"chinese, asian",chinese,2.5,2,750,79,0.3
828,"north indian, mughlai",north indian,3.1,2,600,147,0.6992481203007519
393,"italian, pizza, fast food",italian,3.3,3,1000,113,0.8270676691729323
1722,"north indian, mughlai, chinese",north indian,2.6,2,800,75,0.3
2483,"north indian, mughlai",north indian,3.0,3,1200,120,0.3
1726,"mughlai, north indian",mughlai,2.6,2,700,76,0.3
304934,"north indian, chinese",north indian,2.7,2,600,15,0.3
305961,"biryani, mughlai",biryani,3.2,2,550,160,0.3
308578,"bakery, desserts, fast food, north indian",bakery,3.5,1,450,105,0.3
308750,ice cream,ice cream,0.0,1,100,3,0.3
309971,"fast food, pizza",fast food,0.0,2,550,1,0.3
386,"pizza, fast food",pizza,2.4,2,700,98,0.7744360902255639
428,"south indian, north indian, chinese",south indian,2.3,2,600,155,0.7969924812030075
18070483,"american, fast food, salad, healthy food",american,2.3,2,500,24,0.3
7869,cafe,cafe,3.3,2,650,57,0.3
5610,"north indian, street food, south indian, fast food, chinese",north indian,3.0,2,500,38,0.3
304103,cafe,cafe,2.7,1,450,18,0.3
5598,cafe,cafe,2.7,1,450,34,0.3
18233617,"cafe, tea",cafe,3.4,1,400,67,0.3
300955,"north indian, rajasthani",north indian,2.8,2,600,102,0.3
18017237,"ice cream, beverages, fast food",ice cream,3.0,1,300,8,0.3
5619,"pizza, fast food",pizza,3.2,2,700,60,0.3
2191,"desserts, ice cream",desserts,3.1,1,250,32,0.3
307447,"north indian, mughlai",north indian,3.2,2,600,106,0.3
7932,"fast food, burger",fast food,3.4,2,500,70,0.3
1226,"north indian, mughlai",north indian,3.3,2,800,793,0.3
8888,italian,italian,3.1,3,1200,372,0.3
4530,cafe,cafe,2.6,2,700,55,0.3
18400768,ice cream,ice cream,3.4,1,250,11,0.3
409,chinese,chinese,2.6,3,1300,334,0.8421052631578947
7939,ice cream,ice cream,3.5,1,300,41,0.3
18133480,"burger, fast food",burger,3.5,2,500,211,0.3
791,cafe,cafe,3.5,2,600,110,0.7593984962406015
486,"chinese, thai",chinese,3.6,3,1100,507,0.7218045112781954
18208913,fast food,fast food,3.5,1,150,37,0.3
3251,chinese,chinese,3.7,3,1500,517,0.3
308774,"mughlai, north indian",mughlai,3.6,2,600,179,0.3
394,"italian, pizza, fast food",italian,3.7,3,1000,189,0.7669172932330827
302421,"south indian, north indian, chinese",south indian,3.5,2,800,139,0.3
1244,"american, tex-mex",american,3.5,4,2500,1147,0.3
5689,"north indian, rajasthani",north indian,3.5,3,1000,249,0.3
18431152,fast food,fast food,0.0,1,200,0,0.3
18439721,"italian, chinese",italian,0.0,1,200,0,0.3
18431158,desserts,desserts,0.0,1,150,1,0.3
18430892,"desserts, ice cream",desserts,0.0,1,150,1,0.3
18430870,cafe,cafe,0.0,2,850,1,0.3
18428504,"continental, lebanese, mexican",continental,0.0,3,1000,0,0.3
2979,"chinese, north indian, south indian, fast food",chinese,2.0,1,450,161,0.3
3237,"north indian, continental, chinese",north indian,2.0,4,2400,230,0.3
2025,"north indian, mughlai",north indian,2.0,3,1200,108,0.3
3149,"north indian, chinese",north indian,4.0,3,1200,395,0.3
18255134,"north indian, chinese",north indian,2.6,2,700,34,0.3
18277023,fast food,fast food,0.0,1,400,1,0.3
18313203,fast food,fast food,0.0,2,600,3,0.3
18254559,"north indian, chinese",north indian,0.0,2,500,0,0.3
18255132,"raw meats, fast food",raw meats,0.0,1,250,1,0.3
120519,"north indian, middle eastern, pizza",north indian,4.2,4,2000,843,0.3
4000344,"american, chinese, north indian, italian",american,3.5,2,500,42,0.3
4000016,"south indian, fast food",south indian,3.4,1,300,111,0.3
4000277,chinese,chinese,3.5,3,1400,65,0.3
18369321,"north indian, chinese",north indian,3.5,4,1500,32,0.3
4000033,"north indian, chinese, continental",north indian,3.5,3,1000,150,0.3
18279982,"continental, cafe, italian, pizza, north indian, chinese, bakery, mughlai",continental,3.4,2,600,16,0.3
4000004,fast food,fast food,3.3,2,500,49,0.3
4000269,fast food,fast food,3.4,2,500,60,0.3
4000027,"biryani, mughlai",biryani,3.6,2,500,99,0.3
4000081,"north indian, continental, chinese, south indian",north indian,3.7,4,1600,43,0.3
4000069,"north indian, mughlai, chinese",north indian,3.4,3,800,45,0.3
4000294,"chinese, north indian, mughlai",chinese,3.6,2,450,69,0.3
4000001,"north indian, chinese",north indian,3.3,3,1000,162,0.3
4000030,"north indian, south indian, fast food",north indian,3.3,2,600,74,0.3
4000018,"north indian, chinese, finger food",north indian,3.6,3,1000,107,0.3
4000222,"north indian, fast food",north indian,3.6,2,600,75,0.3
4000031,"north indian, chinese, continental, italian",north indian,3.5,3,1200,151,0.3
4000015,"north indian, chinese",north indian,3.4,2,700,61,0.3
4000007,"north indian, south indian, chinese",north indian,3.1,2,500,64,0.3
18343124,"north indian, chinese",north indian,3.5,2,700,45,0.3
3700010,bakery,bakery,3.8,1,150,173,0.3
3700009,"pizza, italian",pizza,3.8,4,1000,513,0.3
18427467,"desserts, beverages, juices",desserts,3.7,2,250,36,0.3
3700024,"french, continental, north indian",french,3.5,4,1400,328,0.3
3700056,"cafe, continental",cafe,3.8,3,700,199,0.3
3700408,"pizza, italian",pizza,3.6,3,600,97,0.3
3700017,italian,italian,3.6,3,900,275,0.3
3700050,"bakery, french",bakery,4.1,2,400,791,0.3
3700041,desserts,desserts,4.2,2,300,656,0.3
3700387,"chinese, thai, malaysian, vietnamese, korean, indonesian, asian",chinese,3.8,4,1500,189,0.3
3700036,"north indian, seafood, south indian, italian",north indian,3.8,4,1500,192,0.3
3700049,continental,continental,3.9,4,1500,535,0.3
3700069,cafe,cafe,3.1,2,450,875,0.3
3700160,"continental, north indian, finger food",continental,3.4,4,1200,228,0.3
18378803,north indian,north indian,3.7,3,800,124,0.3
3700051,cafe,cafe,3.5,3,800,298,0.3
3700037,"north indian, french, continental",north indian,3.8,4,1500,456,0.3
3700019,"goan, mangalorean, continental, french",goan,3.5,4,1200,225,0.3
3700021,cafe,cafe,3.8,3,550,495,0.3
3700561,desserts,desserts,4.2,1,150,163,0.3
6508323,"north indian, asian",north indian,4.5,3,1500,1099,0.3
18383095,"north indian, continental, finger food",north indian,3.6,3,1200,507,0.3
18378852,"continental, north indian, mughlai, burmese",continental,4.3,4,2000,375,0.3
13231,"european, desserts",european,4.8,3,1000,2510,0.3
18354483,modern indian,modern indian,4.3,3,1500,868,0.3
18383076,"north indian, north eastern, continental",north indian,4.2,3,1400,306,0.3
6505309,"finger food, italian, spanish, greek",finger food,4.1,3,1000,1143,0.3
6504409,"continental, north indian, mughlai, burmese",continental,4.3,3,1800,1531,0.3
18350020,"charcoal grill, italian, north indian, european, indonesian, thai",charcoal grill,4.4,2,900,635,0.3
6508117,"cafe, italian, continental",cafe,4.2,2,850,583,0.3
18417624,"european, asian, mediterranean, modern indian, desserts, finger food",european,4.1,3,1500,140,0.3
6505564,"italian, german, continental",italian,4.0,3,1000,1583,0.3
11371,"mexican, american, tex-mex",mexican,4.5,3,1800,1439,0.3
11807,"north indian, mughlai",north indian,4.5,3,1700,2847,0.3
18292672,"north indian, chinese, continental",north indian,4.2,3,1500,487,0.3
6507461,"continental, north indian, italian",continental,4.2,3,1200,1531,0.3
6507967,"italian, continental, cafe",italian,4.1,2,800,997,0.3
6506206,"north indian, mediterranean, chinese",north indian,3.6,4,2100,1566,0.3
6507495,finger food,finger food,4.1,3,1000,377,0.3
18441490,north indian,north indian,4.4,3,1000,208,0.3
2700001,"north indian, chinese",north indian,3.3,3,1000,65,0.3
2700223,"north indian, continental, chinese",north indian,3.2,1,400,51,0.3
2700263,"european, north indian, continental, italian",european,3.7,3,1000,81,0.3
2700024,"fast food, north indian",fast food,3.3,1,400,89,0.3
2700010,chinese,chinese,3.4,2,650,117,0.3
2700007,"north indian, chinese, south indian, chinese",north indian,4.0,1,450,370,0.3
2700019,"continental, north indian, european",continental,3.7,3,1000,116,0.3
2700002,"north indian, chinese",north indian,3.6,3,1000,119,0.3
2700008,"north indian, south indian, chinese",north indian,3.1,2,500,26,0.3
2700044,fast food,fast food,3.2,2,500,125,0.3
2700059,street food,street food,3.5,1,200,112,0.3
2700242,"north indian, chinese",north indian,3.3,2,650,20,0.3
2700085,"north indian, chinese, south indian, chinese",north indian,3.4,1,450,102,0.3
2700241,"cafe, italian, mexican, chinese, north indian",cafe,3.3,2,500,19,0.3
18388053,"north indian, south indian, chinese",north indian,3.4,1,400,13,0.3
2700011,"south indian, north indian, chinese",south indian,3.7,1,400,92,0.3
2700082,"cafe, fast food, north indian",cafe,3.6,3,1000,95,0.3
2700032,"north indian, continental",north indian,3.4,4,2000,62,0.3
2700049,pizza,pizza,3.5,2,700,66,0.3
2700036,"north indian, south indian, chinese",north indian,3.5,3,1500,67,0.3
96814,"north indian, chinese",north indian,4.4,2,850,494,0.3
90499,"cafe, continental",cafe,4.6,2,800,1408,0.3
3800319,"chinese, north indian, italian, mexican",chinese,3.8,3,900,201,0.3
3800021,"chinese, thai, asian",chinese,3.9,3,800,226,0.3
18396610,south indian,south indian,4.1,2,500,70,0.3
3800053,"north indian, chinese, thai, mexican, italian",north indian,3.9,3,800,191,0.3
3800052,chinese,chinese,4.2,3,800,197,0.3
3800078,south indian,south indian,4.0,1,250,279,0.3
3800022,"cafe, continental",cafe,4.0,2,650,223,0.3
3800238,"lebanese, italian",lebanese,4.3,2,650,479,0.3
3800003,"italian, north indian, desserts, continental",italian,4.1,3,900,164,0.3
3800020,"chinese, thai, asian",chinese,3.7,3,800,209,0.3
3800000,"italian, mexican, mediterranean",italian,4.2,3,1400,319,0.3
3800002,gujarati,gujarati,3.9,2,550,153,0.3
18362165,"cafe, desserts",cafe,3.9,2,500,28,0.3
3800252,"north indian, italian",north indian,4.1,3,1000,221,0.3
3800018,pizza,pizza,4.1,3,800,216,0.3
3800016,"italian, continental, chinese, mexican",italian,4.1,4,1500,204,0.3
18439181,modern indian,modern indian,3.4,4,1500,47,0.3
3800477,"ice cream, desserts",ice cream,3.6,1,250,87,0.3
18367402,"italian, lebanese, mexican",italian,3.6,3,900,66,0.3
3800437,"north indian, italian, mexican, asian",north indian,3.8,3,800,87,0.3
3200090,south indian,south indian,4.5,2,400,344,0.3
3200440,"north indian, chinese",north indian,3.8,2,600,130,0.3
18295781,"cafe, mexican, italian, fast food",cafe,3.8,2,500,71,0.3
3200265,"cafe, fast food",cafe,3.9,2,400,145,0.3
3200012,"mughlai, north indian",mughlai,4.3,4,1500,332,0.3
3200005,italian,italian,4.1,3,1000,202,0.3
18275708,"north indian, continental, italian, asian",north indian,4.0,3,1200,93,0.3
3200021,"italian, mexican, continental",italian,4.4,4,1500,276,0.3
3200584,"thai, chinese, asian",thai,3.8,3,800,107,0.3
3200015,gujarati,gujarati,4.0,2,600,191,0.3
3200032,"continental, chinese, mexican, north indian",continental,3.8,3,800,149,0.3
3200002,north indian,north indian,3.5,3,1000,82,0.3
3200311,"mediterranean, italian",mediterranean,4.6,3,1300,321,0.3
3200497,"north indian, thai, italian, chinese, mexican",north indian,3.5,3,800,96,0.3
3200560,fast food,fast food,3.9,1,300,50,0.3
3200269,"north indian, mughlai",north indian,3.9,3,800,243,0.3
3200590,cafe,cafe,4.3,2,600,92,0.3
3200537,cafe,cafe,4.2,2,700,132,0.3
3200024,"pizza, italian",pizza,4.1,2,600,269,0.3
3200034,"north indian, mughlai, mexican, thai",north indian,4.1,3,1000,395,0.3
3900021,cafe,cafe,3.4,2,450,59,0.3
3900059,"pizza, chinese",pizza,3.7,3,700,149,0.3
3900158,"chinese, north indian",chinese,3.2,3,650,60,0.3
3900007,beverages,beverages,3.7,2,300,96,0.3
3900232,south indian,south indian,3.6,2,300,125,0.3
3900250,north indian,north indian,3.7,2,450,68,0.3
3900245,street food,street food,3.8,1,50,78,0.3
3900004,south indian,south indian,3.5,2,450,48,0.3
3900032,street food,street food,4.1,1,150,158,0.3
3900058,north indian,north indian,3.3,3,800,96,0.3
3900070,"north indian, cafe",north indian,3.4,2,400,85,0.3
3900057,chinese,chinese,3.5,3,600,172,0.3
3900067,"north indian, fast food",north indian,3.4,2,350,96,0.3
3900050,"north indian, mughlai",north indian,3.6,3,600,63,0.3
3900009,"cafe, north indian, continental",cafe,3.3,3,600,34,0.3
3900010,"north indian, mughlai",north indian,3.3,4,1100,67,0.3
3900055,"japanese, american, north indian, fast food",japanese,3.5,4,1000,83,0.3
18346996,"cafe, north indian, chinese",cafe,3.2,3,500,26,0.3
18246202,"chinese, north indian",chinese,3.5,1,50,109,0.3
3900238,"chinese, north indian",chinese,3.5,3,700,57,0.3
2800013,"pizza, fast food",pizza,4.6,2,600,289,0.3
2800012,"pizza, fast food",pizza,4.3,2,600,230,0.3
2800294,"south indian, north indian",south indian,4.2,1,300,270,0.3
2800903,"chinese, thai, burmese, vietnamese, tibetan, japanese",chinese,4.4,3,1300,73,0.3
2800052,"continental, north indian",continental,4.1,4,1700,125,0.3
2800095,"north indian, biryani",north indian,3.7,1,300,240,0.3
2800856,"north indian, chinese, mediterranean",north indian,4.9,4,1600,345,0.3
2800911,"cafe, fast food, american",cafe,3.8,3,1000,27,0.3
2800757,fast food,fast food,3.8,2,450,175,0.3
2800096,"andhra, north indian, chinese, seafood, biryani",andhra,3.6,2,600,154,0.3
2800083,"andhra, north indian, chinese",andhra,3.5,2,600,124,0.3
18306045,"mughlai, chinese, cafe, bbq, cajun",mughlai,3.6,2,500,84,0.3
2800897,fast food,fast food,3.7,2,500,57,0.3
18285610,"south indian, chinese, continental, italian, north indian",south indian,4.1,2,600,75,0.3
2800128,"biryani, andhra",biryani,4.0,2,450,169,0.3
2800100,"continental, seafood, chinese, north indian, biryani",continental,3.6,2,600,193,0.3
2800418,"cafe, north indian, chinese",cafe,3.7,2,400,85,0.3
2800881,"burger, pizza, biryani",burger,4.3,2,600,172,0.3
2800042,"american, north indian, thai, continental",american,3.8,4,1500,74,0.3
2800019,italian,italian,4.4,3,1400,316,0.3
18400530,"cafe, coffee and tea, western",cafe,4.2,3,10000,22,0.3
7423620,"cafe, desserts, beverages",cafe,3.7,2,10000,783,0.3
7423482,"peranakan, indonesian",peranakan,4.0,3,10000,1159,0.3
7422633,"sunda, indonesian",sunda,4.9,3,10000,1662,0.3
7405789,"cafe, italian, coffee and tea, western, indonesian",cafe,4.6,3,10000,1476,0.3
18425821,korean,korean,3.9,3,10000,137,0.3
7422751,"desserts, bakery, western",desserts,4.6,3,10000,903,0.3
7402935,"italian, continental",italian,4.1,3,10000,1498,0.3
7410290,"asian, indonesian, western",asian,4.6,3,10000,873,0.3
18391256,"western, asian, cafe",western,4.2,3,10000,259,0.3
7400818,"japanese, sushi, ramen",japanese,4.4,3,10000,841,0.3
7420899,"sushi, japanese",sushi,4.9,3,10000,605,0.3
18352452,"cafe, western",cafe,4.3,3,10000,458,0.3
7421967,japanese,japanese,4.2,3,10000,395,0.3
18370659,burger,burger,4.4,3,10000,410,0.3
7417455,"sunda, indonesian",sunda,4.9,3,10000,1640,0.3
18409146,"seafood, western",seafood,3.4,3,10000,152,0.3
18408381,"seafood, western",seafood,4.0,3,10000,331,0.3
7422489,"french, western",french,4.3,3,10000,243,0.3
18386856,indonesian,indonesian,3.7,3,10000,155,0.3
7417450,"sunda, indonesian",sunda,4.9,3,10000,2212,0.3
18251260,thai,thai,4.3,2,50,133,0.3
7000162,"ice cream, desserts",ice cream,4.7,1,50,617,0.3
7001086,desserts,desserts,4.9,3,50,754,0.3
7003855,american,american,4.1,3,65,431,0.3
7000095,"seafood, kiwi",seafood,4.8,4,90,598,0.3
7003663,"cafe, american",cafe,4.6,3,60,696,0.3
18217279,desserts,desserts,4.9,1,50,281,0.3
7005582,cafe,cafe,4.5,3,50,213,0.3
18419011,"asian fusion, cafe",asian fusion,4.2,4,90,61,0.3
7001208,european,european,2.3,4,100,402,0.3
7005979,"taiwanese, street food",taiwanese,4.4,3,50,223,0.3
7000992,chinese,chinese,4.3,2,50,212,0.3
7001660,"cafe, european",cafe,4.0,3,60,381,0.3
7006107,"kiwi, european",kiwi,4.2,4,90,271,0.3
18383350,"asian fusion, pub food, fusion, asian, filipino, malaysian, thai",asian fusion,3.5,4,70,86,0.3
18450836,cafe,cafe,4.0,3,50,31,0.3
7006871,"asian, sushi, seafood",asian,4.5,3,55,166,0.3
7006421,malaysian,malaysian,4.0,3,60,414,0.3
7001670,european,european,4.7,4,190,412,0.3
7003682,italian,italian,4.6,4,120,413,0.3
7100468,"cafe, kiwi",cafe,4.3,3,50,127,0.3
7101378,american,american,4.1,3,60,114,0.3
7101011,fast food,fast food,4.5,1,50,195,0.3
7100171,italian,italian,4.5,4,70,152,0.3
7101042,cafe,cafe,4.6,3,50,171,0.3
7101483,american,american,4.1,3,55,116,0.3
7100478,cafe,cafe,4.1,3,50,103,0.3
7100660,asian,asian,4.3,4,100,143,0.3
7100151,"cafe, kiwi, ice cream, desserts",cafe,4.0,3,50,94,0.3
7100502,"cafe, european, mexican",cafe,4.4,3,50,242,0.3
7100072,"vietnamese, fish and chips",vietnamese,4.3,2,50,96,0.3
7100811,"italian, cafe",italian,4.2,4,105,170,0.3
7100119,"french, kiwi",french,4.4,4,200,125,0.3
7100087,malaysian,malaysian,4.4,3,50,161,0.3
7101310,"european, cafe",european,4.2,4,80,113,0.3
7100535,cafe,cafe,4.3,2,50,157,0.3
7101000,"mediterranean, cafe, european",mediterranean,4.2,4,80,146,0.3
7100938,"japanese, asian",japanese,3.7,4,70,131,0.3
7101081,european,european,4.3,4,110,141,0.3
7100788,"seafood, kiwi",seafood,4.1,4,90,229,0.3
6900714,fast food,fast food,2.8,1,50,26,0.3
6900883,"cafe, british",cafe,3.7,1,50,13,0.3
6900374,"british, steak",british,4.0,3,60,133,0.3
6900224,thai,thai,3.9,2,50,22,0.3
6900160,"burger, american",burger,3.7,2,50,21,0.3
6900050,italian,italian,3.9,3,50,53,0.3
6900724,latin american,latin american,4.6,3,50,100,0.3
6901081,italian,italian,4.2,3,50,148,0.3
6900674,contemporary,contemporary,4.5,4,120,265,0.3
6901062,"british, cafe",british,3.8,2,50,38,0.3
6900669,"latin american, italian",latin american,4.0,3,50,40,0.3
6900811,turkish,turkish,3.6,2,50,9,0.3
6901051,british,british,4.2,2,50,55,0.3
6900388,indian,indian,4.1,4,80,213,0.3
18273002,"greek, mediterranean, middle eastern",greek,0.0,2,50,3,0.3
6901231,"indian, pakistani",indian,4.0,3,50,63,0.3
6901394,"ice cream, desserts, cafe",ice cream,3.1,1,50,11,0.3
6900843,"indian, south indian",indian,3.8,2,50,55,0.3
6900992,"pakistani, indian",pakistani,3.7,3,50,32,0.3
6900069,mexican,mexican,4.0,2,50,93,0.3
7600803,"cafe, bakery",cafe,3.9,3,50,63,0.3
7600217,italian,italian,4.5,3,50,329,0.3
7600902,"cafe, bakery, desserts",cafe,4.6,3,50,130,0.3
7601577,"scottish, cafe",scottish,4.7,3,50,163,0.3
7601241,"british, french",british,4.4,4,90,275,0.3
7602204,mexican,mexican,3.8,3,50,31,0.3
7601102,thai,thai,4.3,4,50,61,0.3
7600062,american,american,4.0,3,50,154,0.3
7602340,"burger, grill",burger,4.0,3,50,36,0.3
7601106,"indian, cafe",indian,3.8,2,50,73,0.3
7602219,"sushi, japanese, cantonese",sushi,3.8,2,50,32,0.3
7602224,"pizza, italian",pizza,3.7,3,50,27,0.3
7600471,cafe,cafe,3.9,3,50,81,0.3
7600118,american,american,3.5,3,50,31,0.3
7600097,"bakery, cafe",bakery,4.1,2,50,57,0.3
7600188,indian,indian,4.4,2,50,279,0.3
7600914,"british, scottish, seafood",british,4.1,4,100,200,0.3
7601024,"thai, asian",thai,4.1,2,50,84,0.3
7601177,"indian, street food",indian,4.0,2,50,76,0.3
7600921,"steak, scottish, british",steak,4.2,4,55,64,0.3
6118140,"indian, pakistani, curry",indian,4.7,4,80,214,0.3
6103683,italian,italian,4.5,3,50,571,0.3
6114338,steak,steak,4.9,2,50,309,0.3
6114829,british,british,4.9,3,55,706,0.3
6103922,"indian, cafe, curry",indian,4.5,3,55,305,0.3
6103902,"chinese, dim sum",chinese,4.7,4,90,1326,0.3
6103255,"japanese, sushi",japanese,4.6,3,60,436,0.3
6113680,french,french,4.7,4,230,320,0.3
6113857,"british, contemporary",british,4.5,4,100,148,0.3
6100054,"indian, curry",indian,4.1,2,50,316,0.3
6102615,"american, burger",american,4.5,3,50,313,0.3
6127163,"taiwanese, street food",taiwanese,4.9,2,50,161,0.3
6117406,"american, burger",american,3.8,2,50,400,0.3
6102866,"chinese, dim sum",chinese,4.8,4,120,395,0.3
6103868,"japanese, sushi",japanese,4.4,4,100,311,0.3
6104220,"indian, street food",indian,4.5,3,50,367,0.3
6117859,"american, burger",american,4.1,2,50,473,0.3
6103211,"indian, north indian, curry, cafe",indian,4.7,2,50,964,0.3
6101881,italian,italian,4.3,3,50,271,0.3
6113973,"ramen, japanese",ramen,4.6,3,50,418,0.3
6800280,"american, fast food, desserts, steak",american,3.3,2,50,14,0.3
6800443,"pizza, fast food",pizza,3.3,2,50,23,0.3
6801867,british,british,4.0,4,85,52,0.3
6800235,"steak, seafood, grill",steak,4.4,3,55,704,0.3
6801051,"pakistani, indian, afghani, curry",pakistani,3.9,2,50,150,0.3
6800577,italian,italian,3.9,3,50,88,0.3
6800569,thai,thai,4.3,4,70,422,0.3
6801374,"american, burger, grill",american,4.9,3,50,162,0.3
6801963,"burger, american",burger,4.0,3,50,86,0.3
6801329,"british, burger, cafe",british,4.1,2,50,82,0.3
6801395,"british, contemporary",british,4.1,3,50,98,0.3
6800538,"fast food, american",fast food,3.4,1,50,25,0.3
6800593,"indian, seafood",indian,3.6,3,50,101,0.3
6800908,"indian, curry",indian,4.5,2,50,110,0.3
6800678,"indian, grill",indian,3.7,2,50,48,0.3
6800892,"argentine, american",argentine,4.5,4,80,602,0.3
6800263,indian,indian,4.2,2,50,383,0.3
6801039,italian,italian,4.3,2,50,745,0.3
6801873,"european, mediterranean, contemporary",european,4.2,3,55,67,0.3
6800782,french,french,4.3,4,160,114,0.3
18426586,"indian, street food",indian,3.4,4,150,74,0.3
6201976,indian,indian,3.4,3,80,350,0.3
18107765,indian,indian,4.6,4,300,348,0.3
6201309,"kerala, indian, chinese, bakery",kerala,4.0,3,60,322,0.3
6201312,pakistani,pakistani,4.2,4,170,189,0.3
6200110,"north indian, chinese, turkish",north indian,3.8,3,100,263,0.3
6200383,"american, tex-mex",american,3.8,4,220,155,0.3
6202039,chinese,chinese,4.9,4,250,182,0.3
6201336,steak,steak,3.6,3,110,115,0.3
6202515,indian,indian,4.3,2,50,211,0.3
17957917,"seafood, american",seafood,4.0,4,150,180,0.3
6201431,international,international,3.7,4,500,58,0.3
18425995,"steak, american",steak,4.0,4,250,41,0.3
17957911,pakistani,pakistani,3.8,3,80,83,0.3
18295472,indian,indian,4.7,4,250,114,0.3
6201972,"european, arabian, japanese, bakery, desserts",european,3.9,4,200,197,0.3
6201130,international,international,4.4,4,550,67,0.3
18261203,thai,thai,4.3,4,445,73,0.3
6201360,italian,italian,4.5,4,400,145,0.3
18318801,indian,indian,3.9,4,160,109,0.3
18395463,"pizza, grill",pizza,3.7,3,294,22,0.3
18337845,"cafe, patisserie",cafe,4.1,4,300,88,0.3
6401732,"spanish, tapas",spanish,3.7,4,360,255,0.3
6401060,"cafe, bakery",cafe,4.2,2,180,266,0.3
6400421,cafe,cafe,4.4,2,150,514,0.3
6402177,"japanese, sushi, asian",japanese,3.9,3,250,239,0.3
6401198,"cafe, bakery, tea, vegetarian",cafe,4.0,3,200,185,0.3
6401054,mediterranean,mediterranean,4.5,4,350,356,0.3
6403291,"burger, american",burger,4.4,3,250,281,0.3
6403499,sushi,sushi,3.8,3,250,127,0.3
6400191,"seafood, asian, grill, sushi",seafood,3.8,4,500,619,0.3
6404082,"burger, fast food, grill",burger,3.6,3,250,131,0.3
6401485,"desserts, ice cream",desserts,4.5,2,110,328,0.3
6400621,"japanese, asian, seafood, sushi",japanese,4.0,4,535,110,0.3
6403544,"cafe, burger",cafe,4.8,3,230,319,0.3
6403452,"cafe, patisserie, bakery, desserts",cafe,4.4,2,125,157,0.3
6402163,"seafood, african, sushi",seafood,3.8,4,450,280,0.3
6401789,"cafe, mediterranean",cafe,4.1,4,320,374,0.3
6400235,"burger, american, grill",burger,4.1,3,270,298,0.3
6400217,"seafood, japanese, sushi",seafood,4.4,4,570,466,0.3
6501534,"european, contemporary",european,4.9,4,1540,441,0.3
18339373,tapas,tapas,4.9,4,700,194,0.3
6517396,"asian, sushi, tapas",asian,4.3,4,300,180,0.3
6502688,"european, pizza",european,4.1,4,350,1207,0.3
6515130,"burger, finger food, pizza",burger,4.0,4,350,861,0.3
6502341,"american, burger",american,4.1,4,350,1024,0.3
6516766,american,american,4.2,4,515,212,0.3
18370704,"continental, south african, beverages, desserts, seafood, grill, ice cream, international",continental,4.5,4,955,222,0.3
75027,african,african,4.7,4,450,373,0.3
18199767,"burger, steak, seafood",burger,4.1,4,360,84,0.3
75031,indian,indian,4.4,4,320,147,0.3
75728,"cafe, burger, tapas, south african, european, grill",cafe,3.9,4,390,150,0.3
18445944,"healthy food, seafood, beverages, belgian, contemporary, desserts, finger food, international",healthy food,4.2,4,500,20,0.3
18199742,mexican,mexican,4.3,4,300,116,0.3
18238595,"burger, american, beverages",burger,3.8,4,300,57,0.3
75609,"street food, burger, american, finger food, german",street food,4.4,3,200,301,0.3
18318846,"indian, asian, durban, international, desserts",indian,4.3,4,320,43,0.3
75380,continental,continental,4.4,4,600,84,0.3
18376948,"cafe, italian, pizza, european, bakery, deli",cafe,3.9,4,400,153,0.3
75104,"contemporary, sushi, grill, italian, steak",contemporary,3.4,3,200,111,0.3
75026,"cafe, grill",cafe,4.0,4,410,235,0.3
75576,"european, south african, steak",european,4.5,4,450,287,0.3
75764,"italian, mediterranean, sushi, desserts",italian,4.1,4,400,232,0.3
75132,"continental, seafood, burger, south african, finger food, grill",continental,4.0,3,250,158,0.3
18289339,"cafe, tapas, south african, beverages, healthy food, desserts, spanish",cafe,4.5,3,285,97,0.3
75683,"street food, continental, burger, grill",street food,3.9,3,250,135,0.3
18136493,"grill, burger",grill,4.1,3,250,258,0.3
75989,french,french,4.9,4,3210,85,0.3
6502134,cafe,cafe,4.3,3,200,618,0.3
18204217,"contemporary, italian",contemporary,4.8,4,450,542,0.3
6502852,"contemporary, burger, european",contemporary,4.0,3,250,504,0.3
6515339,"italian, pizza, beverages, desserts, grill, seafood",italian,4.4,4,400,499,0.3
6502883,mexican,mexican,4.2,3,250,581,0.3
6517568,italian,italian,4.1,4,400,251,0.3
6516831,"grill, steak, burger, sushi, tapas",grill,4.3,4,400,430,0.3
6501141,"european, south african",european,4.6,4,545,892,0.3
6516432,mexican,mexican,4.3,4,330,488,0.3
6517404,steak,steak,4.4,4,300,90,0.3
6515135,mediterranean,mediterranean,4.4,4,450,743,0.3
6502857,"italian, pizza",italian,3.8,4,360,390,0.3
5800557,chinese,chinese,3.4,3,2000,118,0.3
5800634,"north indian, chinese, sri lankan",north indian,2.4,2,1800,240,0.3
5800567,"italian, cafe, desserts",italian,3.7,3,2500,157,0.3
5800891,"cafe, italian",cafe,3.6,3,2000,83,0.3
5800590,"cafe, sri lankan, continental, american",cafe,4.0,3,2500,209,0.3
5800755,sri lankan,sri lankan,4.0,3,2500,114,0.3
5800515,"malaysian, north indian, sri lankan",malaysian,3.5,2,1500,80,0.3
5800746,"american, steak",american,4.0,4,4000,166,0.3
5800718,"juices, desserts",juices,4.5,2,1300,146,0.3
5800758,"cafe, fast food, beverages",cafe,3.8,3,3500,81,0.3
5800156,"american, chinese, north indian",american,2.5,3,2000,93,0.3
5801078,"middle eastern, arabian",middle eastern,4.2,3,2400,158,0.3
5801970,"desserts, bakery",desserts,4.2,2,1000,49,0.3
5800144,"desserts, ice cream",desserts,4.1,2,1000,122,0.3
5800316,"continental, american, seafood",continental,4.2,3,3000,171,0.3
5800710,"seafood, italian",seafood,4.0,4,4500,196,0.3
5800433,"american, fast food, steak, beverages",american,4.2,3,3000,286,0.3
5800176,seafood,seafood,4.9,4,4000,203,0.3
5801321,"continental, american",continental,4.1,3,2000,58,0.3
5800612,fast food,fast food,4.1,2,1000,199,0.3
6001980,cafe,cafe,4.2,3,70,134,0.3
6000168,kebab,kebab,4.6,3,70,124,0.3
6000447,"kebab, turkish pizza",kebab,4.2,3,100,212,0.3
6004408,"cafe, desserts",cafe,4.3,2,50,126,0.3
6003426,"patisserie, coffee and tea",patisserie,3.4,2,50,115,0.3
6000549,kebab,kebab,4.5,3,100,231,0.3
6000871,"kebab, izgara",kebab,4.4,3,60,296,0.3
6004011,world cuisine,world cuisine,4.9,3,80,95,0.3
6000409,"world cuisine, mexican, italian",world cuisine,4.4,4,150,115,0.3
6000019,steak,steak,4.1,4,400,97,0.3
6001537,"kebab, turkish pizza",kebab,4.3,3,60,106,0.3
6003668,cafe,cafe,4.2,3,70,79,0.3
6001748,"kebab, turkish pizza",kebab,4.6,2,50,109,0.3
6001757,"kebab, turkish pizza, dí_ner",kebab,4.4,2,50,72,0.3
6000747,cafe,cafe,3.8,3,80,123,0.3
6002025,"kebab, turkish pizza",kebab,4.2,3,100,103,0.3
6003879,turkish pizza,turkish pizza,4.3,2,50,103,0.3
6004089,"kebab, desserts, turkish pizza",kebab,4.4,3,70,131,0.3
6000921,"kebab, desserts, turkish pizza",kebab,4.2,3,70,152,0.3
6004813,pizza,pizza,4.7,2,50,104,0.3
5904116,desserts,desserts,4.7,2,50,1311,0.3
5901782,cafe,cafe,4.9,2,50,1042,0.3
5902117,"restaurant cafe, desserts",restaurant cafe,4.2,3,80,874,0.3
5927248,bar food,bar food,4.9,4,130,522,0.3
5905215,"restaurant cafe, turkish, desserts",restaurant cafe,4.2,3,75,877,0.3
5926979,restaurant cafe,restaurant cafe,3.7,3,80,506,0.3
5916085,cafe,cafe,4.5,2,50,761,0.3
5915547,"desserts, bí_rek",desserts,4.7,2,50,1305,0.3
5915054,"burger, izgara",burger,4.3,3,90,870,0.3
5915730,turkish,turkish,4.1,3,80,788,0.3
5908749,"world cuisine, patisserie, cafe",world cuisine,4.2,3,105,1034,0.3
5915807,"italian, world cuisine",italian,3.7,4,170,661,0.3
5916112,restaurant cafe,restaurant cafe,4.0,4,120,901,0.3
5927402,cafe,cafe,4.0,2,55,591,0.3
